offset_deg,orientation_azimuth_deg,candidate_pole_lat,candidate_pole_lon,predicted_elevation_m,target_elevation_m,residual_m,abs_residual_m
21.200000000000003,284.25,68.8,-75.74999999999999,180.00318053090103,180.0,0.0031805309010337623,0.0031805309010337623
1.1,330.25,88.90000000000026,-29.75,179.99477547152398,180.0,-0.005224528476020396,0.005224528476020396
44.400000000000006,53.25,45.6,53.25,180.0192399337952,180.0,0.01923993379520539,0.01923993379520539
2.3000000000000003,60.75,87.70000000000014,60.75,179.98043024290988,180.0,-0.01956975709012454,0.01956975709012454
1.2000000000000002,322.25,88.80000000000005,-37.75,180.02855574705157,180.0,0.028555747051569824,0.028555747051569824
1.6,305.75,88.39999999999996,-54.25,180.03085175447265,180.0,0.030851754472649873,0.030851754472649873
3.9000000000000004,70.25,86.1,70.25,180.04459419062812,180.0,0.04459419062811776,0.04459419062811776
38.800000000000004,58.0,51.2,58.0,180.05168160668205,180.0,0.05168160668205246,0.05168160668205246
1.7000000000000002,51.25,88.29999999999993,51.25,180.0540837896225,180.0,0.054083789622495715,0.054083789622495715
1.0,9.5,89.0000000000001,9.5,179.944084747221,180.0,-0.05591525277898768,0.05591525277898768
19.5,71.25,70.5,71.25,179.94255141256144,180.0,-0.0574485874385573,0.0574485874385573
1.9000000000000001,55.25,88.1000000000001,55.25,179.94094260529238,180.0,-0.05905739470762228,0.05905739470762228
2.4000000000000004,292.75,87.60000000000005,-67.25,180.06116961247153,180.0,0.061169612471530854,0.061169612471530854
22.1,69.75,67.9,69.75,179.91449425674233,180.0,-0.08550574325767002,0.08550574325767002
1.3,38.0,88.70000000000007,38.0,179.91439185795588,180.0,-0.08560814204412281,0.08560814204412281
5.0,72.75,85.0,72.75,179.91090987484358,180.0,-0.08909012515641734,0.08909012515641734
11.5,74.75,78.5,74.75,180.08933407003147,180.0,0.08933407003146954,0.08933407003146954
13.8,74.0,76.2,74.0,180.0907165112895,180.0,0.09071651128948588,0.09071651128948588
10.0,279.5,80.00000000000003,-80.49999999999999,180.0944920879518,180.0,0.09449208795180652,0.09449208795180652
6.4,280.25,83.60000000000001,-79.74999999999999,180.10185330536765,180.0,0.10185330536765491,0.10185330536765491
28.3,288.75,61.7,-71.25000000000001,179.89663344490182,180.0,-0.1033665550981766,0.1033665550981766
8.3,279.5,81.70000000000002,-80.49999999999999,179.89535231183984,180.0,-0.10464768816015635,0.10464768816015635
2.5,62.75,87.50000000000006,62.75,179.8861057945982,180.0,-0.11389420540180595,0.11389420540180595
6.800000000000001,280.0,83.19999999999999,-80.00000000000003,180.12323064532555,180.0,0.12323064532554895,0.12323064532554895
2.9000000000000004,288.75,87.10000000000007,-71.25000000000001,179.87522097502463,180.0,-0.12477902497536775,0.12477902497536775
11.4,279.75,78.60000000000001,-80.25000000000001,179.87435570726163,180.0,-0.12564429273837163,0.12564429273837163
5.800000000000001,280.75,84.20000000000002,-79.25000000000001,179.8714246882923,180.0,-0.1285753117076922,0.1285753117076922
15.5,281.25,74.50000000000003,-78.75,180.1288042852728,180.0,0.12880428527279264,0.12880428527279264
12.3,280.0,77.7,-80.00000000000003,179.86606984231878,180.0,-0.1339301576812204,0.1339301576812204
29.8,64.75,60.20000000000001,64.75,179.86571832435183,180.0,-0.13428167564816818,0.13428167564816818
4.6000000000000005,282.5,85.40000000000006,-77.50000000000003,179.86317964096122,180.0,-0.13682035903877932,0.13682035903877932
27.6,66.25,62.4,66.25,180.1422694684448,180.0,0.1422694684447947,0.1422694684447947
12.4,74.5,77.60000000000001,74.5,179.85338302763043,180.0,-0.14661697236957139,0.14661697236957139
2.1,296.25,87.90000000000015,-63.750000000000014,180.15229672375366,180.0,0.15229672375366476,0.15229672375366476
8.1,75.0,81.90000000000003,75.0,179.84147371803581,180.0,-0.1585262819641855,0.1585262819641855
10.3,75.0,79.70000000000002,75.0,179.83491238474247,180.0,-0.16508761525753357,0.16508761525753357
1.4000000000000001,312.25,88.60000000000021,-47.75,180.19867812846647,180.0,0.1986781284664687,0.1986781284664687
34.300000000000004,61.5,55.7,61.5,179.79890123385533,180.0,-0.2010987661446677,0.2010987661446677
43.800000000000004,300.75,46.2,-59.25,180.24292992225367,180.0,0.2429299222536656,0.2429299222536656
8.4,279.5,81.60000000000001,-80.49999999999999,180.25493788674717,180.0,0.25493788674717166,0.25493788674717166
16.1,73.0,73.89999999999999,73.0,180.26791988745526,180.0,0.26791988745526396,0.26791988745526396
26.8,287.75,63.2,-72.25,180.27289355988952,180.0,0.2728935598895248,0.2728935598895248
7.300000000000001,279.75,82.70000000000002,-80.25000000000001,179.72670967630344,180.0,-0.2732903236965569,0.2732903236965569
5.2,281.5,84.79999999999998,-78.50000000000001,180.2772421260448,180.0,0.27724212604479703,0.27724212604479703
18.1,72.0,71.89999999999999,72.0,180.27863699307832,180.0,0.27863699307832235,0.27863699307832235
10.100000000000001,279.5,79.89999999999999,-80.49999999999999,179.71485701996326,180.0,-0.28514298003673844,0.28514298003673844
25.700000000000003,67.5,64.3,67.5,180.29094390597734,180.0,0.2909439059773433,0.2909439059773433
15.0,73.5,75.0,73.5,180.29130509616576,180.0,0.2913050961657575,0.2913050961657575
10.200000000000001,75.0,79.80000000000003,75.0,180.29181054890654,180.0,0.2918105489065397,0.2918105489065397
8.200000000000001,75.0,81.80000000000001,75.0,180.29777565176718,180.0,0.2977756517671821,0.2977756517671821
19.900000000000002,283.5,70.1,-76.49999999999999,179.69787749340483,180.0,-0.30212250659516826,0.30212250659516826
35.9,294.25,54.10000000000001,-65.75,180.30345852366892,180.0,0.30345852366892245,0.30345852366892245
4.0,284.0,86.00000000000006,-76.00000000000001,180.30931928522787,180.0,0.3093192852278719,0.3093192852278719
42.400000000000006,55.0,47.59999999999999,55.0,180.3127267568776,180.0,0.3127267568775949,0.3127267568775949
1.5,308.75,88.50000000000021,-51.25000000000003,180.3131233255637,180.0,0.3131233255637085,0.3131233255637085
3.2,67.5,86.80000000000004,67.5,179.68176128073898,180.0,-0.3182387192610179,0.3182387192610179
3.6,69.25,86.39999999999999,69.25,179.67250874295692,180.0,-0.3274912570430786,0.3274912570430786
32.6,62.75,57.400000000000006,62.75,180.34865574379577,180.0,0.34865574379577424,0.34865574379577424
32.9,292.0,57.099999999999994,-68.0,180.35483342479796,180.0,0.35483342479795965,0.35483342479795965
2.2,295.0,87.79999999999993,-64.99999999999999,180.39179094624646,180.0,0.39179094624645927,0.39179094624645927
29.400000000000002,289.5,60.599999999999994,-70.5,179.58649314970597,180.0,-0.4135068502940271,0.4135068502940271
19.0,283.0,71.00000000000001,-77.0,179.57895380768608,180.0,-0.4210461923139235,0.4210461923139235
6.1000000000000005,280.5,83.90000000000002,-79.5,180.42237379255388,180.0,0.4223737925538842,0.4223737925538842
13.700000000000001,280.5,76.3,-79.5,180.4253686457197,180.0,0.42536864571968636,0.42536864571968636
9.9,279.5,80.10000000000002,-80.49999999999999,180.430655163607,180.0,0.43065516360701395,0.43065516360701395
6.7,74.5,83.30000000000004,74.5,179.5671526881588,180.0,-0.4328473118411864,0.4328473118411864
4.5,282.75,85.5,-77.24999999999999,180.4492928646563,180.0,0.44929286465628593,0.44929286465628593
20.400000000000002,70.75,69.60000000000001,70.75,179.54988258647785,180.0,-0.4501174135221504,0.4501174135221504
3.3000000000000003,68.0,86.69999999999997,68.0,179.53128750978732,180.0,-0.46871249021268113,0.46871249021268113
4.7,72.25,85.3,72.25,179.52930467475036,180.0,-0.4706953252496362,0.4706953252496362
26.1,67.25,63.900000000000006,67.25,179.52512776655738,180.0,-0.47487223344262475,0.47487223344262475
2.0,297.75,88.00000000000006,-62.25,180.47503326612224,180.0,0.47503326612223873,0.47503326612223873
7.2,74.75,82.80000000000003,74.75,179.51679042494428,180.0,-0.48320957505572437,0.48320957505572437
13.100000000000001,74.25,76.90000000000002,74.25,180.4991120273497,180.0,0.49911202734969606,0.49911202734969606
5.6000000000000005,281.0,84.4,-78.99999999999999,180.50165103537174,180.0,0.5016510353717365,0.5016510353717365
2.6,291.0,87.40000000000008,-69.0,180.5030644322715,180.0,0.5030644322714863,0.5030644322714863
3.5,285.75,86.50000000000006,-74.25000000000003,180.50809984808015,180.0,0.5080998480801497,0.5080998480801497
14.4,73.75,75.6,73.75,180.51733613971132,180.0,0.5173361397113183,0.5173361397113183
1.8,301.25,88.20000000000009,-58.75000000000003,180.52592448558624,180.0,0.5259244855862448,0.5259244855862448
3.1,67.0,86.89999999999999,67.0,179.4658237414586,180.0,-0.5341762585414074,0.5341762585414074
40.6,298.0,49.40000000000001,-62.00000000000003,179.45640803280872,180.0,-0.5435919671912757,0.5435919671912757
24.1,286.0,65.89999999999999,-73.99999999999999,179.44773648665634,180.0,-0.5522635133436609,0.5522635133436609
22.5,69.5,67.5,69.5,180.5620441588599,180.0,0.5620441588598908,0.5620441588598908
8.5,279.5,81.5,-80.49999999999999,180.57104951434312,180.0,0.571049514343116,0.571049514343116
23.700000000000003,285.75,66.30000000000001,-74.25000000000003,179.42643226141053,180.0,-0.5735677385894746,0.5735677385894746
40.900000000000006,298.25,49.1,-61.749999999999986,179.41590312951283,180.0,-0.5840968704871727,0.5840968704871727
15.600000000000001,73.25,74.39999999999999,73.25,179.40845826673302,180.0,-0.591541733266979,0.591541733266979
18.6,71.75,71.4,71.75,179.40659351272703,180.0,-0.5934064872729721,0.5934064872729721
28.700000000000003,65.5,61.300000000000004,65.5,180.5992744627145,180.0,0.5992744627145044,0.5992744627145044
7.4,279.75,82.60000000000004,-80.25000000000001,180.6002960666715,180.0,0.6002960666714898,0.6002960666714898
2.8000000000000003,289.5,87.20000000000006,-70.5,180.61499350203857,180.0,0.6149935020385726,0.6149935020385726
42.7,54.75,47.300000000000004,54.75,179.3809894778371,180.0,-0.6190105221629096,0.6190105221629096
5.4,281.25,84.6,-78.75,180.63682162658046,180.0,0.6368216265804563,0.6368216265804563
40.300000000000004,297.75,49.7,-62.25,179.3579531957197,180.0,-0.6420468042803122,0.6420468042803122
8.0,75.0,82.00000000000003,75.0,179.34170836953055,180.0,-0.6582916304694493,0.6582916304694493
3.7,285.0,86.30000000000004,-75.00000000000003,180.66004980329365,180.0,0.6600498032936457,0.6600498032936457
10.4,75.0,79.60000000000001,75.0,179.33455088574846,180.0,-0.665449114251544,0.665449114251544
6.0,74.0,84.00000000000004,74.0,179.333859776897,180.0,-0.6661402231030138,0.6661402231030138
13.0,280.25,77.0,-79.74999999999999,180.67245995354597,180.0,0.6724599535459674,0.6724599535459674
17.1,282.0,72.89999999999999,-78.0,179.32256112241564,180.0,-0.6774388775843647,0.6774388775843647
24.5,286.25,65.50000000000001,-73.75,179.31237682728863,180.0,-0.6876231727113691,0.6876231727113691
37.2,295.25,52.80000000000001,-64.75,179.31074150741122,180.0,-0.6892584925887775,0.6892584925887775
35.300000000000004,60.75,54.699999999999996,60.75,179.3073304531846,180.0,-0.6926695468154094,0.6926695468154094
37.5,295.5,52.50000000000001,-64.50000000000001,180.6982363190076,180.0,0.6982363190076057,0.6982363190076057
18.5,282.75,71.5,-77.24999999999999,180.70925468956145,180.0,0.7092546895614475,0.7092546895614475
30.1,290.0,59.9,-69.99999999999999,180.71628980715693,180.0,0.7162898071569259,0.7162898071569259
36.6,59.75,53.400000000000006,59.75,179.2829820310895,180.0,-0.7170179689105112,0.7170179689105112
9.8,279.5,80.2,-80.49999999999999,180.72334215089282,180.0,0.7233421508928188,0.7233421508928188
30.5,64.25,59.500000000000014,64.25,180.72776682896242,180.0,0.727766828962416,0.727766828962416
11.3,279.75,78.7,-80.25000000000001,180.74075126482515,180.0,0.7407512648251497,0.7407512648251497
4.1000000000000005,283.75,85.9,-76.25,180.7460334368426,180.0,0.7460334368425947,0.7460334368425947
6.300000000000001,74.25,83.7,74.25,179.25291564889235,180.0,-0.7470843511076453,0.7470843511076453
4.9,282.0,85.10000000000005,-78.0,180.74779559862054,180.0,0.7477955986205416,0.7477955986205416
23.3,285.5,66.70000000000002,-74.50000000000001,179.25181264093882,180.0,-0.748187359061177,0.748187359061177
41.2,298.5,48.80000000000001,-61.5,179.23325215700646,180.0,-0.7667478429935386,0.7667478429935386
34.6,293.25,55.4,-66.74999999999999,179.21895752282768,180.0,-0.7810424771723206,0.7810424771723206
16.6,72.75,73.4,72.75,180.7882276311823,180.0,0.7882276311823091,0.7882276311823091
17.6,72.25,72.40000000000002,72.25,180.79717496657867,180.0,0.797174966578666,0.797174966578666
3.8000000000000003,70.0,86.19999999999997,70.0,179.19021962997994,180.0,-0.8097803700200643,0.8097803700200643
39.1,57.75,50.9,57.75,180.81014874192712,180.0,0.8101487419271223,0.8101487419271223
2.7,290.25,87.30000000000005,-69.75,180.82341725865948,180.0,0.8234172586594752,0.8234172586594752
38.5,58.25,51.5,58.25,179.1730237956932,180.0,-0.8269762043067885,0.8269762043067885
4.4,283.0,85.60000000000001,-77.0,180.83044512473344,180.0,0.8304451247334441,0.8304451247334441
20.8,70.5,69.20000000000002,70.5,180.8412195934207,180.0,0.8412195934207034,0.8412195934207034
8.6,279.5,81.40000000000002,-80.49999999999999,180.84368334290411,180.0,0.8436833429041144,0.8436833429041144
11.600000000000001,74.75,78.39999999999999,74.75,179.14567291782967,180.0,-0.8543270821703288,0.8543270821703288
33.300000000000004,62.25,56.7,62.25,179.14359568618454,180.0,-0.8564043138154602,0.8564043138154602
21.700000000000003,70.0,68.3,70.0,179.12645620956204,180.0,-0.8735437904379637,0.8735437904379637
40.0,297.5,50.00000000000001,-62.5,179.1237224291944,180.0,-0.8762775708055983,0.8762775708055983
14.9,281.0,75.10000000000002,-78.99999999999999,180.8825233548843,180.0,0.882523354884313,0.882523354884313
25.3,67.75,64.7,67.75,180.88612159690388,180.0,0.8861215969038767,0.8861215969038767
36.9,59.5,53.1,59.5,180.88996938500856,180.0,0.8899693850085555,0.8899693850085555
3.0,288.25,87.00000000000009,-71.75000000000003,180.89425830579242,180.0,0.8942583057924196,0.8942583057924196
27.200000000000003,288.0,62.8,-72.00000000000001,179.04998593140797,180.0,-0.9500140685920258,0.9500140685920258
9.700000000000001,279.5,80.30000000000003,-80.49999999999999,180.9725494835054,180.0,0.9725494835053894,0.9725494835053894
4.2,283.5,85.8,-76.49999999999999,180.97860963812352,180.0,0.9786096381235154,0.9786096381235154
14.3,280.75,75.70000000000002,-79.25000000000001,180.9799859709652,180.0,0.9799859709652026,0.9799859709652026
24.900000000000002,286.5,65.10000000000001,-73.50000000000001,179.01697557231444,180.0,-0.9830244276855638,0.9830244276855638
13.200000000000001,74.25,76.80000000000001,74.25,179.0156424502979,180.0,-0.9843575497021106,0.9843575497021106
3.4000000000000004,68.5,86.60000000000005,68.5,179.01339783950178,180.0,-0.9866021604982222,0.9866021604982222
31.900000000000002,63.25,58.10000000000001,63.25,180.9961867606904,180.0,0.9961867606903922,0.9961867606903922
21.6,284.5,68.4,-75.5,180.99660858378707,180.0,0.9966085837870651,0.9966085837870651
4.3,283.25,85.70000000000007,-76.75000000000003,181.00681812809404,180.0,1.0068181280940394,1.0068181280940394
5.5,73.5,84.50000000000004,73.5,178.9874813871417,180.0,-1.0125186128582868,1.0125186128582868
12.200000000000001,280.0,77.80000000000001,-80.00000000000003,181.04566948262712,180.0,1.045669482627119,1.045669482627119
5.300000000000001,73.25,84.7,73.25,178.93655166770995,180.0,-1.0634483322900508,1.0634483322900508
22.900000000000002,69.25,67.10000000000001,69.25,181.06587885172954,180.0,1.0658788517295363,1.0658788517295363
8.700000000000001,279.5,81.30000000000003,-80.49999999999999,181.07283605047564,180.0,1.0728360504756438,1.0728360504756438
16.0,281.5,74.0,-78.50000000000001,181.08399518934493,180.0,1.0839951893449324,1.0839951893449324
42.1,55.25,47.900000000000006,55.25,181.0860782852648,180.0,1.08607828526479,1.08607828526479
33.6,292.5,56.40000000000001,-67.49999999999999,178.90900507639086,180.0,-1.090994923609145,1.090994923609145
41.5,298.75,48.49999999999999,-61.25000000000003,178.90526696186248,180.0,-1.0947330381375195,1.0947330381375195
31.200000000000003,63.75,58.8,63.75,181.11352747787134,180.0,1.1135274778713438,1.1135274778713438
9.600000000000001,279.5,80.40000000000002,-80.49999999999999,181.17827412493793,180.0,1.1782741249379285,1.1782741249379285
20.3,283.75,69.70000000000002,-76.25,181.18334802739423,180.0,1.1833480273942314,1.1833480273942314
7.9,75.0,82.10000000000004,75.0,178.7984856957311,180.0,-1.2015143042688976,1.2015143042688976
10.5,75.0,79.50000000000001,75.0,178.79073214866935,180.0,-1.209267851330651,1.209267851330651
32.2,291.5,57.800000000000004,-68.50000000000003,181.2311562440936,180.0,1.2311562440935973,1.2311562440935973
39.7,297.25,50.300000000000004,-62.75000000000003,178.7568963422741,180.0,-1.2431036577258965,1.2431036577258965
8.8,279.5,81.19999999999999,-80.49999999999999,181.25850484490246,180.0,1.2585048449024612,1.2585048449024612
6.9,280.0,83.10000000000001,-80.00000000000003,181.2935061766632,180.0,1.2935061766631861,1.2935061766631861
26.400000000000002,287.5,63.600000000000016,-72.49999999999999,181.31519001403973,180.0,1.3151900140397288,1.3151900140397288
9.5,279.5,80.50000000000001,-80.49999999999999,181.34051356849278,180.0,1.3405135684927814,1.3405135684927814
35.6,60.5,54.400000000000006,60.5,181.35940103596548,180.0,1.359401035965476,1.359401035965476
14.5,73.75,75.5,73.75,178.62331919934627,180.0,-1.3766808006537303,1.3766808006537303
30.8,290.5,59.20000000000001,-69.50000000000001,181.38481351284952,180.0,1.3848135128495187,1.3848135128495187
8.9,279.5,81.10000000000005,-80.49999999999999,181.40068746387038,180.0,1.4006874638703835,1.4006874638703835
12.5,74.5,77.5,74.5,178.59653921078177,180.0,-1.4034607892182294,1.4034607892182294
19.400000000000002,283.25,70.6,-76.75000000000003,181.40955702709138,180.0,1.409557027091381,1.409557027091381
26.5,67.0,63.50000000000001,67.0,178.58518386320165,180.0,-1.4148161367983505,1.4148161367983505
28.0,66.0,62.000000000000014,66.0,178.57621415825707,180.0,-1.4237858417429266,1.4237858417429266
7.5,279.75,82.5,-80.25000000000001,181.4304492454346,180.0,1.4304492454346018,1.4304492454346018
39.400000000000006,57.5,50.599999999999994,57.5,181.44526204706534,180.0,1.4452620470653414,1.4452620470653414
29.1,65.25,60.900000000000006,65.25,178.55389533942622,180.0,-1.4461046605737806,1.4461046605737806
7.1000000000000005,74.75,82.90000000000003,74.75,178.54655289326183,180.0,-1.4534471067381673,1.4534471067381673
44.1,301.0,45.9,-59.0,178.5436972304062,180.0,-1.4563027695938047,1.4563027695938047
5.7,73.75,84.30000000000004,73.75,178.54348086047622,180.0,-1.4565191395237775,1.4565191395237775
4.800000000000001,72.5,85.20000000000002,72.5,178.5430065832978,180.0,-1.456993416702204,1.456993416702204
9.4,279.5,80.60000000000002,-80.49999999999999,181.45926583733896,180.0,1.459265837338961,1.459265837338961
33.9,292.75,56.10000000000001,-67.25,181.48027248312204,180.0,1.480272483122036,1.480272483122036
18.0,282.5,72.00000000000001,-77.50000000000003,181.48292271244003,180.0,1.482922712440029,1.482922712440029
34.9,293.5,55.100000000000016,-66.5,181.49331198979468,180.0,1.4933119897946767,1.4933119897946767
9.0,279.5,81.00000000000003,-80.49999999999999,181.49938217493056,180.0,1.4993821749305596,1.4993821749305596
6.5,280.25,83.49999999999999,-79.74999999999999,181.52531110767168,180.0,1.5253111076716834,1.5253111076716834
9.3,279.5,80.70000000000003,-80.49999999999999,181.53452948451442,180.0,1.5345294845144224,1.5345294845144224
9.1,279.5,80.90000000000003,-80.49999999999999,181.5545877755117,180.0,1.554587775511692,1.554587775511692
11.200000000000001,279.75,78.8,-80.25000000000001,181.56371189937937,180.0,1.5637118993793706,1.5637118993793706
31.5,291.0,58.500000000000014,-69.0,181.56541521417623,180.0,1.5654152141762268,1.5654152141762268
9.200000000000001,279.5,80.8,-80.49999999999999,181.56630359295923,180.0,1.5663035929592297,1.5663035929592297
41.800000000000004,299.0,48.19999999999999,-60.999999999999986,178.42875826839523,180.0,-1.571241731604772,1.571241731604772
27.900000000000002,288.5,62.1,-71.49999999999999,181.57678420845846,180.0,1.576784208458463,1.576784208458463
5.1000000000000005,73.0,84.90000000000005,73.0,178.39102360892755,180.0,-1.6089763910724457,1.6089763910724457
13.9,74.0,76.10000000000001,74.0,178.3804306263319,180.0,-1.6195693736680994,1.6195693736680994
6.6000000000000005,74.5,83.40000000000002,74.5,178.3003006200099,180.0,-1.6996993799901077,1.6996993799901077
16.5,281.75,73.50000000000001,-78.25000000000003,181.70056131047417,180.0,1.7005613104741713,1.7005613104741713
43.0,54.5,47.0,54.5,178.28767820086222,180.0,-1.7123217991377828,1.7123217991377828
5.9,280.75,84.10000000000002,-79.25000000000001,181.71417398050727,180.0,1.7141739805072689,1.7141739805072689
17.2,72.5,72.80000000000001,72.5,178.27947295003642,180.0,-1.7205270499635787,1.7205270499635787
29.0,289.25,61.00000000000001,-70.74999999999999,181.75492243537383,180.0,1.7549224353738282,1.7549224353738282
16.7,72.75,73.30000000000001,72.75,178.24353410633242,180.0,-1.7564658936675812,1.7564658936675812
43.5,300.5,46.50000000000001,-59.50000000000004,181.76841041359793,180.0,1.768410413597934,1.768410413597934
15.100000000000001,73.5,74.9,73.5,178.21335470153787,180.0,-1.7866452984621333,1.7866452984621333
7.800000000000001,75.0,82.20000000000005,75.0,178.21181231563443,180.0,-1.7881876843655675,1.7881876843655675
10.600000000000001,75.0,79.4,75.0,178.20346279977107,180.0,-1.7965372002289257,1.7965372002289257
21.3,70.25,68.70000000000002,70.25,178.20112331962144,180.0,-1.7988766803785552,1.7988766803785552
19.1,71.5,70.9,71.5,178.17738939400573,180.0,-1.8226106059942708,1.8226106059942708
38.2,58.5,51.8,58.5,178.17733200272835,180.0,-1.822667997271651,1.822667997271651
11.700000000000001,74.75,78.29999999999998,74.75,178.15860187775823,180.0,-1.8413981222417704,1.8413981222417704
22.0,284.75,68.0,-75.25000000000001,181.85327789597406,180.0,1.8532778959740597,1.8532778959740597
20.0,71.0,70.00000000000001,71.0,178.13090804199038,180.0,-1.8690919580096192,1.8690919580096192
17.5,282.25,72.5,-77.75000000000001,181.90361394510268,180.0,1.903613945102677,1.903613945102677
17.0,282.0,72.99999999999999,-78.0,181.97495901760809,180.0,1.9749590176080858,1.9749590176080858
37.800000000000004,295.75,52.2,-64.24999999999999,181.97871557091116,180.0,1.978715570911163,1.978715570911163
44.7,53.0,45.3,53.0,177.9704344866091,180.0,-2.0295655133909065,2.0295655133909065
17.7,72.25,72.30000000000001,72.25,177.96891646783996,180.0,-2.0310835321600393,2.0310835321600393
6.2,280.5,83.8,-79.5,182.0555456843943,180.0,2.0555456843943034,2.0555456843943034
13.600000000000001,280.5,76.40000000000002,-79.5,182.05846217031464,180.0,2.058462170314641,2.058462170314641
12.9,280.25,77.1,-79.74999999999999,182.07869975102676,180.0,2.078699751026761,2.078699751026761
31.6,63.5,58.400000000000006,63.5,177.89893234956878,180.0,-2.1010676504312187,2.1010676504312187
16.2,73.0,73.8,73.0,177.8646649734559,180.0,-2.1353350265441122,2.1353350265441122
30.900000000000002,64.0,59.1,64.0,177.84939361534947,180.0,-2.15060638465053,2.15060638465053
36.2,294.5,53.8,-65.50000000000001,182.16039321727771,180.0,2.160393217277715,2.160393217277715
26.0,287.25,64.00000000000001,-72.75000000000001,182.1804108801358,180.0,2.1804108801358097,2.1804108801358097
12.100000000000001,280.0,77.90000000000002,-80.00000000000003,182.18187627863614,180.0,2.181876278636139,2.181876278636139
7.6000000000000005,279.75,82.40000000000003,-80.25000000000001,182.21715909744273,180.0,2.2171590974427318,2.2171590974427318
44.900000000000006,301.75,45.10000000000001,-58.25,182.23346363452185,180.0,2.233463634521854,2.233463634521854
15.4,281.25,74.60000000000001,-78.75,182.31379103093371,180.0,2.3137910309337144,2.3137910309337144
11.100000000000001,279.75,78.90000000000003,-80.25000000000001,182.3432275834145,180.0,2.343227583414489,2.343227583414489
7.7,75.0,82.30000000000001,75.0,177.58169537767066,180.0,-2.4183046223293445,2.4183046223293445
7.0,280.0,83.00000000000003,-80.00000000000003,182.4203858438903,180.0,2.420385843890301,2.420385843890301
36.300000000000004,60.0,53.7,60.0,177.57806757236216,180.0,-2.4219324276378416,2.4219324276378416
10.700000000000001,75.0,79.3,75.0,177.57274999473904,180.0,-2.4272500052609587,2.4272500052609587
13.3,74.25,76.70000000000002,74.25,177.4888572133172,180.0,-2.5111427866827967,2.5111427866827967
26.900000000000002,66.75,63.10000000000001,66.75,177.46759874008822,180.0,-2.5324012599117793,2.5324012599117793
20.700000000000003,284.0,69.29999999999998,-76.00000000000001,182.54170618473765,180.0,2.5417061847376488,2.5417061847376488
32.300000000000004,63.0,57.699999999999996,63.0,177.43125443921204,180.0,-2.56874556078796,2.56874556078796
22.400000000000002,285.0,67.60000000000001,-75.00000000000003,182.56999882871716,180.0,2.5699988287171607,2.5699988287171607
34.0,61.75,56.00000000000001,61.75,177.35344456100543,180.0,-2.646555438994568,2.646555438994568
30.200000000000003,64.5,59.8,64.5,177.30958279101128,180.0,-2.6904172089887197,2.6904172089887197
18.2,72.0,71.79999999999998,72.0,177.30827123585502,180.0,-2.691728764144983,2.691728764144983
12.600000000000001,74.5,77.4,74.5,177.29633809570223,180.0,-2.7036619042977748,2.7036619042977748
18.900000000000002,283.0,71.10000000000002,-77.0,182.75740270923035,180.0,2.757402709230348,2.757402709230348
14.200000000000001,280.75,75.80000000000003,-79.25000000000001,182.79683640450406,180.0,2.796836404504063,2.796836404504063
23.8,68.75,66.19999999999999,68.75,177.17366260299417,180.0,-2.8263373970058296,2.8263373970058296
35.0,61.0,55.000000000000014,61.0,177.1699951194189,180.0,-2.8300048805811002,2.8300048805811002
15.700000000000001,73.25,74.30000000000001,73.25,177.1464004680715,180.0,-2.853599531928495,2.853599531928495
20.900000000000002,70.5,69.10000000000001,70.5,177.14165427713257,180.0,-2.8583457228674263,2.8583457228674263
11.8,74.75,78.20000000000003,74.75,177.12813297696718,180.0,-2.87186702303282,2.87186702303282
25.6,287.0,64.4,-73.0,182.872068430039,180.0,2.8720684300390076,2.8720684300390076
24.200000000000003,68.5,65.8,68.5,177.12360301750317,180.0,-2.8763969824968285,2.8763969824968285
14.8,281.0,75.2,-78.99999999999999,182.88334764047386,180.0,2.8833476404738576,2.8833476404738576
23.400000000000002,69.0,66.60000000000001,69.0,177.0698560441861,180.0,-2.9301439558138895,2.9301439558138895
37.9,58.75,52.10000000000001,58.75,177.0677558324165,180.0,-2.932244167583491,2.932244167583491
43.300000000000004,54.25,46.7,54.25,177.02960723430604,180.0,-2.9703927656939584,2.9703927656939584
27.5,288.25,62.50000000000001,-71.75000000000003,183.06583334403737,180.0,3.0658333440373724,3.0658333440373724
11.0,279.75,79.00000000000001,-80.25000000000001,183.07928881877677,180.0,3.0792888187767744,3.0792888187767744
24.6,68.25,65.4,68.25,176.91632624529385,180.0,-3.0836737547061546,3.0836737547061546
10.8,75.0,79.2,75.0,176.89860141861368,180.0,-3.10139858138632,3.10139858138632
19.8,283.5,70.2,-76.49999999999999,183.1193937081802,180.0,3.119393708180212,3.119393708180212
43.2,300.25,46.800000000000004,-59.750000000000014,183.12331652603785,180.0,3.123316526037854,3.123316526037854
33.2,292.25,56.8,-67.75000000000003,183.1310924174767,180.0,3.131092417476708,3.131092417476708
22.8,285.25,67.2,-74.75,183.14354777624285,180.0,3.1435477762428548,3.1435477762428548
38.1,296.0,51.900000000000006,-64.0,183.1490450182931,180.0,3.1490450182930942,3.1490450182930942
28.400000000000002,65.75,61.60000000000001,65.75,176.81848730329585,180.0,-3.1815126967041465,3.1815126967041465
23.0,69.25,67.0,69.25,176.81550443321882,180.0,-3.1844955667811803,3.1844955667811803
29.700000000000003,289.75,60.29999999999999,-70.25000000000001,183.1919505444044,180.0,3.191950544404392,3.191950544404392
12.0,280.0,78.00000000000001,-80.00000000000003,183.27467638602545,180.0,3.2746763860254475,3.2746763860254475
14.600000000000001,73.75,75.4,73.75,176.68608739396018,180.0,-3.313912606039821,3.313912606039821
14.0,74.0,76.0,74.0,176.6268844090124,180.0,-3.373115590987595,3.373115590987595
25.200000000000003,286.75,64.79999999999998,-73.24999999999999,183.39365054967638,180.0,3.39365054967638,3.39365054967638
15.9,281.5,74.10000000000002,-78.50000000000001,183.4102033299697,180.0,3.410203329969704,3.410203329969704
19.6,71.25,70.4,71.25,176.58734627524296,180.0,-3.4126537247570354,3.4126537247570354
12.8,280.25,77.2,-79.74999999999999,183.44158075785987,180.0,3.4415807578598674,3.4415807578598674
25.0,68.0,65.0,68.0,176.5484522482964,180.0,-3.4515477517036004,3.4515477517036004
23.200000000000003,285.5,66.80000000000001,-74.50000000000001,183.57066803196474,180.0,3.5706680319647432,3.5706680319647432
33.0,62.5,57.00000000000001,62.5,176.41915410021602,180.0,-3.5808458997839807,3.5808458997839807
22.6,69.5,67.4,69.5,176.41389797774488,180.0,-3.586102022255119,3.586102022255119
13.5,280.5,76.49999999999999,-79.5,183.64824463486107,180.0,3.648244634861072,3.648244634861072
35.2,293.75,54.800000000000004,-66.25000000000001,183.68604636242924,180.0,3.686046362429238,3.686046362429238
29.5,65.0,60.5,65.0,176.30615800772608,180.0,-3.693841992273917,3.693841992273917
18.7,71.75,71.30000000000001,71.75,176.29391722149524,180.0,-3.706082778504765,3.706082778504765
28.6,289.0,61.4,-71.00000000000003,183.72156468468992,180.0,3.7215646846899233,3.7215646846899233
18.400000000000002,282.75,71.6,-77.24999999999999,183.74512672372867,180.0,3.7451267237286743,3.7451267237286743
24.8,286.5,65.2,-73.50000000000001,183.7486196883107,180.0,3.748619688310697,3.748619688310697
21.1,284.25,68.90000000000002,-75.74999999999999,183.7698687177607,180.0,3.769868717760687,3.769868717760687
10.9,279.75,79.10000000000001,-80.25000000000001,183.77188663678956,180.0,3.77188663678956,3.77188663678956
27.3,66.5,62.7,66.5,176.16883587651134,180.0,-3.831164123488662,3.831164123488662
23.6,285.75,66.4,-74.25000000000003,183.84807067498187,180.0,3.8480706749818694,3.8480706749818694
15.200000000000001,73.5,74.80000000000001,73.5,176.09224369948262,180.0,-3.907756300517377,3.907756300517377
36.5,294.75,53.500000000000014,-65.25000000000003,183.92309308271305,180.0,3.923093082713052,3.923093082713052
24.400000000000002,286.25,65.60000000000001,-73.75,183.94041182851518,180.0,3.940411828515181,3.940411828515181
11.9,74.75,78.10000000000001,74.75,176.0542787713948,180.0,-3.9457212286052084,3.9457212286052084
24.0,286.0,66.00000000000001,-73.99999999999999,183.9724354768082,180.0,3.9724354768081866,3.9724354768081866
34.2,293.0,55.800000000000004,-67.00000000000001,183.97933575270508,180.0,3.979335752705083,3.979335752705083
25.400000000000002,67.75,64.60000000000001,67.75,176.01657296793428,180.0,-3.9834270320657197,3.9834270320657197
12.700000000000001,74.5,77.3,74.5,175.9527955249296,180.0,-4.0472044750704015,4.0472044750704015
20.5,70.75,69.50000000000001,70.75,175.95117232997148,180.0,-4.0488276700285155,4.0488276700285155
13.4,74.25,76.60000000000001,74.25,175.91877491980256,180.0,-4.0812250801974415,4.0812250801974415
22.200000000000003,69.75,67.80000000000001,69.75,175.86829508705858,180.0,-4.131704912941416,4.131704912941416
37.6,59.0,52.400000000000006,59.0,175.84743718116113,180.0,-4.152562818838874,4.152562818838874
16.400000000000002,281.75,73.60000000000001,-78.25000000000003,184.1682402950565,180.0,4.168240295056506,4.168240295056506
30.400000000000002,290.25,59.60000000000001,-69.75,184.1815422021712,180.0,4.181542202171187,4.181542202171187
32.5,291.75,57.5,-68.24999999999999,184.19918101675913,180.0,4.199181016759127,4.199181016759127
38.400000000000006,296.25,51.599999999999994,-63.750000000000014,184.20608193051245,180.0,4.206081930512454,4.206081930512454
36.0,60.25,54.00000000000001,60.25,175.77832259306535,180.0,-4.221677406934646,4.221677406934646
45.0,52.75,45.00000000000001,52.75,175.73807185796775,180.0,-4.261928142032247,4.261928142032247
42.900000000000006,300.0,47.09999999999999,-60.0,184.31083073022126,180.0,4.310830730221255,4.310830730221255
16.8,72.75,73.2,72.75,175.65583236816573,180.0,-4.344167631834267,4.344167631834267
27.1,288.0,62.900000000000006,-72.00000000000001,184.3673840676474,180.0,4.367384067647407,4.367384067647407
17.900000000000002,282.5,72.1,-77.50000000000003,184.37641925487858,180.0,4.376419254878584,4.376419254878584
44.6,301.5,45.400000000000006,-58.499999999999986,184.39198166347848,180.0,4.391981663478475,4.391981663478475
43.6,54.0,46.4,54.0,175.60359419835214,180.0,-4.396405801647859,4.396405801647859
17.3,72.5,72.7,72.5,175.5501523439902,180.0,-4.449847656009808,4.449847656009808
15.3,281.25,74.7,-78.75,184.45561108025422,180.0,4.455611080254215,4.455611080254215
14.100000000000001,280.75,75.90000000000002,-79.25000000000001,184.57041510474158,180.0,4.570415104741585,4.570415104741585
16.3,73.0,73.7,73.0,175.41835471662526,180.0,-4.5816452833747405,4.5816452833747405
16.900000000000002,282.0,73.10000000000001,-78.0,184.5843492747159,180.0,4.5843492747158905,4.5843492747158905
17.400000000000002,282.25,72.60000000000001,-77.75000000000001,184.65494659124116,180.0,4.654946591241156,4.654946591241156
25.8,67.5,64.2,67.5,175.31725332075288,180.0,-4.682746679247117,4.682746679247117
19.3,283.25,70.7,-76.75000000000003,184.68804738175592,180.0,4.688047381755922,4.688047381755922
31.1,290.75,58.9,-69.25000000000003,184.69719484051006,180.0,4.697194840510065,4.697194840510065
20.200000000000003,283.75,69.8,-76.25,184.70545608440702,180.0,4.705456084407018,4.705456084407018
31.8,291.25,58.2,-68.75000000000001,184.7121026131019,180.0,4.712102613101905,4.712102613101905
21.8,70.0,68.19999999999999,70.0,175.18192147848498,180.0,-4.8180785215150195,4.8180785215150195
14.700000000000001,281.0,75.30000000000001,-78.99999999999999,184.84094829816877,180.0,4.840948298168769,4.840948298168769
21.5,284.5,68.50000000000001,-75.5,184.86471574710794,180.0,4.864715747107937,4.864715747107937
17.8,72.25,72.2,72.25,175.0977590499516,180.0,-4.9022409500483946,4.9022409500483946
34.7,61.25,55.300000000000004,61.25,174.95044448274678,180.0,-5.049555517253225,5.049555517253225
19.200000000000003,71.5,70.80000000000001,71.5,174.92220960720917,180.0,-5.077790392790831,5.077790392790831
28.8,65.5,61.199999999999996,65.5,174.8654666814724,180.0,-5.134533318527588,5.134533318527588
38.7,296.5,51.3,-63.49999999999997,185.14667569867592,180.0,5.146675698675921,5.146675698675921
15.8,73.25,74.20000000000002,73.25,174.84124515649768,180.0,-5.158754843502322,5.158754843502322
33.7,62.0,56.300000000000004,62.0,174.83519041682882,180.0,-5.164809583171177,5.164809583171177
31.3,63.75,58.7,63.75,174.75056409602308,180.0,-5.2494359039769165,5.2494359039769165
27.700000000000003,66.25,62.29999999999999,66.25,174.68533678306886,180.0,-5.314663216931137,5.314663216931137
42.6,299.75,47.400000000000006,-60.25000000000003,185.33413937419363,180.0,5.334139374193626,5.334139374193626
20.1,71.0,69.9,71.0,174.63276447339194,180.0,-5.367235526608056,5.367235526608056
29.3,289.5,60.7,-70.5,185.45868090539153,180.0,5.458680905391532,5.458680905391532
30.6,64.25,59.400000000000006,64.25,174.54023559864285,180.0,-5.459764401357148,5.459764401357148
37.300000000000004,59.25,52.7,59.25,174.5195096276688,180.0,-5.4804903723311895,5.4804903723311895
26.700000000000003,287.75,63.300000000000004,-72.25,185.4850193834663,180.0,5.485019383466295,5.485019383466295
28.200000000000003,288.75,61.8,-71.25000000000001,185.49008176378678,180.0,5.490081763786776,5.490081763786776
32.0,63.25,58.00000000000001,63.25,174.45657589742268,180.0,-5.543424102577319,5.543424102577319
26.200000000000003,67.25,63.80000000000001,67.25,174.44703221471192,180.0,-5.552967785288075,5.552967785288075
36.800000000000004,295.0,53.199999999999996,-64.99999999999999,185.5884615599863,180.0,5.588461559986314,5.588461559986314
21.400000000000002,70.25,68.60000000000002,70.25,174.35796930395497,180.0,-5.642030696045026,5.642030696045026
18.3,72.0,71.7,72.0,174.29506880329592,180.0,-5.704931196704081,5.704931196704081
35.5,294.0,54.50000000000001,-66.00000000000003,185.79411187393814,180.0,5.794111873938135,5.794111873938135
21.900000000000002,284.75,68.1,-75.25000000000001,185.8230915648388,180.0,5.823091564838791,5.823091564838791
33.5,292.5,56.5,-67.49999999999999,185.84147215348224,180.0,5.841472153482243,5.841472153482243
18.8,283.0,71.20000000000002,-77.0,185.89305242403475,180.0,5.8930524240347495,5.8930524240347495
39.0,296.75,51.0,-63.25,185.9676684528002,180.0,5.967668452800211,5.967668452800211
43.900000000000006,53.75,46.10000000000001,53.75,174.00646078974978,180.0,-5.993539210250219,5.993539210250219
40.7,56.5,49.29999999999999,56.5,173.94392378134128,180.0,-6.056076218658717,6.056076218658717
40.400000000000006,56.75,49.599999999999994,56.75,173.9108969870371,180.0,-6.089103012962909,6.089103012962909
35.7,60.5,54.3,60.5,173.8868323132592,180.0,-6.113167686740809,6.113167686740809
29.900000000000002,64.75,60.1,64.75,173.85238569627393,180.0,-6.147614303726073,6.147614303726073
41.0,56.25,49.00000000000001,56.25,173.8374138167913,180.0,-6.1625861832087026,6.1625861832087026
20.6,284.0,69.39999999999999,-76.00000000000001,186.16469803145552,180.0,6.164698031455515,6.164698031455515
42.300000000000004,299.5,47.70000000000001,-60.500000000000014,186.19643192013945,180.0,6.196431920139446,6.196431920139446
40.1,57.0,49.900000000000006,57.0,173.74151495895785,180.0,-6.2584850410421495,6.2584850410421495
44.300000000000004,301.25,45.699999999999996,-58.75000000000003,186.36747224054994,180.0,6.367472240549944,6.367472240549944
32.7,62.75,57.3,62.75,173.6312032569768,180.0,-6.368796743023211,6.368796743023211
34.5,293.25,55.50000000000001,-66.74999999999999,186.40318791353238,180.0,6.403187913532378,6.403187913532378
41.300000000000004,56.0,48.699999999999996,56.0,173.5881832352093,180.0,-6.4118167647907,6.4118167647907
26.3,287.5,63.70000000000001,-72.49999999999999,186.42230095272794,180.0,6.422300952727937,6.422300952727937
19.700000000000003,283.5,70.3,-76.49999999999999,186.49822013459172,180.0,6.498220134591719,6.498220134591719
39.800000000000004,57.25,50.2,57.25,173.43895620328365,180.0,-6.561043796716348,6.561043796716348
26.6,67.0,63.40000000000001,67.0,173.40242358606173,180.0,-6.59757641393827,6.59757641393827
21.0,70.5,69.0,70.5,173.39959629666134,180.0,-6.600403703338657,6.600403703338657
22.3,285.0,67.70000000000002,-75.00000000000003,186.64180545738185,180.0,6.6418054573818495,6.6418054573818495
39.300000000000004,297.0,50.70000000000001,-63.000000000000014,186.66589568852953,180.0,6.665895688529531,6.665895688529531
30.0,290.0,60.00000000000001,-69.99999999999999,186.76212414492176,180.0,6.762124144921756,6.762124144921756
41.6,55.75,48.4,55.75,173.19304654028412,180.0,-6.806953459715885,6.806953459715885
42.0,299.25,48.00000000000001,-60.75,186.9009001897014,180.0,6.900900189701389,6.900900189701389
37.0,59.5,53.000000000000014,59.5,173.08709783298093,180.0,-6.91290216701907,6.91290216701907
28.1,66.0,61.90000000000002,66.0,173.01352211866205,180.0,-6.986477881337947,6.986477881337947
39.5,57.5,50.5,57.5,173.0063955307417,180.0,-6.993604469258287,6.993604469258287
27.8,288.5,62.199999999999996,-71.49999999999999,187.06411860096327,180.0,7.064118600963269,7.064118600963269
32.800000000000004,292.0,57.199999999999996,-68.0,187.10758975532815,180.0,7.107589755328149,7.107589755328149
37.1,295.25,52.900000000000006,-64.75,187.1533911250628,180.0,7.153391125062797,7.153391125062797
25.900000000000002,287.25,64.1,-72.75000000000001,187.18276798341026,180.0,7.182767983410258,7.182767983410258
39.6,297.25,50.4,-62.75000000000003,187.23818690330307,180.0,7.238186903303074,7.238186903303074
29.200000000000003,65.25,60.8,65.25,172.71351245218491,180.0,-7.286487547815085,7.286487547815085
22.700000000000003,285.25,67.30000000000001,-74.75,187.3176325485607,180.0,7.317632548560709,7.317632548560709
23.900000000000002,68.75,66.10000000000001,68.75,172.67593583922624,180.0,-7.324064160773759,7.324064160773759
23.5,69.0,66.5,69.0,172.67485204010126,180.0,-7.325147959898743,7.325147959898743
34.4,61.5,55.6,61.5,172.6517143445323,180.0,-7.348285655467691,7.348285655467691
41.900000000000006,55.5,48.1,55.5,172.6488173016143,180.0,-7.351182698385713,7.351182698385713
41.7,299.0,48.3,-60.999999999999986,187.4507376179301,180.0,7.450737617930088,7.450737617930088
23.1,69.25,66.9,69.25,172.52294784642785,180.0,-7.477052153572146,7.477052153572146
24.3,68.5,65.7,68.5,172.52288014210248,180.0,-7.47711985789752,7.47711985789752
28.900000000000002,289.25,61.1,-70.74999999999999,187.52017844199554,180.0,7.52017844199554,7.52017844199554
39.2,57.75,50.80000000000001,57.75,172.4470033893105,180.0,-7.55299661068949,7.55299661068949
30.700000000000003,290.5,59.30000000000001,-69.50000000000001,187.60554575315558,180.0,7.605545753155582,7.605545753155582
39.900000000000006,297.5,50.1,-62.5,187.68136624202614,180.0,7.681366242026144,7.681366242026144
33.4,62.25,56.60000000000001,62.25,172.247131649237,180.0,-7.752868350763009,7.752868350763009
44.2,53.5,45.800000000000004,53.5,172.23503355497837,180.0,-7.764966445021628,7.764966445021628
25.5,287.0,64.50000000000001,-73.0,187.7699361407512,180.0,7.769936140751213,7.769936140751213
24.700000000000003,68.25,65.3,68.25,172.21233610579546,180.0,-7.787663894204542,7.787663894204542
32.1,291.5,57.9,-68.50000000000003,187.80537019038945,180.0,7.8053701903894535,7.8053701903894535
35.800000000000004,294.25,54.20000000000001,-65.75,187.81444647943445,180.0,7.8144464794344515,7.8144464794344515
27.0,66.75,63.000000000000014,66.75,172.17991745692098,180.0,-7.820082543079025,7.820082543079025
41.400000000000006,298.75,48.6,-61.25000000000003,187.8491385160036,180.0,7.849138516003592,7.849138516003592
31.400000000000002,291.0,58.60000000000001,-69.0,187.96228039519426,180.0,7.962280395194256,7.962280395194256
40.2,297.75,49.800000000000004,-62.25,187.9922531521462,180.0,7.992253152146191,7.992253152146191
42.2,55.25,47.800000000000004,55.25,171.9523088678141,180.0,-8.04769113218589,8.04769113218589
35.4,60.75,54.6,60.75,171.9066700381362,180.0,-8.093329961863788,8.093329961863788
41.1,298.5,48.900000000000006,-61.5,188.09929734279385,180.0,8.099297342793847,8.099297342793847
44.0,301.0,46.00000000000001,-59.0,188.1631009212802,180.0,8.163100921280204,8.163100921280204
40.5,298.0,49.5,-62.00000000000003,188.16766304813726,180.0,8.167663048137257,8.167663048137257
25.1,286.75,64.9,-73.24999999999999,188.18729647853937,180.0,8.187296478539366,8.187296478539366
40.800000000000004,298.25,49.2,-61.749999999999986,188.20440798529282,180.0,8.204407985292818,8.204407985292818
38.900000000000006,58.0,51.10000000000001,58.0,171.7639452062837,180.0,-8.236054793716306,8.236054793716306
31.0,64.0,59.00000000000001,64.0,171.55395510233006,180.0,-8.446044897669935,8.446044897669935
36.7,59.75,53.300000000000004,59.75,171.55331695012234,180.0,-8.446683049877663,8.446683049877663
27.400000000000002,288.25,62.6,-71.75000000000003,188.44730199576765,180.0,8.447301995767646,8.447301995767646
33.800000000000004,292.75,56.199999999999996,-67.25,188.4829961785559,180.0,8.482996178555908,8.482996178555908
31.700000000000003,63.5,58.29999999999999,63.5,171.42753016723722,180.0,-8.572469832762778,8.572469832762778
37.4,295.5,52.6,-64.50000000000001,188.6147638578749,180.0,8.614763857874891,8.614763857874891
34.800000000000004,293.5,55.2,-66.5,188.7488070545743,180.0,8.748807054574314,8.748807054574314
30.3,64.5,59.7,64.5,171.18888741969184,180.0,-8.811112580308162,8.811112580308162
28.5,65.75,61.50000000000001,65.75,171.1497928281882,180.0,-8.850207171811803,8.850207171811803
42.5,55.0,47.5,55.0,171.1003350885112,180.0,-8.899664911488799,8.899664911488799
38.6,58.25,51.4,58.25,170.96038073968856,180.0,-9.03961926031144,9.03961926031144
29.6,289.75,60.4,-70.25000000000001,189.13028853737814,180.0,9.130288537378135,9.130288537378135
32.4,63.0,57.6,63.0,170.78268789618477,180.0,-9.217312103815232,9.217312103815232
44.5,53.25,45.500000000000014,53.25,170.2861446716526,180.0,-9.713855328347393,9.713855328347393
34.1,61.75,55.900000000000006,61.75,170.2768263484281,180.0,-9.723173651571898,9.723173651571898
36.1,294.5,53.9,-65.50000000000001,189.74397538407993,180.0,9.743975384079931,9.743975384079931
43.7,300.75,46.3,-59.25,189.78204010647758,180.0,9.78204010647758,9.78204010647758
42.800000000000004,54.75,47.2,54.75,170.0897110452828,180.0,-9.910288954717203,9.910288954717203
33.1,292.25,56.90000000000001,-67.75000000000003,189.95343894847838,180.0,9.953438948478379,9.953438948478379
38.300000000000004,58.5,51.70000000000001,58.5,170.03946343916454,180.0,-9.960536560835465,9.960536560835465
37.7,295.75,52.30000000000001,-64.24999999999999,189.96945201990533,180.0,9.969452019905333,9.969452019905333
36.4,60.0,53.60000000000001,60.0,169.9212720433394,180.0,-10.0787279566606,10.0787279566606
35.1,61.0,54.9,61.0,169.84089661694378,180.0,-10.15910338305622,10.15910338305622
38.0,58.75,52.0,58.75,169.00433981628294,180.0,-10.995660183717064,10.995660183717064
43.1,54.5,46.9,54.5,168.9172537912993,180.0,-11.082746208700712,11.082746208700712
43.400000000000006,300.5,46.6,-59.50000000000003,191.22746824651136,180.0,11.227468246511364,11.227468246511364
44.800000000000004,53.0,45.2,53.0,168.1566327381614,180.0,-11.843367261838608,11.843367261838608
0.9,357.25,89.09999999999997,-2.75,165.86910994954673,180.0,-14.130890050453274,14.130890050453274
0.8,357.25,89.20000000000012,-2.75,147.5153129114527,180.0,-32.484687088547304,32.484687088547304
0.7000000000000001,357.25,89.29999999999993,-2.75,129.14196667059073,180.0,-50.85803332940927,50.85803332940927
0.6000000000000001,357.25,89.40000000000006,-2.75,110.74929510038089,180.0,-69.25070489961911,69.25070489961911
0.5,357.25,89.50000000000014,-2.75,92.33752230972492,180.0,-87.66247769027508,87.66247769027508
0.4,357.25,89.60000000000053,-2.75,73.90687264026097,180.0,-106.09312735973903,106.09312735973903
0.30000000000000004,357.25,89.7000000000007,-2.75,55.457570663642656,180.0,-124.54242933635734,124.54242933635734
0.2,357.25,89.8000000000002,-2.75,36.989841178792446,180.0,-143.01015882120754,143.01015882120754
0.1,357.25,89.8999999999998,-2.75,18.50390920916245,180.0,-161.49609079083754,161.49609079083754
