axis_lat,axis_lon,angle_deg,rotated_pole_lat,rotated_pole_lon,r2,rmse,mae,scale_m_per_sigma,intercept_m,spearman,abs_spearman,kendall_tau,abs_kendall_tau,score
40.0,-175.0,21.0,73.95053951043535,101.7938343832022,0.04329976064656582,32.848729144602885,18.400769520475134,6.988329579024165,20.169867758186392,0.4365883064098838,0.4365883064098838,0.29295097834001543,0.29295097834001543,0.018904169168637505
-20.0,-165.0,17.0,74.03213279284093,102.07385841091038,0.04327507909863282,32.849152867844786,18.39944396076415,6.986337565957734,20.169867758186392,0.4366350859633131,0.4366350859633131,0.29299073492634,0.29299073492634,0.018895417882300713
-45.0,-160.0,23.0,73.79152889699567,101.81345490962603,0.043265756048517345,32.84931292093092,18.399010815189527,6.985584967868348,20.169867758186392,0.4365912500432169,0.4365912500432169,0.29272516092969186,0.29272516092969186,0.018889450517287062
35.0,-175.0,19.0,74.45973581896105,100.48266944255772,0.043565344878300216,32.844169351639,18.418302633586503,7.009728690998302,20.169867758186392,0.43337754617112567,0.43337754617112567,0.2906705405484381,0.2906705405484381,0.018880242261456567
55.0,-180.0,27.0,74.61010932237753,101.1258627521777,0.04351288850759738,32.845070020749596,18.413553827391933,7.005507265901828,20.169867758186392,0.433890651221434,0.433890651221434,0.2914489745086732,0.2914489745086732,0.018879835531087078
15.0,-170.0,17.0,73.5833289031183,102.21514028407529,0.04316405823760083,32.85105876334404,18.393878364550165,6.9773701957015275,20.169867758186392,0.4373077873700479,0.4373077873700479,0.2929736395942204,0.2929736395942204,0.01887597880179711
55.0,-180.0,29.0,73.48616896196884,101.96110364306412,0.043182719100086864,32.85073841998511,18.394830096610487,6.9788782753578245,20.169867758186392,0.4368008773034998,0.4368008773034998,0.29275895402806773,0.29275895402806773,0.01886224958726854
10.0,-170.0,15.0,75.22916424841615,101.30962308810612,0.04359731387783872,32.8436204359324,18.418276362517215,7.012300149091635,20.169867758186392,0.4325326599132864,0.4325326599132864,0.2899306704769379,0.2899306704769379,0.018857262136656016
-25.0,-165.0,17.0,74.60293306985984,101.38595787823195,0.04347806219948802,32.84566797032078,18.410961991350558,7.002703214044614,20.169867758186392,0.43353677955997577,0.43353677955997577,0.2910470354209318,0.2910470354209318,0.018849339067474352
-60.0,-155.0,31.0,74.64243639043515,101.49505184583494,0.0434708314717317,32.84579211678562,18.410333504026006,7.00212088880583,20.169867758186392,0.4335325960683576,0.4335325960683576,0.29090232144671035,0.29090232144671035,0.018846022421189903
-50.0,-160.0,23.0,75.27445506658403,101.14151836017632,0.04362547269771122,32.84313693436309,18.420434211039137,7.014564350779221,20.169867758186392,0.4319859507703695,0.4319859507703695,0.28936493425353926,0.28936493425353926,0.01884559130112758
15.0,-170.0,15.0,75.51390202781637,101.95155129530433,0.04356405935825158,32.84419142414744,18.415444844720227,7.009625269192839,20.169867758186392,0.43248986963198255,0.43248986963198255,0.2895009017787693,0.2895009017787693,0.018841014352490176
5.0,-170.0,15.0,75.05740590215804,100.65739846365209,0.04364640233914818,32.84277755693253,18.42297289204309,7.016246793435673,20.169867758186392,0.43154727991922875,0.43154727991922875,0.2892854210808901,0.2892854210808901,0.018835486207719663
-15.0,-165.0,17.0,73.5833289031183,102.78485971592475,0.043074618827129374,32.85259408959131,18.38962812152406,6.970137610198084,20.169867758186392,0.4371323451752437,0.4371323451752437,0.29332548538319286,0.29332548538319286,0.01882930914543277
10.0,-170.0,17.0,73.26013583178606,101.48660031631289,0.04320684055335777,32.85032433227905,18.396257759893537,6.980827170516569,20.169867758186392,0.4357025025811624,0.4357025025811624,0.29222263767854934,0.29222263767854934,0.018825328557723238
-60.0,-155.0,29.0,75.61654342537356,102.37583272848443,0.04352498489426948,32.84486232954361,18.4130390598595,7.006480947942041,20.169867758186392,0.43241787581853297,0.43241787581853297,0.28935181458005216,0.28935181458005216,0.018820981513013743
-20.0,-165.0,15.0,75.90934763373657,102.42183821953792,0.04356894004765344,32.84410762214112,18.415626875617946,7.010017919075493,20.169867758186392,0.43193953380993716,0.43193953380993716,0.288930792330875,0.288930792330875,0.01881914765277653
-55.0,-155.0,29.0,73.48616896196884,103.03889635693591,0.0430126084787299,32.85365852358113,18.386806718234403,6.9651186878955835,20.169867758186392,0.43751050270132663,0.43751050270132663,0.29365109182519106,0.29365109182519106,0.01881846795802446
-60.0,-155.0,33.0,73.67192342085595,100.6122534275329,0.043406936109340766,32.846889134426476,18.4086021505996,6.996972982028966,20.169867758186392,0.4335348364286001,0.4335348364286001,0.29084745735758244,0.29084745735758244,0.018818418946029744
20.0,-170.0,17.0,74.03213279284093,102.92614158908965,0.04314470181772667,32.85139104375028,18.392985191336262,6.975805560016058,20.169867758186392,0.4361383157649749,0.4361383157649749,0.29233793177889056,0.29233793177889056,0.018817057584965362
60.0,-180.0,29.0,75.61654342537356,102.6241672715156,0.043490593943770084,32.84545280805231,18.41105363231891,7.00371234093433,20.169867758186392,0.43261557309497334,0.43261557309497334,0.2896328936453669,0.2896328936453669,0.018814708223224872
-50.0,-160.0,25.0,74.00560058807018,100.3615350072174,0.04349954110824461,32.84529918993111,18.414614115779713,7.004432728241316,20.169867758186392,0.4324976256759853,0.4324976256759853,0.28989369685165606,0.28989369685165606,0.018813448247310714
20.0,-170.0,15.0,75.90934763373657,102.5781617804621,0.043547719086917125,32.84447198695599,18.41436500871224,7.008310539538801,20.169867758186392,0.431977836066455,0.431977836066455,0.28891409456461864,0.28891409456461864,0.01881164945679632
0.0,-170.0,15.0,75.0,100.0,0.04370942673185918,32.841695357723694,18.42897450702031,7.0213106149078035,20.169867758186392,0.4301923721498734,0.4301923721498734,0.2889590195071654,0.2889590195071654,0.018803461971089588
45.0,-175.0,21.0,75.19256068702727,102.4663181426442,0.04343720612392987,32.846369433983014,18.408049403209493,6.999412241528128,20.169867758186392,0.43285724788257685,0.43285724788257685,0.28979549808343436,0.28979549808343436,0.018802109498512496
-30.0,-165.0,17.0,75.2911548748421,100.72648667060797,0.043676881229461784,32.84225420479956,18.424781222960497,7.018696137308747,20.169867758186392,0.4304038732443166,0.4304038732443166,0.28845888165120237,0.28845888165120237,0.01879869885239234
-15.0,-165.0,15.0,75.51390202781637,103.04844870469569,0.04341113016299791,32.84681712796328,18.406666717838192,6.9973110037131745,20.169867758186392,0.4330373554655804,0.4330373554655804,0.28983048387939997,0.28983048387939997,0.01879864100355671
-5.0,-170.0,15.0,75.05740590215804,99.34260153634793,0.043783707253218784,32.84041983243046,18.436291083941438,7.027274147936383,20.169867758186392,0.4293523129113058,0.4293523129113058,0.28810385533532396,0.28810385533532396,0.018798635977001002
50.0,-180.0,25.0,74.00560058807018,99.63846499278263,0.043582910641304706,32.84386774423654,18.421748001384124,7.011141727254244,20.169867758186392,0.4313265770910392,0.4313265770910392,0.28894788766299456,0.28894788766299456,0.018798467666578587
-45.0,-160.0,21.0,75.19256068702727,102.53368185735582,0.04342761217889113,32.846534151592216,18.407518147115805,6.998639221222468,20.169867758186392,0.43284954409242027,0.43284954409242027,0.2897855589368532,0.2897855589368532,0.018797622132655463
40.0,-175.0,19.0,75.4728729261643,101.13945779662936,0.04365855505633065,32.84256888398139,18.422557827701034,7.017223512293523,20.169867758186392,0.43042246306513143,0.43042246306513143,0.28829548208140837,0.28829548208140837,0.018791622801210488
45.0,-175.0,23.0,73.79152889699567,103.186545090374,0.04305278411388769,32.85296889565949,18.388693652898592,6.968370789601938,20.169867758186392,0.4364219865379628,0.4364219865379628,0.2928054692340675,0.2928054692340675,0.018789181568972912
-30.0,-165.0,19.0,73.56451574696774,100.21712807114724,0.043436540109335064,32.846380868756434,18.411304714903327,6.999358580980027,20.169867758186392,0.4325205594957521,0.4325205594957521,0.29002847167929635,0.29002847167929635,0.01878719663064928
-10.0,-165.0,17.0,73.26013583178606,103.51339968368711,0.04288302708247138,32.85588273200763,18.381192667713727,6.954619085263433,20.169867758186392,0.43809709595016844,0.43809709595016844,0.29389281187004446,0.29389281187004446,0.018786929630383135
-50.0,-160.0,27.0,72.73968093143823,99.57912392602694,0.04335851150573933,32.84772051064936,18.408788160892257,6.993068995427719,20.169867758186392,0.4332625197234084,0.4332625197234084,0.2907381267451899,0.2907381267451899,0.018785617946433016
-60.0,-155.0,35.0,72.70524367495517,99.72731144053537,0.043333614616502536,32.84814794388753,18.4070004404196,6.991060962187661,20.169867758186392,0.4334362236818466,0.4334362236818466,0.29090271901257364,0.29090271901257364,0.01878235827786133
0.0,-170.0,17.0,72.99999999999999,100.0,0.04335670563075256,32.84775151434801,18.40745486895912,6.99292336381538,20.169867758186392,0.43315019605437866,0.43315019605437866,0.29083155472305267,0.29083155472305267,0.018779965544232453
30.0,-175.0,19.0,73.56451574696774,99.78287192885279,0.04348856201715923,32.84548769506635,18.415546941972288,7.003548728594078,20.169867758186392,0.4318072296935418,0.4318072296935418,0.2893669220828555,0.2893669220828555,0.01877867548798531
55.0,-180.0,25.0,75.73727237848574,100.29283588511503,0.043793709617282905,32.84024807071887,18.433990210587428,7.028076790573166,20.169867758186392,0.4287835786785918,0.4287835786785918,0.28732065058472994,0.28732065058472994,0.018778023533309627
5.0,-170.0,17.0,73.06516616213872,100.74626471959719,0.04327183012673175,32.84920864452714,18.40103994635286,6.986075303693107,20.169867758186392,0.43393601430232404,0.43393601430232404,0.29101602528359866,0.29101602528359866,0.018777205496761203
60.0,175.0,33.0,73.67192342085595,99.38774657246711,0.04355225395017581,32.84439412349705,18.420597596280192,7.008675436980963,20.169867758186392,0.4310103079715138,0.4310103079715138,0.28869702360328653,0.28869702360328653,0.018771470387918855
35.0,-175.0,21.0,72.82975422705988,101.06810134336831,0.0431791968404035,32.85079888540904,18.395720975959797,6.978593648505087,20.169867758186392,0.4346692369002871,0.4346692369002871,0.2915404146572197,0.2915404146572197,0.018768668540585478
-40.0,-160.0,21.0,73.95053951043535,103.20616561679783,0.04308271321635582,32.85245514341471,18.390096739958768,6.970792477937628,20.169867758186392,0.435605227832534,0.435605227832534,0.2919622320381234,0.2919622320381234,0.0187670551062544
-25.0,-165.0,19.0,72.7943690088521,100.95466086978827,0.04318808269642349,32.850646344752626,18.396385878063573,6.97931167469531,20.169867758186392,0.43448130172858823,0.43448130172858823,0.291421144898246,0.291421144898246,0.018764414389103996
60.0,175.0,35.0,72.70524367495517,100.27268855946464,0.04326357346832188,32.84935039017559,18.401799954083494,6.985408768570268,20.169867758186392,0.43345457320988506,0.43345457320988506,0.2906772991681133,0.2906772991681133,0.018752793773245967
-5.0,-165.0,17.0,73.06516616213872,104.25373528040284,0.042706054061535825,32.8589201538843,18.374378028739972,6.940253816770948,20.169867758186392,0.4391020486617598,0.4391020486617598,0.2959247709970932,0.2959247709970932,0.018752315828680248
-35.0,-165.0,19.0,74.45973581896105,99.51733055744229,0.043672142308733175,32.84233557721615,18.427937193248162,7.018315364392654,20.169867758186392,0.429262873804833,0.429262873804833,0.28771145782830043,0.28771145782830043,0.01874682931266044
-50.0,-155.0,27.0,72.73968093143823,104.57912392602694,0.042568610668176965,32.86127892749512,18.369536166865096,6.929076703999773,20.169867758186392,0.44024627566586966,0.44024627566586966,0.2975031074741786,0.2975031074741786,0.018740672306935317
-10.0,-165.0,15.0,75.22916424841615,103.6903769118939,0.043259313753917006,32.84942351830754,18.399524818875687,6.98506486980694,20.169867758186392,0.43318746540780856,0.43318746540780856,0.28967861371964015,0.28967861371964015,0.01873939248034046
50.0,-180.0,27.0,72.73968093143823,100.42087607397309,0.043250705159300296,32.84957130481772,18.40077284448397,6.984369821984175,20.169867758186392,0.43318526606402596,0.43318526606402596,0.2904606257726444,0.2904606257726444,0.018735568221888238
50.0,-175.0,23.0,75.27445506658403,103.8584816398237,0.04324096773000885,32.849738469594165,18.398921856685735,6.983583549998716,20.169867758186392,0.43308829191548026,0.43308829191548026,0.2896523743726659,0.2896523743726659,0.018727156854961936
-35.0,-165.0,21.0,72.82975422705988,98.9318986566317,0.0434506662369859,32.84613833707845,18.416024015282716,7.000496629672261,20.169867758186392,0.43098239954813555,0.43098239954813555,0.288929202067422,0.288929202067422,0.01872647239678134
60.0,-180.0,31.0,74.64243639043515,103.50494815416508,0.04317459903081333,32.850877814261864,18.394680824689303,6.978222091119258,20.16986775818639,0.4337292096861821,0.4337292096861821,0.2900089909519973,0.2900089909519973,0.01872608471615247
-60.0,-150.0,35.0,72.70524367495517,104.72731144053537,0.04253177343289982,32.86191109134173,18.368460742758224,6.926077977130992,20.169867758186392,0.44026959062032067,0.44026959062032067,0.29759176466168236,0.29759176466168236,0.018725446477659037
25.0,-175.0,19.0,72.7943690088521,99.04533913021174,0.043431437330934686,32.84646847798798,18.414540056852033,6.998947438371664,20.169867758186392,0.43113469104161806,0.43113469104161806,0.2890623866316093,0.2890623866316093,0.01872479931516592
-5.0,-170.0,17.0,73.06516616213872,99.25373528040281,0.04345807018897385,32.84601121781066,18.41538313189396,7.001093043232852,20.169867758186392,0.43079490581842733,0.43079490581842733,0.28854078021903096,0.28854078021903096,0.018721515254109596
25.0,-170.0,17.0,74.60293306985984,103.61404212176808,0.04314891093746254,32.8513187885249,18.393598724928335,6.976145825257546,20.169867758186392,0.4338197714075432,0.4338197714075432,0.29032386311568786,0.29032386311568786,0.018718850679374437
-35.0,-160.0,21.0,72.82975422705988,103.93189865663169,0.04271113027344353,32.85883303379774,18.374214209871862,6.9406662776386305,20.169867758186392,0.4382022224478726,0.4382022224478726,0.2938005765897715,0.2938005765897715,0.01871611220908357
-40.0,-160.0,19.0,75.4728729261643,103.86054220337067,0.04327846980243666,32.849094657880855,18.40093554034766,6.986611258552355,20.16986775818639,0.43237016093998665,0.43237016093998665,0.28886519396343946,0.28886519396343946,0.01871231895371589
30.0,-175.0,21.0,71.83916338376318,100.29445146336583,0.0430807905825622,32.852488146898715,18.392900832774494,6.9706369349168495,20.169867758186392,0.4343035032411731,0.4343035032411731,0.2911523903746919,0.2911523903746919,0.018710138272406102
-5.0,-165.0,15.0,75.05740590215804,104.34260153634794,0.04311794282092296,32.851850394356255,18.39369166149901,6.973641974419246,20.169867758186392,0.4339055182834677,0.4339055182834677,0.290427627805995,0.290427627805995,0.018709113327029504
-55.0,-160.0,27.0,74.61010932237753,98.87413724782233,0.04375829610696669,32.84085619142869,18.4361165729081,7.02523461063378,20.169867758186392,0.42754810391068915,0.42754810391068915,0.2870308250704238,0.2870308250704238,0.018708776530896098
45.0,-180.0,25.0,72.39303301338566,98.90928199941679,0.04337102371754642,32.84750569716633,18.411596296944825,6.994077937453413,20.169867758186392,0.4313383922662521,0.4313383922662521,0.28920869086928375,0.28920869086928375,0.01870758764126796
25.0,-175.0,17.0,74.60293306985984,98.61404212176807,0.04378020165802454,32.84048003068963,18.43871348726473,7.026992818725716,20.169867758186392,0.4272841991382788,0.4272841991382788,0.2868034173966473,0.2868034173966473,0.01870658840356136
-55.0,-155.0,31.0,72.3656993573622,102.20127811287533,0.042905553654478124,32.85549608398858,18.38224563565758,6.95644548570307,20.169867758186392,0.4359082158598079,0.4359082158598079,0.2917813395703466,0.2917813395703466,0.018702883344000817
30.0,-170.0,17.0,75.2911548748421,104.27351332939206,0.04317581102022583,32.850857008517856,18.396477642084243,6.978320036116202,20.169867758186392,0.43317619505854,0.43317619505854,0.28987183072917755,0.28987183072917755,0.018702733536308004
25.0,-170.0,19.0,72.7943690088521,104.04533913021176,0.04268207179174133,32.85933174457503,18.373094126719863,6.938304837675506,20.169867758186392,0.4381499805882679,0.4381499805882679,0.2937389538809684,0.2937389538809684,0.01870114892701852
55.0,-180.0,23.0,76.8674119179605,99.46185952319566,0.044023222487942326,32.83630660326588,18.45518525219397,7.046469000631812,20.169867758186392,0.4247713899640426,0.4247713899640426,0.28272518677147296,0.28272518677147296,0.01869980540689956
-25.0,-165.0,15.0,76.4123554530132,101.81541789627477,0.04372788437771491,32.84137841257951,18.425953167792667,7.022792940298329,20.169867758186392,0.42760696477809607,0.42760696477809607,0.2854381762222616,0.2854381762222616,0.018698347914922198
-45.0,-160.0,25.0,72.39303301338566,101.09071800058322,0.04308435005166156,32.85242704585487,18.39118170729424,6.970924896836212,20.169867758186392,0.43392515299391565,0.43392515299391565,0.2907540293797197,0.2907540293797197,0.01869538318781066
40.0,-175.0,23.0,72.43028004254042,102.45066516587576,0.04287890511157055,32.855953481378165,18.38105552259152,6.954284833831679,20.169867758186392,0.43593433922437724,0.43593433922437724,0.29175470265750914,0.29175470265750914,0.01869238716647728
-20.0,-165.0,19.0,72.15550202557091,101.72427598089907,0.04293546399764092,32.85498269325461,18.3837205698297,6.958869803817807,20.169867758186392,0.435344848415486,0.435344848415486,0.291649347703749,0.291649347703749,0.018691733065701543
-55.0,-155.0,27.0,74.61010932237753,103.87413724782233,0.04310721117812688,32.85203461420472,18.39206496999591,6.9727740840817765,20.169867758186392,0.43352175966948875,0.43352175966948875,0.2901795467073297,0.2901795467073297,0.01868791404438582
-30.0,-165.0,21.0,71.83916338376318,99.70554853663418,0.04316145280135697,32.851103489549,18.398285983651675,6.97715961115185,20.169867758186392,0.4329653951769999,0.4329653951769999,0.29033221199881604,0.29033221199881604,0.01868741546855295
-10.0,-170.0,17.0,73.26013583178606,98.51339968368711,0.04357153690313742,32.8440630337424,18.424771161382225,7.010226826294829,20.169867758186392,0.428860854625457,0.428860854625457,0.2875086992380451,0.2875086992380451,0.01868612655362415
-40.0,-160.0,23.0,72.43028004254042,102.54933483412427,0.04286242093337167,32.856236413738046,18.38034548946896,6.952947967955844,20.169867758186392,0.43595211545842616,0.43595211545842616,0.2917582807502783,0.2917582807502783,0.018685963079572907
55.0,-180.0,31.0,72.3656993573622,102.79872188712469,0.04280541549393402,32.85721482914504,18.377956843490193,6.948322847418534,20.169867758186392,0.4364307052513893,0.4364307052513893,0.29205764784530236,0.29205764784530236,0.01868159767259637
-55.0,-160.0,25.0,75.73727237848574,99.70716411488499,0.043850729974215685,32.83926889362993,18.440018499870416,7.032650656218945,20.169867758186392,0.4259226137394229,0.4259226137394229,0.28535667522029623,0.28535667522029623,0.018677017524999603
60.0,-180.0,33.0,73.67192342085595,104.38774657246712,0.0428182720856527,32.856994167003094,18.37958543249104,6.94936623225973,20.169867758186392,0.4361922726370141,0.4361922726370141,0.2932745969526974,0.2932745969526974,0.01867699941143087
20.0,-175.0,19.0,72.15550202557091,98.27572401910096,0.043396118529191674,32.84707485752271,18.415238782844405,6.996101058793164,20.169867758186392,0.4303532862771297,0.4303532862771297,0.2886827112322097,0.2886827112322097,0.018675662220709478
-55.0,-155.0,25.0,75.73727237848574,104.70716411488499,0.04318899373451912,32.850630705212154,18.398661791698725,6.979385287424674,20.169867758186392,0.432351052139216,0.432351052139216,0.2894853967101027,0.2894853967101027,0.01867280688195335
30.0,-175.0,17.0,75.2911548748421,99.27351332939206,0.04382506717593859,32.8397095894004,18.439587497469716,7.030592493125365,20.169867758186392,0.426073606003763,0.426073606003763,0.28600073191875425,0.28600073191875425,0.018672704405009306
55.0,175.0,31.0,72.3656993573622,97.79872188712469,0.04348370081324138,32.84557115899802,18.422149274363075,7.003157285092528,20.169867758186392,0.42941155584984597,0.42941155584984597,0.2878319202848639,0.2878319202848639,0.018672403620323193
0.0,-165.0,15.0,75.0,105.00000000000001,0.04299090627973079,32.85403104290543,18.38950844698927,6.963361325707116,20.16986775818639,0.4342579878936991,0.4342579878936991,0.2924257938346679,0.2924257938346679,0.01866914445876249
-35.0,-160.0,19.0,74.45973581896105,104.51733055744228,0.042964971026942855,32.85447621726844,18.386646342676364,6.961260604911273,20.169867758186392,0.43449597232365195,0.43449597232365195,0.2917717979896287,0.2917717979896287,0.018668106862209072
30.0,-175.0,15.0,77.01893927126343,98.76613283783219,0.044089372040024166,32.83517051680364,18.46440967235868,7.051761046219297,20.16986775818639,0.42322606505894106,0.42322606505894106,0.28127446893648944,0.28127446893648944,0.018659771439419125
60.0,175.0,37.0,71.74263762031721,101.15989928792956,0.04293150364789089,32.85505067043013,18.384260566857936,6.958548854755273,20.169867758186392,0.43463349583138966,0.43463349583138966,0.291149209847786,0.291149209847786,0.018659469511780876
0.0,-165.0,17.0,72.99999999999999,105.00000000000001,0.04254864785838952,32.86162151081151,18.3697696238686,6.92745179706919,20.169867758186392,0.4384911787254921,0.4384911787254921,0.2958472456537603,0.2958472456537603,0.018657206752601106
-60.0,-155.0,37.0,71.74263762031721,98.84010071207044,0.04325113580039863,32.8495639118794,18.40547970649488,6.98440459308436,20.169867758186392,0.431355251904161,0.431355251904161,0.28961977397187977,0.28961977397187977,0.01865660457832203
50.0,-175.0,25.0,74.00560058807018,104.63846499278263,0.04284578204413936,32.85652199906785,18.381425817259437,6.951598294300201,20.169867758186392,0.4354357451982477,0.4354357451982477,0.2933521222960303,0.2933521222960303,0.018656585032991523
-40.0,-165.0,17.0,76.99707466018145,99.51270505961841,0.044035315318910695,32.83609891769731,18.45610001490587,7.0474367388252865,20.169867758186392,0.4236662492114327,0.4236662492114327,0.28153209161587267,0.28153209161587267,0.018656276874005638
25.0,-170.0,15.0,76.4123554530132,103.18458210372526,0.043548557018539436,32.8444575997104,18.415151618478397,7.008377965076749,20.169867758186392,0.42836820592582275,0.42836820592582275,0.28501596127549467,0.28501596127549467,0.018654817240690135
30.0,-170.0,19.0,73.56451574696774,104.78287192885277,0.04272092647464898,32.85866490661405,18.376254123527275,6.941462185692409,20.169867758186392,0.43666693852198185,0.43666693852198185,0.29434524182241806,0.29434524182241806,0.018654816174507653
60.0,-180.0,27.0,76.5940066118682,101.7452771049641,0.043764125948903665,32.84075608217195,18.428467286827306,7.025702574962413,20.169867758186392,0.42620530180298166,0.42620530180298166,0.2843917828701989,0.2843917828701989,0.018652502508196188
45.0,-175.0,19.0,76.59589891572655,101.74837798521769,0.04376404980389714,32.84075738972567,18.428460679820414,7.025696462965519,20.169867758186392,0.4261831454230549,0.4261831454230549,0.28437031431358367,0.28437031431358367,0.018651500401876114
-55.0,-160.0,29.0,73.48616896196884,98.03889635693591,0.04365425979720028,32.84264263754829,18.4320241829488,7.016878316092034,20.169867758186392,0.4272540503546582,0.4272540503546582,0.28651080892129843,0.28651080892129843,0.018651459313588338
50.0,-180.0,23.0,75.27445506658403,98.85848163982371,0.04385855411541184,32.839134531972036,18.443730975342557,7.033278034571756,20.169867758186392,0.42522422741347293,0.42522422741347293,0.28534117015162963,0.28534117015162963,0.018649719789197994
-50.0,-160.0,21.0,76.54600080067317,101.91927052487043,0.043736092918160274,32.841237458787646,18.426473717126452,7.023452064054442,20.169867758186392,0.4262998014790709,0.4262998014790709,0.28408844011654244,0.28408844011654244,0.01864468772848192
-5.0,-170.0,13.0,77.04968102068445,99.43106344097411,0.044047791981877915,32.83588463871679,18.457571416945008,7.048435054210965,20.169867758186392,0.4232654661445463,0.4232654661445463,0.2811504283871568,0.2811504283871568,0.018643909205847565
45.0,-175.0,25.0,72.39303301338566,103.90928199941679,0.04261303816210138,32.86051649103077,18.37040113582196,6.932691588643029,20.169867758186392,0.4374914287364534,0.4374914287364534,0.29278360311158896,0.29278360311158896,0.018642838948338746
55.0,-175.0,25.0,75.73727237848574,105.29283588511501,0.04308680062626424,32.85238497977783,18.39579329838026,6.971123142006261,20.169867758186392,0.43261654868739124,0.43261654868739124,0.29056319776536177,0.29056319776536177,0.018640062980916163
-10.0,-170.0,15.0,75.22916424841615,98.69037691189389,0.04386585909015839,32.83900908530947,18.444981039316385,7.033863733077945,20.169867758186392,0.42488041377459457,0.42488041377459457,0.2848231418318205,0.2848231418318205,0.018637744360804558
-35.0,-165.0,17.0,76.09131379657691,100.10049307443757,0.0438647959623818,32.83902734218971,18.439811886056642,7.0337784966164545,20.169867758186392,0.42480358320280515,0.42480358320280515,0.2843357260834813,0.2843357260834813,0.018633922501279727
50.0,-180.0,29.0,71.47694205341854,101.2059119937069,0.04286402607705564,32.856208863360955,18.38131992922763,6.9530781563095205,20.169867758186392,0.4347207927174601,0.4347207927174601,0.2913587270577164,0.2913587270577164,0.01863388339527951
-40.0,-165.0,19.0,75.4728729261643,98.86054220337067,0.04388649617370377,32.838654686798876,18.445938305556172,7.03551811039741,20.169867758186392,0.42458157571406985,0.42458157571406985,0.28483069558322216,0.28483069558322216,0.018633397698000643
60.0,-180.0,35.0,72.70524367495517,105.27268855946464,0.04242389124148849,32.863762387826554,18.365705822132064,6.9172883731289065,20.169867758186392,0.4392160279723666,0.4392160279723666,0.29685109945845567,0.29685109945845567,0.018633253002218245
60.0,175.0,31.0,74.64243639043515,98.50494815416506,0.043795448234363654,32.840218214900744,18.44029029408646,7.028216297059217,20.169867758186392,0.42541528751500335,0.42541528751500335,0.28549860623347495,0.28549860623347495,0.01863125320247026
-15.0,-170.0,15.0,75.51390202781637,98.04844870469567,0.04395191097652307,32.837531299849374,18.45498625656484,7.0407595365812785,20.169867758186392,0.423838436684594,0.423838436684594,0.28252123548362795,0.28252123548362795,0.018628509237589984
20.0,-175.0,17.0,74.03213279284093,97.92614158908965,0.043750552210264915,32.840989168102915,18.439332803457628,7.024612955963824,20.169867758186392,0.4257777984790251,0.4257777984790251,0.2854751498475434,0.2854751498475434,0.01862801380232824
35.0,-175.0,17.0,76.09131379657691,99.89950692556245,0.04388361626828874,32.838704143347634,18.441897163146617,7.035287265366665,20.169867758186392,0.42445868646718027,0.42445868646718027,0.2842096977048324,0.2842096977048324,0.018626782118667622
20.0,-170.0,19.0,72.15550202557091,103.27572401910096,0.04267270551039948,32.85949249002017,18.372655464329068,6.937543514735982,20.169867758186392,0.4364899137286114,0.4364899137286114,0.29216896628701117,0.29216896628701117,0.01862620554680071
45.0,-180.0,23.0,73.79152889699564,98.186545090374,0.0436907629874852,32.84201583877487,18.433937769631623,7.019811419561651,20.169867758186392,0.42614671194387355,0.42614671194387355,0.2858341518220543,0.2858341518220543,0.018618674989435906
-15.0,-170.0,17.0,73.5833289031183,97.78485971592472,0.04369187655651541,32.84199671741696,18.435698094278916,7.0199008777703344,20.169867758186392,0.4261267236303376,0.4261267236303376,0.28592082118024187,0.28592082118024187,0.01861827620628907
0.0,-170.0,13.0,77.0,100.0,0.04399678543799301,32.8367606357783,18.450908044292426,7.04435289215044,20.169867758186392,0.42317016692842396,0.42317016692842396,0.2813730652705744,0.2813730652705744,0.018618127038109555
50.0,-175.0,21.0,76.54600080067317,103.0807294751296,0.0435854303736406,32.84382447973876,18.417271193255303,7.011344397807089,20.169867758186392,0.427138719373773,0.427138719373773,0.28400216832421815,0.28400216832421815,0.018617024913151595
-40.0,-165.0,21.0,73.95053951043535,98.20616561679783,0.043714385735686534,32.841610204576384,18.43552277225058,7.0217089010590215,20.169867758186392,0.4258351411755471,0.4258351411755471,0.2856731376474398,0.2856731376474398,0.018615121621158397
-10.0,-170.0,13.0,77.19833141670132,98.86656744784192,0.04410336135278092,32.834930252108954,18.46536528710068,7.052879699788421,20.169867758186392,0.4219883456231313,0.4219883456231313,0.27984561722398443,0.27984561722398443,0.018611104493679167
-30.0,-160.0,21.0,71.83916338376318,104.70554853663418,0.0423234897645377,32.86548521892404,18.360774906029775,6.909098207814996,20.169867758186392,0.43971301542683927,0.43971301542683927,0.29692146861625013,0.29692146861625013,0.01861018930775184
-40.0,-165.0,23.0,72.43028004254042,97.54933483412427,0.04351885839622183,32.84496751977834,18.425319277595797,7.005987820803942,20.169867758186392,0.4275158441840578,0.4275158441840578,0.286762468112733,0.286762468112733,0.018605001485187248
15.0,-175.0,19.0,71.65310016473953,97.48001357254834,0.04338351743447799,32.84729119980727,18.417675727684983,6.99508524291241,20.169867758186392,0.42878864318129334,0.42878864318129334,0.2878084638989324,0.2878084638989324,0.018602359577161803
-15.0,-170.0,19.0,71.65310016473953,97.51998642745166,0.04337951563792486,32.84735990447713,18.417283077496133,6.994762614005944,20.169867758186392,0.4288120824961525,0.4288120824961525,0.28785497910493213,0.28785497910493213,0.018601660438372972
-35.0,-160.0,17.0,76.09131379657691,105.10049307443757,0.043189115380795395,32.85062861694342,18.40046716617624,6.979395116498709,20.169867758186392,0.43043637101624704,0.43043637101624704,0.28841673966969833,0.28841673966969833,0.01859016609191155
35.0,-170.0,19.0,74.45973581896105,105.48266944255774,0.042786772972686515,32.857534794569546,18.38171444107711,6.946809623431432,20.169867758186392,0.4343008529036217,0.4343008529036217,0.292364568691728,0.292364568691728,0.018582331995031384
-10.0,-170.0,19.0,71.2912656641276,98.33552528527886,0.04321942196937234,32.850108347794176,18.405588346092483,6.981843471371321,20.169867758186392,0.42993060585207,0.42993060585207,0.2887920418446022,0.2887920418446022,0.018581352271868513
15.0,-170.0,19.0,71.65310016473953,102.48001357254834,0.04269420275721847,32.85912355006093,18.373660606414653,6.939290759319584,20.169867758186392,0.435175457178608,0.435175457178608,0.29093015105713754,0.29093015105713754,0.018579469203748734
-5.0,-170.0,19.0,71.07296677882803,99.16440778458498,0.04307003336460202,32.85267280218563,18.39553566424799,6.969766601047683,20.169867758186392,0.4313658465119353,0.4313658465119353,0.2897549463653833,0.2897549463653833,0.01857894140161885
-15.0,-165.0,19.0,71.65310016473953,102.51998642745168,0.04268726112725729,32.8592426841264,18.373380193550826,6.938726608408289,20.169867758186392,0.4352005167372772,0.4352005167372772,0.2910287473912225,0.2910287473912225,0.01857751810068146
-30.0,-160.0,19.0,73.56451574696774,105.21712807114724,0.04263778786764849,32.860091744613754,18.37393131739211,6.9347045543494055,20.169867758186392,0.4356725395889946,0.4356725395889946,0.29333582209563724,0.29333582209563724,0.01857611332275524
-50.0,-155.0,25.0,74.00560058807018,105.36153500721738,0.04270977231898121,32.85885633960674,18.37767990150483,6.9405559412509055,20.169867758186392,0.434925976153343,0.434925976153343,0.29288617510430637,0.29288617510430637,0.01857558941711993
-35.0,-165.0,23.0,71.2015461101568,98.34394823131572,0.04320002389125799,32.85044135295367,18.404568588970353,6.980276472798076,20.169867758186392,0.42992576272587785,0.42992576272587785,0.2887089505791839,0.2887089505791839,0.018572803221225235
35.0,-170.0,17.0,76.09131379657691,104.89950692556245,0.043223608588929485,32.85003647600891,18.401468865054706,6.982181625067613,20.169867758186392,0.42965300457869565,0.42965300457869565,0.28729918202811466,0.28729918202811466,0.01857115329896707
50.0,-175.0,27.0,72.73968093143823,105.42087607397309,0.04240231918530135,32.864132559413754,18.365276172669716,6.91552946908824,20.169867758186392,0.4379535935910664,0.4379535935910664,0.2959919596279817,0.2959919596279817,0.018570248063798145
5.0,-165.0,15.0,75.05740590215804,105.6573984636521,0.04288141036577375,32.85591048129706,18.387044866516625,6.954487987302992,20.169867758186392,0.4329625300180809,0.4329625300180809,0.29100847153219694,0.29100847153219694,0.018566043922708962
-45.0,-165.0,21.0,75.19256068702727,97.53368185735583,0.043942879926118006,32.837686394924305,18.456779627669054,7.040036146863926,20.169867758186392,0.4225032310500041,0.4225032310500041,0.28136392125571974,0.28136392125571974,0.018566008750427222
-30.0,-160.0,17.0,75.2911548748421,105.72648667060795,0.04291712587085739,32.85529745570238,18.389123280909264,6.957383546841764,20.169867758186392,0.4325945872761163,0.4325945872761163,0.290705923910267,0.290705923910267,0.018565716353180686
45.0,-180.0,21.0,75.19256068702727,97.4663181426442,0.04394694419624312,32.83761659712309,18.45749678647587,7.040361705260128,20.16986775818639,0.4224472967725611,0.4224472967725611,0.2814358806769672,0.2814358806769672,0.0185652677771175
-60.0,-160.0,27.0,76.5940066118682,98.25472289503591,0.04407152317930041,32.83547706619879,18.465082366243852,7.050333506698866,20.169867758186392,0.4212134332585597,0.4212134332585597,0.2796031020474046,0.2796031020474046,0.01856351758728732
-50.0,-160.0,29.0,71.47694205341854,98.79408800629312,0.043202534391264424,32.85039825560345,18.403165458468468,6.980479293629678,20.16986775818639,0.42966315643345093,0.42966315643345093,0.2885658268684154,0.2885658268684154,0.01856253729247539
-60.0,-150.0,37.0,71.74263762031721,103.84010071207044,0.04246848766854949,32.86299711004163,18.365167936329495,6.9209231801792575,20.169867758186392,0.4370739289337534,0.4370739289337534,0.29298954222875023,0.29298954222875023,0.018561868761167583
-45.0,-165.0,19.0,76.59589891572652,98.25162201478234,0.04407191987067827,32.83547025316188,18.465137567259664,7.050365236941179,20.169867758186392,0.42117005020513015,0.42117005020513015,0.2795756700028406,0.2795756700028406,0.01856177270457004
10.0,-170.0,19.0,71.2912656641276,101.66447471472114,0.04274667200232751,32.858223045207986,18.37609778523426,6.943553487365827,20.169867758186392,0.4342026767293248,0.4342026767293248,0.2908816480218216,0.2908816480218216,0.01856071940468109
-55.0,-155.0,33.0,71.24895054531139,101.3611194155535,0.04278637061278501,32.857541700320894,18.377862172589136,6.94677696001683,20.169867758186392,0.43374605715025594,0.43374605715025594,0.29076357096043765,0.29076357096043765,0.018558419553065076
0.0,-170.0,19.0,71.00000000000001,100.0,0.0429380113557859,32.85493896921078,18.387273943127557,6.959076235390911,20.169867758186392,0.4322120220725592,0.4322120220725592,0.2899636684435873,0.2899636684435873,0.018558324711858733
25.0,-175.0,15.0,76.4123554530132,98.18458210372526,0.044054542245089534,32.835768706532356,18.46376240780741,7.0489751149835875,20.169867758186392,0.4212567859710463,0.4212567859710463,0.2797863799103608,0.2797863799103608,0.0185582748735921
55.0,175.0,33.0,71.24895054531139,98.6388805844465,0.04317432616164785,32.85088249849734,18.40226852631773,6.978200039442016,20.169867758186392,0.4298006844361431,0.4298006844361431,0.28857735627844955,0.28857735627844955,0.018556354934345525
40.0,-180.0,23.0,72.43028004254042,97.45066516587576,0.0435278899381043,32.84481245064674,18.4262988500853,7.006714765308233,20.169867758186392,0.42630292584703317,0.42630292584703317,0.28579360010400323,0.28579360010400323,0.0185560668365615
-5.0,-165.0,19.0,71.07296677882803,104.164407784585,0.04223553301172456,32.8669944315639,18.35751745228366,6.901915223769038,20.169867758186392,0.43933409488222863,0.43933409488222863,0.29681531853076354,0.29681531853076354,0.018555509667574497
-60.0,-155.0,27.0,76.5940066118682,103.25472289503591,0.043569037235906105,32.844105953405304,18.416599733262007,7.01002573761563,20.169867758186392,0.42585247053620207,0.42585247053620207,0.282377316641133,0.282377316641133,0.018553982145794394
-45.0,-160.0,19.0,76.59589891572655,103.25162201478233,0.04356978915103138,32.84409304291524,18.416640763730417,7.010086226921508,20.169867758186392,0.4257916073538519,0.4257916073538519,0.2823399454499879,0.2823399454499879,0.01855165055468607
40.0,-180.0,25.0,70.91230288197468,98.11019283854937,0.04316769920686625,32.85099626056595,18.403754589872722,6.977664466627022,20.169867758186392,0.42965389364323936,0.42965389364323936,0.28843542526527083,0.28843542526527083,0.01854717004385026
-60.0,-155.0,39.0,70.78434709539331,97.9504970076675,0.04315971754697201,32.851133277748744,18.403943520916748,6.97701935557989,20.169867758186392,0.42972622382911785,0.42972622382911785,0.2884521230315272,0.2884521230315272,0.0185468624429916
5.0,-170.0,19.0,71.07296677882803,100.83559221541502,0.042828844061129745,32.856812715411614,18.380634395355095,6.950224090265946,20.169867758186392,0.43304357554617,0.43304357554617,0.2905258265742167,0.2905258265742167,0.018546755768740975
35.0,-175.0,23.0,71.2015461101568,101.65605176868429,0.04272679772229426,32.85856414098566,18.375330831784527,6.9419391608741865,20.169867758186392,0.4340732606212005,0.4340732606212005,0.29079179813672806,0.29079179813672806,0.018546560403218754
25.0,-175.0,21.0,70.98676989386043,99.4787002857041,0.04300876351783234,32.85372452283389,18.391820764024644,6.964807369790662,20.169867758186392,0.4312197569319346,0.4312197569319346,0.2894694940755729,0.2894694940755729,0.018546228550102718
50.0,175.0,31.0,70.21763249362151,96.99377045327758,0.04314876358910302,32.851321317961194,18.40712397146865,6.976133913896399,20.169867758186392,0.4298093832968539,0.4298093832968539,0.28885565238272154,0.28885565238272154,0.018545743468254116
-45.0,-160.0,27.0,70.9973052054312,100.36524652760909,0.04288344790943688,32.855875508939114,18.383997265074374,6.954653209301134,20.169867758186392,0.43235503822741533,0.43235503822741533,0.28993226074039086,0.28993226074039086,0.018540874760207954
60.0,175.0,29.0,75.61654342537356,97.62416727151559,0.043991288006657636,32.83685504841971,18.460691298605823,7.043912779813559,20.169867758186392,0.4214043452138812,0.4214043452138812,0.2801481648459144,0.2801481648459144,0.018538119917560828
50.0,-180.0,21.0,76.54600080067317,98.0807294751296,0.04407588219679537,32.835402201506696,18.466417258347025,7.050682164573602,20.169867758186392,0.42051208681777674,0.42051208681777674,0.2791272157090995,0.2791272157090995,0.018534441200908913
45.0,-180.0,27.0,70.9973052054312,99.63475347239093,0.042989446201470494,32.85405610506968,18.39052069059768,6.963243078155552,20.169867758186392,0.43113672725601,0.43113672725601,0.28949613098841037,0.28949613098841037,0.018534329141850298
-55.0,-160.0,23.0,76.8674119179605,100.53814047680436,0.04393131749582446,32.837884961675186,18.443721484900237,7.039109884376987,20.169867758186392,0.4218457692246578,0.4218457692246578,0.28139016060269395,0.28139016060269395,0.018532240422078735
-50.0,-155.0,29.0,71.47694205341851,103.79408800629311,0.042411128290223865,32.86398139767668,18.363202677142787,6.916247784290894,20.169867758186392,0.4369338028473559,0.4369338028473559,0.29287106760150305,0.29287106760150305,0.018530855566894593
-10.0,-165.0,19.0,71.2912656641276,103.33552528527889,0.04245154302079113,32.863287883472914,18.36452892120081,6.919542340973864,20.169867758186392,0.43644075634424767,0.43644075634424767,0.2926019155120857,0.2926019155120857,0.01852758354397445
-25.0,-165.0,21.0,70.98676989386043,100.52129971429594,0.04285738683942664,32.85632281780728,18.38251305720197,6.952539651996502,20.169867758186392,0.43224585259850107,0.43224585259850107,0.28981696664004963,0.28981696664004963,0.018524927714551744
-60.0,-160.0,29.0,75.61654342537356,97.37583272848443,0.04400506262564852,32.83661848321335,18.463357096957424,7.0450154938394975,20.169867758186392,0.420961406028856,0.420961406028856,0.27959594586186615,0.27959594586186615,0.01852443303528086
-50.0,-160.0,31.0,70.21763249362151,98.00622954672242,0.04303169286652575,32.85333093562581,18.397502128382055,6.966663703294363,20.169867758186392,0.4303394376968715,0.4303394376968715,0.2889840661565499,0.2889840661565499,0.018518234511325168
60.0,170.0,39.0,70.78434709539331,97.04950299233252,0.04325841980512313,32.8494388650447,18.412609675421475,6.984992696648905,20.169867758186392,0.4280776685479552,0.4280776685479552,0.28700776625035557,0.28700776625035557,0.018517963495245798
10.0,-175.0,21.0,69.32257362732726,96.84335891459585,0.04297266400604027,32.854344169172464,18.399307402036058,6.961883792057352,20.169867758186392,0.43089756065302165,0.43089756065302165,0.28961261778634134,0.28961261778634134,0.01851681609496466
35.0,-180.0,25.0,69.57529132976542,97.24677296776147,0.042981760881403264,32.854188022857194,18.3978907301581,6.962620633015593,20.169867758186392,0.43071723937238926,0.43071723937238926,0.28953708027232467,0.28953708027232467,0.018512985390202165
20.0,-175.0,21.0,70.27952822941977,98.62710849557666,0.0429660543769802,32.85445762186335,18.392369818236933,6.961348367502734,20.169867758186392,0.430869727894711,0.430869727894711,0.2894651208510772,0.2894651208510772,0.018512772158118817
-60.0,-155.0,41.0,69.8306153676952,97.05837711369698,0.04305952258616963,32.85285322616052,18.402426123429223,6.96891610086544,20.169867758186392,0.4298753763460359,0.4298753763460359,0.288702589525372,0.288702589525372,0.018510228477010303
-30.0,-165.0,23.0,70.11524158449207,99.19150181580719,0.042851064027642605,32.856431340821075,18.38567039896569,6.952026774003254,20.169867758186392,0.43182122005215673,0.43182122005215673,0.28979629321516087,0.28979629321516087,0.018503998748949715
-15.0,-170.0,21.0,69.72325895910546,97.25366820987342,0.043013669863419146,32.853640304751856,18.39937813479942,6.965204623450168,20.169867758186392,0.4301835609152999,0.4301835609152999,0.2890170641231993,0.2890170641231993,0.01850377366988077
20.0,-175.0,15.0,75.90934763373657,97.57816178046211,0.044029318312117316,32.83620191208749,18.46455063979427,7.046956840308392,20.169867758186392,0.4202391968185956,0.4202391968185956,0.2788990129035964,0.2788990129035964,0.018502845363954464
40.0,-175.0,17.0,76.99707466018145,100.48729494038162,0.04395343587112721,32.83750511194374,18.445679805018152,7.040881673740568,20.169867758186392,0.4208895871440528,0.4208895871440528,0.2802280755844268,0.2802280755844268,0.01849954347736133
15.0,-175.0,21.0,69.72325895910546,97.74633179012659,0.042954102731982635,32.854662767976485,18.394766215587037,6.96038009903822,20.169867758186392,0.4306357205630485,0.4306357205630485,0.28932358740376174,0.28932358740376174,0.018497570981126553
30.0,-170.0,21.0,71.83916338376318,105.29445146336582,0.04220334578201923,32.86754670127531,18.35791728097651,6.899284786123411,20.169867758186392,0.43828621816443686,0.43828621816443686,0.29601064522355425,0.29601064522355425,0.018497144816687246
-35.0,-160.0,23.0,71.2015461101568,103.34394823131574,0.04242744377686458,32.86370142672608,18.363712828914746,6.917577990565028,20.169867758186392,0.4358502650333989,0.4358502650333989,0.292091043377815,0.292091043377815,0.01849201261483606
-20.0,-170.0,15.0,75.90934763373657,97.4218382195379,0.044037462982833064,32.83606203299554,18.46624056439464,7.047608593403591,20.169867758186392,0.41989788068881556,0.41989788068881556,0.2786159460089655,0.2786159460089655,0.01849123737740377
25.0,-170.0,21.0,70.98676989386043,104.4787002857041,0.042149632969052386,32.86846828709978,18.35488979273627,6.894892978173294,20.169867758186392,0.4387035454732575,0.4387035454732575,0.29662567961399533,0.29662567961399533,0.018491193423919788
-50.0,-160.0,33.0,68.96200356697926,97.21535024058298,0.042845997710055816,32.856518297453114,18.39186936430669,6.951615789848869,20.169867758186392,0.4315545336520653,0.4315545336520653,0.2902864919245428,0.2902864919245428,0.018490384560620597
55.0,-180.0,33.0,71.24895054531139,103.63888058444651,0.042383408581061044,32.86445705766013,18.362254937094765,6.9139872017353685,20.169867758186392,0.43618776981633617,0.43618776981633617,0.292115294895473,0.292115294895473,0.018487124466187582
55.0,175.0,35.0,70.13617466609804,99.48174256018685,0.04281416425543372,32.85706467127872,18.38331761888711,6.9490328757284665,20.169867758186392,0.431764659477719,0.431764659477719,0.2896984920128024,0.2896984920128024,0.018485643050570467
-40.0,-160.0,25.0,70.91230288197471,101.88980716145066,0.04261753338519492,32.86043934587846,18.371042518860772,6.933057241678459,20.169867758186392,0.4336955907976816,0.4336955907976816,0.2904594330750547,0.2904594330750547,0.01848303631983203
50.0,175.0,33.0,68.96200356697926,97.78464975941705,0.04277262418397143,32.857777631059086,18.386526632173986,6.9456609381987775,20.169867758186392,0.4320965875204306,0.4320965875204306,0.2905659807264045,0.2905659807264045,0.0184819049491879
-20.0,-165.0,21.0,70.27952822941975,101.37289150442336,0.04254945925383957,32.861607586461325,18.368821714792396,6.927517849415796,20.169867758186392,0.4343452679236902,0.4343452679236902,0.29151139234920276,0.29151139234920276,0.01848115627961709
-35.0,-165.0,25.0,69.57529132976542,97.75322703223856,0.042919735674555426,32.85525266024235,18.393162224448332,6.957595083948566,20.169867758186392,0.43054396786603266,0.43054396786603266,0.28933869490656505,0.28933869490656505,0.018478833297084406
60.0,170.0,41.0,69.8306153676952,97.94162288630304,0.042953749193540114,32.85466883632977,18.394066515108822,6.960351454894278,20.169867758186392,0.43002318356052777,0.43002318356052777,0.28867038669044903,0.28867038669044903,0.01847110797406657
40.0,-180.0,27.0,69.39681939748904,98.7726625326685,0.042740480271501124,32.85832931224179,18.3821846564639,6.943050592413918,20.169867758186392,0.43214828829988655,0.43214828829988655,0.2900324473379288,0.2900324473379288,0.01847022539044428
15.0,-175.0,15.0,75.51390202781637,96.95155129530434,0.04401401555891338,32.83646472468874,18.46674603886773,7.045732119859467,20.169867758186392,0.4196091027110583,0.4196091027110583,0.27863105351176887,0.27863105351176887,0.0184686815753862
-10.0,-170.0,21.0,69.32257362732726,98.15664108540416,0.04280840081806225,32.857163591123914,18.386893575556424,6.948565137254497,20.169867758186392,0.43138937778607206,0.43138937778607206,0.2897120092521528,0.2897120092521528,0.018467089392920653
-30.0,-165.0,15.0,77.01893927126343,101.23386716216784,0.04388288309754085,32.83871673405995,18.438097451367327,7.035228495274239,20.169867758186392,0.42078643486782624,0.42078643486782624,0.27901828266257017,0.27901828266257017,0.018465321930335805
45.0,-175.0,27.0,70.9973052054312,104.63475347239093,0.042120480771213886,32.868968459586334,18.354030044403228,6.892508188117459,20.169867758186392,0.4383358920939895,0.4383358920939895,0.29640900621852645,0.29640900621852645,0.018462918514277768
5.0,-170.0,13.0,77.04968102068445,100.5689365590259,0.043952840796016024,32.83751533151866,18.445393850272364,7.040834011168322,20.169867758186392,0.4200453062067538,0.4200453062067538,0.27933315482626075,0.27933315482626075,0.01846218447081925
-45.0,-160.0,29.0,69.60458059012298,99.63681434857058,0.04266302299398517,32.85965866190974,18.376695915724202,6.936756399307064,20.169867758186392,0.4326910626720014,0.4326910626720014,0.2905250314424902,0.2905250314424902,0.018459908756067473
40.0,-175.0,25.0,70.91230288197468,103.11019283854935,0.04239815926782309,32.864203942173816,18.362737036685324,6.915190233663444,20.169867758186392,0.43535963175899195,0.43535963175899195,0.29221826445405363,0.29221826445405363,0.01845844700609855
60.0,175.0,39.0,70.78434709539331,102.04950299233252,0.04255833500330508,32.86145526941751,18.368775184479173,6.928240346337532,20.169867758186392,0.4337086849747416,0.4337086849747416,0.2907929908343178,0.2907929908343178,0.01845791950899796
30.0,-175.0,23.0,70.11524158449207,100.80849818419283,0.04260303562559653,32.86068814975936,18.37170482482155,6.931877887326936,20.169867758186392,0.43320306121434177,0.43320306121434177,0.29076555878975385,0.29076555878975385,0.018455765450032077
-60.0,-150.0,39.0,70.78434709539331,102.95049700766748,0.04239542094576709,32.864250930758395,18.36265653879779,6.914966918264577,20.169867758186392,0.4352101998057354,0.4352101998057354,0.2922381427472159,0.2922381427472159,0.018450919620655554
-55.0,-155.0,35.0,70.13617466609804,100.51825743981315,0.042655335566732955,32.859790593368814,18.37432655338449,6.936131405942215,20.169867758186392,0.432533201180725,0.432533201180725,0.29017159539006476,0.29017159539006476,0.01844984884011704
-60.0,-160.0,25.0,77.57458921298353,99.13184988182327,0.04412832475157924,32.83450150449295,18.466750096859638,7.054875454038699,20.169867758186392,0.4180774508956993,0.4180774508956993,0.2751014637778736,0.2751014637778736,0.01844905752443784
50.0,-180.0,31.0,70.21763249362151,101.99377045327759,0.04242525956159282,32.863738907623556,18.36403255437995,6.917399925701647,20.169867758186392,0.4348007705065639,0.4348007705065639,0.2919371853887389,0.2919371853887389,0.018446535546321526
-40.0,-165.0,27.0,69.39681939748904,96.22733746733154,0.04305648270596618,32.85290540738871,18.406300382200655,6.968670103665184,20.169867758186392,0.4284201395064642,0.4284201395064642,0.28744508869992585,0.28744508869992585,0.018446264327547694
-40.0,-165.0,25.0,70.91230288197471,96.88980716145068,0.0432996762961686,32.8487305927071,18.415531184485715,6.988322772189039,20.169867758186392,0.4260003185798641,0.4260003185798641,0.28528749876009146,0.28528749876009146,0.018445675896572814
-35.0,-165.0,27.0,67.95117281136108,97.15947939118928,0.042609179901542005,32.86058270475211,18.382138597005955,6.9323777324013145,20.169867758186392,0.43287628139285955,0.43287628139285955,0.2908868163780438,0.2908868163780438,0.01844450334897887
-55.0,-160.0,31.0,72.3656993573622,97.20127811287533,0.04353880898517026,32.84462497258397,18.42807544889538,7.007593533507811,20.169867758186392,0.42352995563562207,0.42352995563562207,0.2834901034923577,0.2834901034923577,0.018439989837916986
30.0,-170.0,15.0,77.01893927126343,103.76613283783217,0.04356605394229596,32.844157176932576,18.41763465139263,7.009785735491176,20.169867758186392,0.4232014317717909,0.4232014317717909,0.27924529277048343,0.27924529277048343,0.018437216405026727
-5.0,-170.0,21.0,69.08081283122164,99.07456101185178,0.04261865878629456,32.86042003218371,18.376405761903516,6.933148781686938,20.169867758186392,0.4325636769722861,0.4325636769722861,0.29056558316054126,0.29056558316054126,0.018435283752226802
-25.0,-170.0,17.0,74.60293306985984,96.38595787823192,0.04392934957603567,32.837918757516206,18.462150616391373,7.038952222832075,20.169867758186392,0.41964904618784055,0.41964904618784055,0.27891292770881004,0.27891292770881004,0.018434909649235585
60.0,170.0,43.0,68.88168718831062,98.83638107534844,0.04260453202948311,32.86066246925143,18.37649131194972,6.931999625106599,20.169867758186392,0.43267885868322364,0.43267885868322364,0.29077589550219823,0.29077589550219823,0.018434080293249597
-10.0,-165.0,13.0,77.19833141670132,103.86656744784193,0.04358076628245444,32.84390456342337,18.418963182162653,7.010969244639783,20.169867758186392,0.42295002166188317,0.42295002166188317,0.27885567822450263,0.27885567822450263,0.018432486043205572
25.0,-175.0,23.0,69.18024428017765,99.9143565076706,0.042513018772397104,32.862232935425354,18.370173425161116,6.924550759319502,20.169867758186392,0.4335567841677217,0.4335567841677217,0.29129630921718686,0.29129630921718686,0.018431807704222473
-30.0,-165.0,25.0,68.39289672084733,98.67473784405915,0.042504665824536714,32.86237627728013,18.373035629360185,6.923870458854883,20.169867758186392,0.4336311219126572,0.4336311219126572,0.2923653638234545,0.2923653638234545,0.018431345928016433
-25.0,-165.0,23.0,69.18024428017765,100.08564349232942,0.042485259090689564,32.86270930666197,18.36872489782649,6.922289631789483,20.169867758186392,0.4336890813543956,0.4336890813543956,0.2914867432656815,0.2914867432656815,0.01842539298614464
-60.0,-160.0,31.0,74.64243639043515,96.49505184583495,0.043929134725306684,32.83792244722804,18.46144976107587,7.038935009671883,20.169867758186392,0.41942777156397976,0.41942777156397976,0.2788831102690666,0.2788831102690666,0.018425099084569223
-15.0,-170.0,23.0,67.79384933833616,96.98574115489215,0.04259300923226039,32.8608602170075,18.38218766633845,6.931062149399696,20.169867758186392,0.4325552077288349,0.4325552077288349,0.29056717342399424,0.29056717342399424,0.018423827956256574
-60.0,-150.0,33.0,73.67192342085595,105.61225342753288,0.04258485809050527,32.86100010159279,18.373408654765015,6.930398909418266,20.169867758186392,0.43262647111217695,0.43262647111217695,0.2910231814691371,0.2910231814691371,0.018423336878508133
10.0,-170.0,13.0,77.19833141670132,101.13343255215808,0.04391797446802337,32.83811410592563,18.44108499299141,7.038040827300998,20.169867758186392,0.4194559376980831,0.4194559376980831,0.2775771064083045,0.2775771064083045,0.018421655162285215
5.0,-175.0,21.0,69.08081283122164,95.92543898814823,0.04301967875527224,32.853537161020725,18.406005569205245,6.965691116463436,20.169867758186392,0.4281763189399526,0.4281763189399526,0.2868948575451938,0.2868948575451938,0.01842000769141175
-60.0,-155.0,25.0,77.57458921298353,104.13184988182327,0.04360258950898388,32.84352985114612,18.421664219093003,7.012724409059607,20.16986775818639,0.422413264348246,0.422413264348246,0.27791424226033684,0.27791424226033684,0.018418312168526466
35.0,-180.0,27.0,67.95117281136108,97.84052060881075,0.04251434880472427,32.86221011117386,18.375819592756315,6.92465907677844,20.169867758186392,0.43321479697869164,0.43321479697869164,0.29140762765889566,0.29140762765889566,0.018417844986119904
-55.0,-155.0,37.0,69.02762608816163,99.6725296872785,0.04251267325910113,32.86223886466388,18.370742218194447,6.924522620536518,20.169867758186392,0.433222919174197,0.433222919174197,0.2912493964453239,0.2912493964453239,0.018417464411206615
0.0,-165.0,19.0,71.00000000000001,105.00000000000001,0.04204534460035558,32.8702575569898,18.35207478705581,6.886357880454838,20.169867758186392,0.43803221502764755,0.43803221502764755,0.2960464261512464,0.2960464261512464,0.018417215426894496
35.0,-175.0,15.0,77.7243135581212,99.31836745325764,0.044132741394884434,32.83442564784162,18.466445582988335,7.055228493600179,20.169867758186392,0.41730484163344356,0.41730484163344356,0.2741254395836054,0.2741254395836054,0.018416806658641968
15.0,-175.0,23.0,67.79384933833616,98.01425884510786,0.04244818055506894,32.86334558372882,18.372753358133217,6.919268296934219,20.169867758186392,0.43384274212339496,0.43384274212339496,0.29252319747116307,0.29252319747116307,0.018415835050160083
15.0,-175.0,17.0,73.5833289031183,97.21514028407528,0.04373666764688067,32.84122758975198,18.44156528430162,7.023498210910337,20.169867758186392,0.4210502257680557,0.4210502257680557,0.28232523551304783,0.28232523551304783,0.018415333787061523
-5.0,-165.0,13.0,77.04968102068445,104.43106344097411,0.04347135311755368,32.84578316051271,18.414247052516124,7.002162901070443,20.169867758186392,0.4236075381758427,0.4236075381758427,0.279466339390448,0.279466339390448,0.01841479287529966
-60.0,-155.0,43.0,68.88168718831061,96.16361892465157,0.04295065386944574,32.854721966346084,18.401485282006732,6.960100662680356,20.169867758186392,0.4287381361868387,0.4287381361868387,0.2871906465474486,0.2871906465474486,0.0184145832879922
10.0,-175.0,19.0,71.2912656641276,96.66447471472114,0.043393189811016475,32.84712513943844,18.42183126892564,6.99586497830101,20.169867758186392,0.4243534977892721,0.4243534977892721,0.2839596287768508,0.2839596287768508,0.018414051876538644
0.0,-165.0,13.0,77.0,105.00000000000001,0.043371975390980366,32.84748935848797,18.41070171230308,6.994154671192712,20.169867758186392,0.424559431695268,0.424559431695268,0.28066698829745,0.28066698829745,0.018413981223495773
35.0,-180.0,23.0,71.2015461101568,96.65605176868429,0.04337719016508412,32.847399829190316,18.420963757437477,6.994575125184897,20.169867758186392,0.42449907906483386,0.42449907906483386,0.284200951255841,0.284200951255841,0.01841357727749838
-20.0,-170.0,21.0,70.27952822941975,96.37289150442335,0.04322493659199078,32.8500136781198,18.41415434049853,6.982288884591441,20.169867758186392,0.42598751339092095,0.42598751339092095,0.28556778269367966,0.28556778269367966,0.018413283255302382
55.0,-175.0,23.0,76.8674119179605,104.46185952319564,0.04343535144059629,32.846401276944505,18.41208482816011,6.999262809359664,20.169867758186392,0.4239228337631377,0.4239228337631377,0.2798710614392322,0.2798710614392322,0.018413237268195368
5.0,-165.0,13.0,77.04968102068445,105.56893655902591,0.043285108730270805,32.84898068367817,18.40829059406036,6.987147111939565,20.169867758186392,0.4253866224409497,0.4253866224409497,0.2821379819914591,0.2821379819914591,0.018412906204759164
-50.0,-160.0,35.0,67.71030955605659,96.42125116803763,0.042645381991706977,32.85996141561968,18.386738885404565,6.9353220894586665,20.169867758186392,0.43174020636332877,0.43174020636332877,0.28993027291107465,0.28993027291107465,0.018411726021542556
40.0,-170.0,17.0,76.99707466018145,105.48729494038162,0.043289706954714346,32.8489017431449,18.408147372530156,6.987518228223751,20.169867758186392,0.4252929983445406,0.4252929983445406,0.28219443634403996,0.28219443634403996,0.018410809268226976
55.0,175.0,27.0,74.61010932237753,96.12586275217768,0.043941855146088726,32.837703993975396,18.465027276773892,7.039954056994952,20.169867758186392,0.41896275522260107,0.41896275522260107,0.27852768638732495,0.27852768638732495,0.018410000701597765
-55.0,-155.0,23.0,76.8674119179605,105.53814047680436,0.04325754747283028,32.84945384067677,18.406502907820627,6.984922267985051,20.169867758186392,0.4255780685466985,0.4255780685466985,0.282589219246243,0.282589219246243,0.01840946350355423
-40.0,-160.0,17.0,76.99707466018145,104.5127050596184,0.0434496596968319,32.84615561843931,18.413235781014258,7.00041554550976,20.169867758186392,0.4236705855315041,0.4236705855315041,0.2796138363257122,0.2796138363257122,0.018408342764901366
-20.0,-170.0,17.0,74.03213279284093,97.07385841091036,0.04381322602343274,32.839912930228664,18.44819232409854,7.029642626446066,20.169867758186392,0.42015236516031673,0.42015236516031673,0.2806256414476725,0.2806256414476725,0.018408230539048803
55.0,175.0,37.0,69.02762608816161,100.32747031272152,0.04240563227342342,32.86407570784468,18.365286272786605,6.915799634865158,20.169867758186392,0.4340644171727865,0.4340644171727865,0.2919892665168241,0.2919892665168241,0.018406776057607044
0.0,-170.0,21.0,69.0,100.0,0.042452702454082836,32.86326798745549,18.367701301752714,6.919636833333898,20.169867758186392,0.4335292859089423,0.4335292859089423,0.2915038385978011,0.2915038385978011,0.018404489779823334
45.0,-180.0,29.0,69.60458059012298,100.36318565142945,0.04254812886839432,32.861630417191165,18.370508972566878,6.9274095479106546,20.169867758186392,0.43253356227540374,0.43253356227540374,0.29048487729030237,0.29048487729030237,0.018403493747599538
-15.0,-170.0,13.0,77.44477719153808,98.31091112842115,0.04416060174270131,32.833947137265774,18.474283409676993,7.0574550730262455,20.169867758186392,0.41667529665951514,0.41667529665951514,0.2754219018636496,0.2754219018636496,0.01840063183180277
-45.0,-160.0,31.0,68.21509748113522,98.90519367859415,0.042422963200410946,32.8637783128866,18.36933149376831,6.917212713368842,20.169867758186392,0.4337218432049033,0.4337218432049033,0.29239955448769367,0.29239955448769367,0.01839976579349602
30.0,-180.0,23.0,70.11524158449207,95.80849818419284,0.04324484678712481,32.84967187699528,18.41825123058719,6.9838967843384285,20.169867758186392,0.42544188041502906,0.42544188041502906,0.2853085697508435,0.2853085697508435,0.018398168935374208
30.0,-180.0,25.0,68.39289672084732,96.32526215594089,0.042820871231140534,32.856949556787704,18.39476536434718,6.949577148521757,20.169867758186392,0.42965271371768105,0.42965271371768105,0.28833881676050216,0.28833881676050216,0.01839810352821491
35.0,-170.0,15.0,77.7243135581212,104.31836745325764,0.04359896612743497,32.84359206614485,18.422294398468313,7.01243302379525,20.169867758186392,0.42193740280537917,0.42193740280537917,0.27740098473088665,0.27740098473088665,0.01839603453280961
60.0,-175.0,25.0,77.57458921298353,105.86815011817673,0.04332612298099492,32.84827656023357,18.412343326532298,6.9904566190598345,20.169867758186392,0.4245870593712793,0.4245870593712793,0.28110232291770404,0.28110232291770404,0.018395711150459036
40.0,-180.0,21.0,73.95053951043535,96.7938343832022,0.04381950017958902,32.83980518816117,18.450181001347204,7.03014593903784,20.169867758186392,0.4197689166981988,0.4197689166981988,0.28039386054940024,0.28039386054940024,0.018394064120642612
10.0,-175.0,15.0,75.22916424841615,96.30962308810611,0.04400815816539816,32.83656532020167,18.47037050226314,7.045263280579108,20.169867758186392,0.41796783899526596,0.41796783899526596,0.27748208816698877,0.27748208816698877,0.01839399476655334
