latitude,longitude,mach_m
-85,-180.0,0.137409
-85,-175.0,0.136822
-85,-170.0,0.136625
-85,-165.0,0.13353
-85,-160.0,0.133013
-85,-155.0,0.134869
-85,-150.0,0.132716
-85,-145.0,0.133665
-85,-140.0,0.132082
-85,-135.0,0.133269
-85,-130.0,0.132331
-85,-125.0,0.131929
-85,-120.0,0.132024
-85,-115.0,0.131266
-85,-110.0,0.130488
-85,-105.0,0.132457
-85,-100.0,0.133836
-85,-95.0,0.13521
-85,-90.0,0.133821
-85,-85.0,0.134544
-85,-80.0,0.137572
-85,-75.0,0.139695
-85,-70.0,0.136798
-85,-65.0,0.136561
-85,-60.0,0.136254
-85,-55.0,0.136137
-85,-50.0,0.135545
-85,-45.0,0.137072
-85,-40.0,0.136713
-85,-35.0,0.136128
-85,-30.0,0.139365
-85,-25.0,0.139032
-85,-20.0,0.140418
-85,-15.0,0.142606
-85,-10.0,0.140162
-85,-5.0,0.139628
-85,0.0,0.138677
-85,5.0,0.139003
-85,10.0,0.140047
-85,15.0,0.138849
-85,20.0,0.13821
-85,25.0,0.137283
-85,30.0,0.137577
-85,35.0,0.137772
-85,40.0,0.138226
-85,45.0,0.139314
-85,50.0,0.139428
-85,55.0,0.13859
-85,60.0,0.137281
-85,65.0,0.13924
-85,70.0,0.140769
-85,75.0,0.138519
-85,80.0,0.139484
-85,85.0,0.141078
-85,90.0,0.140663
-85,95.0,0.142908
-85,100.0,0.145005
-85,105.0,0.143597
-85,110.0,0.144135
-85,115.0,0.143062
-85,120.0,0.142994
-85,125.0,0.144781
-85,130.0,0.144722
-85,135.0,0.145746
-85,140.0,0.144736
-85,145.0,0.14486
-85,150.0,0.142473
-85,155.0,0.142676
-85,160.0,0.140294
-85,165.0,0.140014
-85,170.0,0.139962
-85,175.0,0.137685
-80,-180.0,0.151606
-80,-175.0,0.148571
-80,-170.0,0.148082
-80,-165.0,0.143662
-80,-160.0,0.145267
-80,-155.0,0.144787
-80,-150.0,0.142475
-80,-145.0,0.142473
-80,-140.0,0.139753
-80,-135.0,0.139738
-80,-130.0,0.138861
-80,-125.0,0.140806
-80,-120.0,0.137201
-80,-115.0,0.140843
-80,-110.0,0.138218
-80,-105.0,0.137788
-80,-100.0,0.136588
-80,-95.0,0.134956
-80,-90.0,0.138383
-80,-85.0,0.136537
-80,-80.0,0.133619
-80,-75.0,0.135774
-80,-70.0,0.133554
-80,-65.0,0.133053
-80,-60.0,0.133721
-80,-55.0,0.131743
-80,-50.0,0.135065
-80,-45.0,0.138015
-80,-40.0,0.137177
-80,-35.0,0.138396
-80,-30.0,0.138782
-80,-25.0,0.137018
-80,-20.0,0.134033
-80,-15.0,0.137239
-80,-10.0,0.13444
-80,-5.0,0.13512
-80,0.0,0.136018
-80,5.0,0.138768
-80,10.0,0.142696
-80,15.0,0.144542
-80,20.0,0.14447
-80,25.0,0.144199
-80,30.0,0.144237
-80,35.0,0.146734
-80,40.0,0.146944
-80,45.0,0.147947
-80,50.0,0.15052
-80,55.0,0.150335
-80,60.0,0.150582
-80,65.0,0.148752
-80,70.0,0.152555
-80,75.0,0.15193
-80,80.0,0.155083
-80,85.0,0.154626
-80,90.0,0.15545
-80,95.0,0.157119
-80,100.0,0.153981
-80,105.0,0.152291
-80,110.0,0.151634
-80,115.0,0.151938
-80,120.0,0.150191
-80,125.0,0.149816
-80,130.0,0.151445
-80,135.0,0.149118
-80,140.0,0.151094
-80,145.0,0.150518
-80,150.0,0.148868
-80,155.0,0.149157
-80,160.0,0.148745
-80,165.0,0.151221
-80,170.0,0.148692
-80,175.0,0.153283
-75,-180.0,0.151194
-75,-175.0,0.146376
-75,-170.0,0.145557
-75,-165.0,0.147491
-75,-160.0,0.147312
-75,-155.0,0.151176
-75,-150.0,0.147502
-75,-145.0,0.145912
-75,-140.0,0.146952
-75,-135.0,0.147514
-75,-130.0,0.144834
-75,-125.0,0.14455
-75,-120.0,0.145035
-75,-115.0,0.145962
-75,-110.0,0.144349
-75,-105.0,0.145359
-75,-100.0,0.144824
-75,-95.0,0.146854
-75,-90.0,0.143528
-75,-85.0,0.144359
-75,-80.0,0.141619
-75,-75.0,0.140174
-75,-70.0,0.140273
-75,-65.0,0.139167
-75,-60.0,0.13898
-75,-55.0,0.139691
-75,-50.0,0.140348
-75,-45.0,0.138098
-75,-40.0,0.142493
-75,-35.0,0.140728
-75,-30.0,0.142314
-75,-25.0,0.142621
-75,-20.0,0.141384
-75,-15.0,0.14476
-75,-10.0,0.146823
-75,-5.0,0.143428
-75,0.0,0.14475
-75,5.0,0.140696
-75,10.0,0.141077
-75,15.0,0.145027
-75,20.0,0.146099
-75,25.0,0.144304
-75,30.0,0.145761
-75,35.0,0.14409
-75,40.0,0.143846
-75,45.0,0.146706
-75,50.0,0.148119
-75,55.0,0.14571
-75,60.0,0.152143
-75,65.0,0.153917
-75,70.0,0.15636
-75,75.0,0.151073
-75,80.0,0.148449
-75,85.0,0.148733
-75,90.0,0.151054
-75,95.0,0.150142
-75,100.0,0.147881
-75,105.0,0.147571
-75,110.0,0.146979
-75,115.0,0.145843
-75,120.0,0.145942
-75,125.0,0.146551
-75,130.0,0.146784
-75,135.0,0.144884
-75,140.0,0.145099
-75,145.0,0.14534
-75,150.0,0.145184
-75,155.0,0.145132
-75,160.0,0.144355
-75,165.0,0.145876
-75,170.0,0.14954
-75,175.0,0.149652
-70,-180.0,0.133298
-70,-175.0,0.132967
-70,-170.0,0.131849
-70,-165.0,0.130159
-70,-160.0,0.132124
-70,-155.0,0.133288
-70,-150.0,0.137276
-70,-145.0,0.141063
-70,-140.0,0.141852
-70,-135.0,0.143179
-70,-130.0,0.146893
-70,-125.0,0.149424
-70,-120.0,0.15272
-70,-115.0,0.151992
-70,-110.0,0.150694
-70,-105.0,0.148601
-70,-100.0,0.143133
-70,-95.0,0.142575
-70,-90.0,0.144972
-70,-85.0,0.143789
-70,-80.0,0.143548
-70,-75.0,0.141896
-70,-70.0,0.140309
-70,-65.0,0.140677
-70,-60.0,0.137829
-70,-55.0,0.137108
-70,-50.0,0.135132
-70,-45.0,0.135527
-70,-40.0,0.134055
-70,-35.0,0.136928
-70,-30.0,0.140592
-70,-25.0,0.141744
-70,-20.0,0.144424
-70,-15.0,0.141323
-70,-10.0,0.139097
-70,-5.0,0.140454
-70,0.0,0.141695
-70,5.0,0.139773
-70,10.0,0.14099
-70,15.0,0.140633
-70,20.0,0.140291
-70,25.0,0.1383
-70,30.0,0.139395
-70,35.0,0.139805
-70,40.0,0.141841
-70,45.0,0.150784
-70,50.0,0.152054
-70,55.0,0.156081
-70,60.0,0.160679
-70,65.0,0.164036
-70,70.0,0.161065
-70,75.0,0.157504
-70,80.0,0.156811
-70,85.0,0.154157
-70,90.0,0.152746
-70,95.0,0.153127
-70,100.0,0.14878
-70,105.0,0.147798
-70,110.0,0.147076
-70,115.0,0.144254
-70,120.0,0.142438
-70,125.0,0.139801
-70,130.0,0.137374
-70,135.0,0.136621
-70,140.0,0.135607
-70,145.0,0.134364
-70,150.0,0.132588
-70,155.0,0.134462
-70,160.0,0.135163
-70,165.0,0.134051
-70,170.0,0.13707
-70,175.0,0.134284
-65,-180.0,0.125773
-65,-175.0,0.125184
-65,-170.0,0.12454
-65,-165.0,0.12603
-65,-160.0,0.132503
-65,-155.0,0.136249
-65,-150.0,0.135939
-65,-145.0,0.137201
-65,-140.0,0.143171
-65,-135.0,0.144546
-65,-130.0,0.151641
-65,-125.0,0.155129
-65,-120.0,0.157932
-65,-115.0,0.157116
-65,-110.0,0.153772
-65,-105.0,0.156008
-65,-100.0,0.158052
-65,-95.0,0.156265
-65,-90.0,0.159977
-65,-85.0,0.159763
-65,-80.0,0.154909
-65,-75.0,0.156409
-65,-70.0,0.155177
-65,-65.0,0.154569
-65,-60.0,0.147038
-65,-55.0,0.140975
-65,-50.0,0.138327
-65,-45.0,0.138345
-65,-40.0,0.138137
-65,-35.0,0.138679
-65,-30.0,0.137287
-65,-25.0,0.139402
-65,-20.0,0.138811
-65,-15.0,0.136273
-65,-10.0,0.132048
-65,-5.0,0.136705
-65,0.0,0.138041
-65,5.0,0.141021
-65,10.0,0.139288
-65,15.0,0.138748
-65,20.0,0.136274
-65,25.0,0.138514
-65,30.0,0.138954
-65,35.0,0.145214
-65,40.0,0.152177
-65,45.0,0.161497
-65,50.0,0.16121
-65,55.0,0.165845
-65,60.0,0.173339
-65,65.0,0.169589
-65,70.0,0.169986
-65,75.0,0.168579
-65,80.0,0.172318
-65,85.0,0.171058
-65,90.0,0.171699
-65,95.0,0.168122
-65,100.0,0.163442
-65,105.0,0.161478
-65,110.0,0.158017
-65,115.0,0.154573
-65,120.0,0.149363
-65,125.0,0.140131
-65,130.0,0.136894
-65,135.0,0.133462
-65,140.0,0.130048
-65,145.0,0.1289
-65,150.0,0.128687
-65,155.0,0.128257
-65,160.0,0.127272
-65,165.0,0.128083
-65,170.0,0.12762
-65,175.0,0.126927
-60,-180.0,0.122451
-60,-175.0,0.123204
-60,-170.0,0.123496
-60,-165.0,0.12877
-60,-160.0,0.133999
-60,-155.0,0.137102
-60,-150.0,0.139238
-60,-145.0,0.144199
-60,-140.0,0.15114
-60,-135.0,0.154933
-60,-130.0,0.158994
-60,-125.0,0.164196
-60,-120.0,0.158591
-60,-115.0,0.163914
-60,-110.0,0.160496
-60,-105.0,0.159047
-60,-100.0,0.154253
-60,-95.0,0.152847
-60,-90.0,0.144034
-60,-85.0,0.144087
-60,-80.0,0.13728
-60,-75.0,0.140477
-60,-70.0,0.138478
-60,-65.0,0.140511
-60,-60.0,0.137943
-60,-55.0,0.137575
-60,-50.0,0.137355
-60,-45.0,0.136054
-60,-40.0,0.135702
-60,-35.0,0.135867
-60,-30.0,0.136014
-60,-25.0,0.136432
-60,-20.0,0.135017
-60,-15.0,0.133589
-60,-10.0,0.13544
-60,-5.0,0.13746
-60,0.0,0.138647
-60,5.0,0.138802
-60,10.0,0.136403
-60,15.0,0.138429
-60,20.0,0.139047
-60,25.0,0.144385
-60,30.0,0.149002
-60,35.0,0.154931
-60,40.0,0.155594
-60,45.0,0.162947
-60,50.0,0.17041
-60,55.0,0.176994
-60,60.0,0.175574
-60,65.0,0.178558
-60,70.0,0.172478
-60,75.0,0.161503
-60,80.0,0.153958
-60,85.0,0.155403
-60,90.0,0.151175
-60,95.0,0.147059
-60,100.0,0.149097
-60,105.0,0.148113
-60,110.0,0.142932
-60,115.0,0.14405
-60,120.0,0.140021
-60,125.0,0.137835
-60,130.0,0.133092
-60,135.0,0.13083
-60,140.0,0.131331
-60,145.0,0.128171
-60,150.0,0.126457
-60,155.0,0.124644
-60,160.0,0.122971
-60,165.0,0.123643
-60,170.0,0.123379
-60,175.0,0.121803
-55,-180.0,0.122262
-55,-175.0,0.122927
-55,-170.0,0.124062
-55,-165.0,0.134212
-55,-160.0,0.137622
-55,-155.0,0.13757
-55,-150.0,0.142405
-55,-145.0,0.154226
-55,-140.0,0.153686
-55,-135.0,0.158778
-55,-130.0,0.16679
-55,-125.0,0.164388
-55,-120.0,0.16732
-55,-115.0,0.162751
-55,-110.0,0.157212
-55,-105.0,0.14549
-55,-100.0,0.143318
-55,-95.0,0.138913
-55,-90.0,0.136034
-55,-85.0,0.137767
-55,-80.0,0.13555
-55,-75.0,0.135691
-55,-70.0,0.135531
-55,-65.0,0.134096
-55,-60.0,0.134247
-55,-55.0,0.133816
-55,-50.0,0.135427
-55,-45.0,0.133019
-55,-40.0,0.135638
-55,-35.0,0.134328
-55,-30.0,0.134376
-55,-25.0,0.134984
-55,-20.0,0.134819
-55,-15.0,0.130796
-55,-10.0,0.132316
-55,-5.0,0.138548
-55,0.0,0.137399
-55,5.0,0.140476
-55,10.0,0.139185
-55,15.0,0.140445
-55,20.0,0.140752
-55,25.0,0.147718
-55,30.0,0.152985
-55,35.0,0.157289
-55,40.0,0.162578
-55,45.0,0.168957
-55,50.0,0.177503
-55,55.0,0.183959
-55,60.0,0.171457
-55,65.0,0.160791
-55,70.0,0.151879
-55,75.0,0.14963
-55,80.0,0.145994
-55,85.0,0.146287
-55,90.0,0.144065
-55,95.0,0.142759
-55,100.0,0.14478
-55,105.0,0.140024
-55,110.0,0.140286
-55,115.0,0.14113
-55,120.0,0.135362
-55,125.0,0.130703
-55,130.0,0.127892
-55,135.0,0.127765
-55,140.0,0.125293
-55,145.0,0.123049
-55,150.0,0.12236
-55,155.0,0.122219
-55,160.0,0.122281
-55,165.0,0.122889
-55,170.0,0.121527
-55,175.0,0.124136
-50,-180.0,0.120944
-50,-175.0,0.125121
-50,-170.0,0.132342
-50,-165.0,0.133476
-50,-160.0,0.138998
-50,-155.0,0.146717
-50,-150.0,0.149476
-50,-145.0,0.151975
-50,-140.0,0.157117
-50,-135.0,0.167685
-50,-130.0,0.170516
-50,-125.0,0.168935
-50,-120.0,0.157674
-50,-115.0,0.156627
-50,-110.0,0.141095
-50,-105.0,0.139328
-50,-100.0,0.135588
-50,-95.0,0.138043
-50,-90.0,0.138196
-50,-85.0,0.135144
-50,-80.0,0.134869
-50,-75.0,0.134252
-50,-70.0,0.13291
-50,-65.0,0.136254
-50,-60.0,0.12971
-50,-55.0,0.134934
-50,-50.0,0.131443
-50,-45.0,0.131479
-50,-40.0,0.132781
-50,-35.0,0.131472
-50,-30.0,0.131305
-50,-25.0,0.134576
-50,-20.0,0.129855
-50,-15.0,0.133374
-50,-10.0,0.136546
-50,-5.0,0.140194
-50,0.0,0.139273
-50,5.0,0.139326
-50,10.0,0.139974
-50,15.0,0.142559
-50,20.0,0.144573
-50,25.0,0.147778
-50,30.0,0.15505
-50,35.0,0.165701
-50,40.0,0.174633
-50,45.0,0.183109
-50,50.0,0.175236
-50,55.0,0.173523
-50,60.0,0.158574
-50,65.0,0.154012
-50,70.0,0.152022
-50,75.0,0.144208
-50,80.0,0.143928
-50,85.0,0.143918
-50,90.0,0.144191
-50,95.0,0.140907
-50,100.0,0.138681
-50,105.0,0.139318
-50,110.0,0.139836
-50,115.0,0.135166
-50,120.0,0.128917
-50,125.0,0.127411
-50,130.0,0.12564
-50,135.0,0.123754
-50,140.0,0.122034
-50,145.0,0.124374
-50,150.0,0.120065
-50,155.0,0.119487
-50,160.0,0.121667
-50,165.0,0.12157
-50,170.0,0.121614
-50,175.0,0.121376
-45,-180.0,0.125442
-45,-175.0,0.128954
-45,-170.0,0.129072
-45,-165.0,0.137515
-45,-160.0,0.146173
-45,-155.0,0.145802
-45,-150.0,0.148491
-45,-145.0,0.154958
-45,-140.0,0.164909
-45,-135.0,0.174117
-45,-130.0,0.169525
-45,-125.0,0.161049
-45,-120.0,0.148035
-45,-115.0,0.144466
-45,-110.0,0.140797
-45,-105.0,0.134342
-45,-100.0,0.135713
-45,-95.0,0.135277
-45,-90.0,0.131987
-45,-85.0,0.131579
-45,-80.0,0.133444
-45,-75.0,0.131517
-45,-70.0,0.130906
-45,-65.0,0.129461
-45,-60.0,0.132803
-45,-55.0,0.131286
-45,-50.0,0.132776
-45,-45.0,0.133057
-45,-40.0,0.129748
-45,-35.0,0.132177
-45,-30.0,0.132274
-45,-25.0,0.133185
-45,-20.0,0.132121
-45,-15.0,0.13243
-45,-10.0,0.13796
-45,-5.0,0.1414
-45,0.0,0.141071
-45,5.0,0.141031
-45,10.0,0.141725
-45,15.0,0.144337
-45,20.0,0.145841
-45,25.0,0.15168
-45,30.0,0.157992
-45,35.0,0.174929
-45,40.0,0.186731
-45,45.0,0.171157
-45,50.0,0.172038
-45,55.0,0.161292
-45,60.0,0.159319
-45,65.0,0.150975
-45,70.0,0.143062
-45,75.0,0.145701
-45,80.0,0.142072
-45,85.0,0.144902
-45,90.0,0.141604
-45,95.0,0.140472
-45,100.0,0.138032
-45,105.0,0.137479
-45,110.0,0.137515
-45,115.0,0.136129
-45,120.0,0.125484
-45,125.0,0.128049
-45,130.0,0.123732
-45,135.0,0.124248
-45,140.0,0.121187
-45,145.0,0.120552
-45,150.0,0.118402
-45,155.0,0.122076
-45,160.0,0.1204
-45,165.0,0.120562
-45,170.0,0.118917
-45,175.0,0.117851
-40,-180.0,0.125712
-40,-175.0,0.127426
-40,-170.0,0.13413
-40,-165.0,0.143363
-40,-160.0,0.143991
-40,-155.0,0.14697
-40,-150.0,0.154004
-40,-145.0,0.159785
-40,-140.0,0.169413
-40,-135.0,0.170613
-40,-130.0,0.165736
-40,-125.0,0.148407
-40,-120.0,0.144488
-40,-115.0,0.141323
-40,-110.0,0.136095
-40,-105.0,0.131308
-40,-100.0,0.131465
-40,-95.0,0.133522
-40,-90.0,0.131816
-40,-85.0,0.131934
-40,-80.0,0.132338
-40,-75.0,0.130744
-40,-70.0,0.134277
-40,-65.0,0.131653
-40,-60.0,0.133429
-40,-55.0,0.129084
-40,-50.0,0.129366
-40,-45.0,0.129526
-40,-40.0,0.129545
-40,-35.0,0.134169
-40,-30.0,0.132097
-40,-25.0,0.132029
-40,-20.0,0.132772
-40,-15.0,0.134372
-40,-10.0,0.140452
-40,-5.0,0.141681
-40,0.0,0.140743
-40,5.0,0.140728
-40,10.0,0.143393
-40,15.0,0.141027
-40,20.0,0.151943
-40,25.0,0.155581
-40,30.0,0.170732
-40,35.0,0.175902
-40,40.0,0.177175
-40,45.0,0.166843
-40,50.0,0.168679
-40,55.0,0.154997
-40,60.0,0.15342
-40,65.0,0.150765
-40,70.0,0.143548
-40,75.0,0.140953
-40,80.0,0.144592
-40,85.0,0.146598
-40,90.0,0.140482
-40,95.0,0.139234
-40,100.0,0.138148
-40,105.0,0.138596
-40,110.0,0.136411
-40,115.0,0.133689
-40,120.0,0.126428
-40,125.0,0.129021
-40,130.0,0.12505
-40,135.0,0.120373
-40,140.0,0.119207
-40,145.0,0.120916
-40,150.0,0.11962
-40,155.0,0.119708
-40,160.0,0.121942
-40,165.0,0.120642
-40,170.0,0.121469
-40,175.0,0.12372
-35,-180.0,0.127671
-35,-175.0,0.128142
-35,-170.0,0.139276
-35,-165.0,0.144983
-35,-160.0,0.145923
-35,-155.0,0.148012
-35,-150.0,0.158051
-35,-145.0,0.162693
-35,-140.0,0.167629
-35,-135.0,0.168598
-35,-130.0,0.156863
-35,-125.0,0.14694
-35,-120.0,0.141593
-35,-115.0,0.136727
-35,-110.0,0.132109
-35,-105.0,0.133062
-35,-100.0,0.13123
-35,-95.0,0.131956
-35,-90.0,0.131229
-35,-85.0,0.132727
-35,-80.0,0.134634
-35,-75.0,0.131955
-35,-70.0,0.131393
-35,-65.0,0.130084
-35,-60.0,0.133651
-35,-55.0,0.128095
-35,-50.0,0.131895
-35,-45.0,0.129455
-35,-40.0,0.129819
-35,-35.0,0.13343
-35,-30.0,0.132498
-35,-25.0,0.130021
-35,-20.0,0.133977
-35,-15.0,0.135588
-35,-10.0,0.140542
-35,-5.0,0.142083
-35,0.0,0.142006
-35,5.0,0.142039
-35,10.0,0.140562
-35,15.0,0.142702
-35,20.0,0.154219
-35,25.0,0.163869
-35,30.0,0.178446
-35,35.0,0.178213
-35,40.0,0.169486
-35,45.0,0.167681
-35,50.0,0.166648
-35,55.0,0.155329
-35,60.0,0.154279
-35,65.0,0.147397
-35,70.0,0.143937
-35,75.0,0.138522
-35,80.0,0.143902
-35,85.0,0.140115
-35,90.0,0.14306
-35,95.0,0.140603
-35,100.0,0.139299
-35,105.0,0.137188
-35,110.0,0.136237
-35,115.0,0.131358
-35,120.0,0.126723
-35,125.0,0.129052
-35,130.0,0.122729
-35,135.0,0.120748
-35,140.0,0.118933
-35,145.0,0.118407
-35,150.0,0.120223
-35,155.0,0.120519
-35,160.0,0.121454
-35,165.0,0.120426
-35,170.0,0.121104
-35,175.0,0.122877
-30,-180.0,0.127015
-30,-175.0,0.134936
-30,-170.0,0.143066
-30,-165.0,0.146662
-30,-160.0,0.144796
-30,-155.0,0.153667
-30,-150.0,0.159678
-30,-145.0,0.163535
-30,-140.0,0.166658
-30,-135.0,0.167017
-30,-130.0,0.151891
-30,-125.0,0.142373
-30,-120.0,0.139458
-30,-115.0,0.135373
-30,-110.0,0.129603
-30,-105.0,0.132018
-30,-100.0,0.130106
-30,-95.0,0.137388
-30,-90.0,0.132183
-30,-85.0,0.133583
-30,-80.0,0.13157
-30,-75.0,0.129777
-30,-70.0,0.130298
-30,-65.0,0.131284
-30,-60.0,0.132366
-30,-55.0,0.129479
-30,-50.0,0.130242
-30,-45.0,0.126838
-30,-40.0,0.129029
-30,-35.0,0.130197
-30,-30.0,0.131249
-30,-25.0,0.129922
-30,-20.0,0.136268
-30,-15.0,0.136016
-30,-10.0,0.140063
-30,-5.0,0.142477
-30,0.0,0.141626
-30,5.0,0.143951
-30,10.0,0.142943
-30,15.0,0.145803
-30,20.0,0.155887
-30,25.0,0.172362
-30,30.0,0.175867
-30,35.0,0.176308
-30,40.0,0.166319
-30,45.0,0.164443
-30,50.0,0.158158
-30,55.0,0.15472
-30,60.0,0.150892
-30,65.0,0.146359
-30,70.0,0.140555
-30,75.0,0.140627
-30,80.0,0.146744
-30,85.0,0.140141
-30,90.0,0.142557
-30,95.0,0.14065
-30,100.0,0.13729
-30,105.0,0.137434
-30,110.0,0.135535
-30,115.0,0.129259
-30,120.0,0.129114
-30,125.0,0.12748
-30,130.0,0.121757
-30,135.0,0.119762
-30,140.0,0.120449
-30,145.0,0.118597
-30,150.0,0.121972
-30,155.0,0.123297
-30,160.0,0.121795
-30,165.0,0.119284
-30,170.0,0.123215
-30,175.0,0.124882
-25,-180.0,0.129149
-25,-175.0,0.137491
-25,-170.0,0.143122
-25,-165.0,0.143012
-25,-160.0,0.149142
-25,-155.0,0.159624
-25,-150.0,0.159322
-25,-145.0,0.164503
-25,-140.0,0.164769
-25,-135.0,0.160363
-25,-130.0,0.147487
-25,-125.0,0.14482
-25,-120.0,0.137817
-25,-115.0,0.132793
-25,-110.0,0.131798
-25,-105.0,0.130153
-25,-100.0,0.129801
-25,-95.0,0.135505
-25,-90.0,0.133932
-25,-85.0,0.132618
-25,-80.0,0.129432
-25,-75.0,0.130619
-25,-70.0,0.130071
-25,-65.0,0.131779
-25,-60.0,0.130273
-25,-55.0,0.127837
-25,-50.0,0.131768
-25,-45.0,0.130398
-25,-40.0,0.129637
-25,-35.0,0.134009
-25,-30.0,0.13016
-25,-25.0,0.130736
-25,-20.0,0.133348
-25,-15.0,0.136725
-25,-10.0,0.138382
-25,-5.0,0.143134
-25,0.0,0.143615
-25,5.0,0.144087
-25,10.0,0.145677
-25,15.0,0.151798
-25,20.0,0.165676
-25,25.0,0.177115
-25,30.0,0.170983
-25,35.0,0.168841
-25,40.0,0.160027
-25,45.0,0.166448
-25,50.0,0.155559
-25,55.0,0.15159
-25,60.0,0.149967
-25,65.0,0.140626
-25,70.0,0.141855
-25,75.0,0.143555
-25,80.0,0.145142
-25,85.0,0.142188
-25,90.0,0.140797
-25,95.0,0.140061
-25,100.0,0.138808
-25,105.0,0.138452
-25,110.0,0.133131
-25,115.0,0.127757
-25,120.0,0.128041
-25,125.0,0.125536
-25,130.0,0.1214
-25,135.0,0.119132
-25,140.0,0.12152
-25,145.0,0.117862
-25,150.0,0.121017
-25,155.0,0.121259
-25,160.0,0.122788
-25,165.0,0.118506
-25,170.0,0.124997
-25,175.0,0.127239
-20,-180.0,0.130622
-20,-175.0,0.141765
-20,-170.0,0.141339
-20,-165.0,0.141785
-20,-160.0,0.153434
-20,-155.0,0.161806
-20,-150.0,0.162976
-20,-145.0,0.166166
-20,-140.0,0.16355
-20,-135.0,0.154303
-20,-130.0,0.140627
-20,-125.0,0.140734
-20,-120.0,0.137074
-20,-115.0,0.133287
-20,-110.0,0.132804
-20,-105.0,0.13121
-20,-100.0,0.128644
-20,-95.0,0.131732
-20,-90.0,0.131969
-20,-85.0,0.132224
-20,-80.0,0.130037
-20,-75.0,0.131225
-20,-70.0,0.131397
-20,-65.0,0.131005
-20,-60.0,0.130766
-20,-55.0,0.129217
-20,-50.0,0.132503
-20,-45.0,0.129064
-20,-40.0,0.129347
-20,-35.0,0.134536
-20,-30.0,0.129743
-20,-25.0,0.131676
-20,-20.0,0.135774
-20,-15.0,0.136946
-20,-10.0,0.142236
-20,-5.0,0.143985
-20,0.0,0.143415
-20,5.0,0.144632
-20,10.0,0.144832
-20,15.0,0.157726
-20,20.0,0.169206
-20,25.0,0.17527
-20,30.0,0.172715
-20,35.0,0.170352
-20,40.0,0.16277
-20,45.0,0.163298
-20,50.0,0.156921
-20,55.0,0.154009
-20,60.0,0.149832
-20,65.0,0.142912
-20,70.0,0.144325
-20,75.0,0.147018
-20,80.0,0.143062
-20,85.0,0.146143
-20,90.0,0.138975
-20,95.0,0.140737
-20,100.0,0.139408
-20,105.0,0.139086
-20,110.0,0.132265
-20,115.0,0.127754
-20,120.0,0.127489
-20,125.0,0.1262
-20,130.0,0.119362
-20,135.0,0.120204
-20,140.0,0.119674
-20,145.0,0.122177
-20,150.0,0.12003
-20,155.0,0.119249
-20,160.0,0.120295
-20,165.0,0.121838
-20,170.0,0.123815
-20,175.0,0.126506
-15,-180.0,0.137798
-15,-175.0,0.143197
-15,-170.0,0.141394
-15,-165.0,0.1465
-15,-160.0,0.154407
-15,-155.0,0.161806
-15,-150.0,0.165088
-15,-145.0,0.159783
-15,-140.0,0.157324
-15,-135.0,0.154237
-15,-130.0,0.140027
-15,-125.0,0.138272
-15,-120.0,0.135027
-15,-115.0,0.12938
-15,-110.0,0.131439
-15,-105.0,0.129427
-15,-100.0,0.131968
-15,-95.0,0.136012
-15,-90.0,0.131418
-15,-85.0,0.131841
-15,-80.0,0.131169
-15,-75.0,0.13239
-15,-70.0,0.132353
-15,-65.0,0.130435
-15,-60.0,0.12783
-15,-55.0,0.129768
-15,-50.0,0.128506
-15,-45.0,0.129943
-15,-40.0,0.129244
-15,-35.0,0.134042
-15,-30.0,0.13111
-15,-25.0,0.132353
-15,-20.0,0.135423
-15,-15.0,0.136101
-15,-10.0,0.141734
-15,-5.0,0.143063
-15,0.0,0.142441
-15,5.0,0.143973
-15,10.0,0.148821
-15,15.0,0.162744
-15,20.0,0.173264
-15,25.0,0.167275
-15,30.0,0.166241
-15,35.0,0.164462
-15,40.0,0.161249
-15,45.0,0.16678
-15,50.0,0.157664
-15,55.0,0.150487
-15,60.0,0.148303
-15,65.0,0.144175
-15,70.0,0.141235
-15,75.0,0.143376
-15,80.0,0.141795
-15,85.0,0.142042
-15,90.0,0.140655
-15,95.0,0.140827
-15,100.0,0.138152
-15,105.0,0.136863
-15,110.0,0.1311
-15,115.0,0.12823
-15,120.0,0.128889
-15,125.0,0.123862
-15,130.0,0.12029
-15,135.0,0.121334
-15,140.0,0.120056
-15,145.0,0.121234
-15,150.0,0.120561
-15,155.0,0.120045
-15,160.0,0.119207
-15,165.0,0.124994
-15,170.0,0.124874
-15,175.0,0.127787
-10,-180.0,0.141759
-10,-175.0,0.142812
-10,-170.0,0.141511
-10,-165.0,0.153198
-10,-160.0,0.158271
-10,-155.0,0.159236
-10,-150.0,0.16731
-10,-145.0,0.159424
-10,-140.0,0.15344
-10,-135.0,0.146128
-10,-130.0,0.138729
-10,-125.0,0.140181
-10,-120.0,0.135394
-10,-115.0,0.130597
-10,-110.0,0.131945
-10,-105.0,0.131729
-10,-100.0,0.132394
-10,-95.0,0.131893
-10,-90.0,0.132343
-10,-85.0,0.133012
-10,-80.0,0.129757
-10,-75.0,0.131641
-10,-70.0,0.131255
-10,-65.0,0.130016
-10,-60.0,0.126519
-10,-55.0,0.130107
-10,-50.0,0.126757
-10,-45.0,0.130332
-10,-40.0,0.128765
-10,-35.0,0.132816
-10,-30.0,0.133476
-10,-25.0,0.133297
-10,-20.0,0.135825
-10,-15.0,0.141596
-10,-10.0,0.145419
-10,-5.0,0.14625
-10,0.0,0.147466
-10,5.0,0.147685
-10,10.0,0.155158
-10,15.0,0.169002
-10,20.0,0.171015
-10,25.0,0.162684
-10,30.0,0.16378
-10,35.0,0.165161
-10,40.0,0.16122
-10,45.0,0.162571
-10,50.0,0.156095
-10,55.0,0.152926
-10,60.0,0.146844
-10,65.0,0.143038
-10,70.0,0.1418
-10,75.0,0.145301
-10,80.0,0.141501
-10,85.0,0.141696
-10,90.0,0.142448
-10,95.0,0.138232
-10,100.0,0.137571
-10,105.0,0.137724
-10,110.0,0.132524
-10,115.0,0.129449
-10,120.0,0.126597
-10,125.0,0.124022
-10,130.0,0.120072
-10,135.0,0.118552
-10,140.0,0.120224
-10,145.0,0.120327
-10,150.0,0.12044
-10,155.0,0.122357
-10,160.0,0.119366
-10,165.0,0.123357
-10,170.0,0.127546
-10,175.0,0.129808
-5,-180.0,0.141633
-5,-175.0,0.1411
-5,-170.0,0.145449
-5,-165.0,0.154612
-5,-160.0,0.160563
-5,-155.0,0.164713
-5,-150.0,0.155654
-5,-145.0,0.15997
-5,-140.0,0.152467
-5,-135.0,0.14779
-5,-130.0,0.138978
-5,-125.0,0.139664
-5,-120.0,0.134388
-5,-115.0,0.12877
-5,-110.0,0.129807
-5,-105.0,0.131481
-5,-100.0,0.133538
-5,-95.0,0.129011
-5,-90.0,0.133968
-5,-85.0,0.131091
-5,-80.0,0.129417
-5,-75.0,0.131333
-5,-70.0,0.131785
-5,-65.0,0.13139
-5,-60.0,0.127635
-5,-55.0,0.132869
-5,-50.0,0.128796
-5,-45.0,0.126047
-5,-40.0,0.130912
-5,-35.0,0.132736
-5,-30.0,0.132313
-5,-25.0,0.135205
-5,-20.0,0.136117
-5,-15.0,0.139188
-5,-10.0,0.144629
-5,-5.0,0.142712
-5,0.0,0.146032
-5,5.0,0.147754
-5,10.0,0.157798
-5,15.0,0.172671
-5,20.0,0.169102
-5,25.0,0.164961
-5,30.0,0.16576
-5,35.0,0.164611
-5,40.0,0.155882
-5,45.0,0.159734
-5,50.0,0.156085
-5,55.0,0.153196
-5,60.0,0.14431
-5,65.0,0.145305
-5,70.0,0.142541
-5,75.0,0.143968
-5,80.0,0.142766
-5,85.0,0.143807
-5,90.0,0.138053
-5,95.0,0.137703
-5,100.0,0.136271
-5,105.0,0.137836
-5,110.0,0.13063
-5,115.0,0.128296
-5,120.0,0.125994
-5,125.0,0.124595
-5,130.0,0.120447
-5,135.0,0.122196
-5,140.0,0.120145
-5,145.0,0.120577
-5,150.0,0.121064
-5,155.0,0.12156
-5,160.0,0.12253
-5,165.0,0.124882
-5,170.0,0.127247
-5,175.0,0.1326
0,-180.0,0.139493
0,-175.0,0.143213
0,-170.0,0.147265
0,-165.0,0.158088
0,-160.0,0.163981
0,-155.0,0.160936
0,-150.0,0.156637
0,-145.0,0.161671
0,-140.0,0.152048
0,-135.0,0.143846
0,-130.0,0.140192
0,-125.0,0.138071
0,-120.0,0.131646
0,-115.0,0.130376
0,-110.0,0.130254
0,-105.0,0.130191
0,-100.0,0.13699
0,-95.0,0.131514
0,-90.0,0.13293
0,-85.0,0.131936
0,-80.0,0.129143
0,-75.0,0.130504
0,-70.0,0.131121
0,-65.0,0.128765
0,-60.0,0.126964
0,-55.0,0.128114
0,-50.0,0.131202
0,-45.0,0.128837
0,-40.0,0.130354
0,-35.0,0.133792
0,-30.0,0.131768
0,-25.0,0.134448
0,-20.0,0.135091
0,-15.0,0.144733
0,-10.0,0.143074
0,-5.0,0.149645
0,0.0,0.148206
0,5.0,0.155151
0,10.0,0.167793
0,15.0,0.166324
0,20.0,0.15864
0,25.0,0.163393
0,30.0,0.163005
0,35.0,0.160243
0,40.0,0.163768
0,45.0,0.161106
0,50.0,0.155389
0,55.0,0.151111
0,60.0,0.145893
0,65.0,0.140261
0,70.0,0.14083
0,75.0,0.143886
0,80.0,0.142549
0,85.0,0.143615
0,90.0,0.140216
0,95.0,0.142678
0,100.0,0.140051
0,105.0,0.135849
0,110.0,0.130846
0,115.0,0.127444
0,120.0,0.125847
0,125.0,0.124406
0,130.0,0.11817
0,135.0,0.120313
0,140.0,0.121204
0,145.0,0.120241
0,150.0,0.119928
0,155.0,0.12188
0,160.0,0.121537
0,165.0,0.124411
0,170.0,0.131667
0,175.0,0.140204
5,-180.0,0.140995
5,-175.0,0.144289
5,-170.0,0.151633
5,-165.0,0.159949
5,-160.0,0.166312
5,-155.0,0.155076
5,-150.0,0.152329
5,-145.0,0.154545
5,-140.0,0.154712
5,-135.0,0.143226
5,-130.0,0.139006
5,-125.0,0.140296
5,-120.0,0.130312
5,-115.0,0.131312
5,-110.0,0.128261
5,-105.0,0.131687
5,-100.0,0.135311
5,-95.0,0.131916
5,-90.0,0.132107
5,-85.0,0.130637
5,-80.0,0.133114
5,-75.0,0.131985
5,-70.0,0.130779
5,-65.0,0.12952
5,-60.0,0.128682
5,-55.0,0.127999
5,-50.0,0.129396
5,-45.0,0.129759
5,-40.0,0.132055
5,-35.0,0.133062
5,-30.0,0.133002
5,-25.0,0.135313
5,-20.0,0.136757
5,-15.0,0.142334
5,-10.0,0.145756
5,-5.0,0.14731
5,0.0,0.149236
5,5.0,0.158567
5,10.0,0.171411
5,15.0,0.165555
5,20.0,0.160311
5,25.0,0.161248
5,30.0,0.168745
5,35.0,0.153617
5,40.0,0.162984
5,45.0,0.156203
5,50.0,0.15448
5,55.0,0.151629
5,60.0,0.144742
5,65.0,0.144567
5,70.0,0.142762
5,75.0,0.142123
5,80.0,0.146974
5,85.0,0.143127
5,90.0,0.139853
5,95.0,0.142256
5,100.0,0.138527
5,105.0,0.133123
5,110.0,0.12917
5,115.0,0.127376
5,120.0,0.125101
5,125.0,0.124451
5,130.0,0.121309
5,135.0,0.120758
5,140.0,0.122161
5,145.0,0.120183
5,150.0,0.121527
5,155.0,0.120145
5,160.0,0.124429
5,165.0,0.127521
5,170.0,0.132213
5,175.0,0.140287
10,-180.0,0.139885
10,-175.0,0.147944
10,-170.0,0.157669
10,-165.0,0.162549
10,-160.0,0.161178
10,-155.0,0.151458
10,-150.0,0.150422
10,-145.0,0.151792
10,-140.0,0.151499
10,-135.0,0.142896
10,-130.0,0.13632
10,-125.0,0.136936
10,-120.0,0.130274
10,-115.0,0.130065
10,-110.0,0.129002
10,-105.0,0.133905
10,-100.0,0.134981
10,-95.0,0.130924
10,-90.0,0.130622
10,-85.0,0.129695
10,-80.0,0.129837
10,-75.0,0.132091
10,-70.0,0.131386
10,-65.0,0.129484
10,-60.0,0.129627
10,-55.0,0.127061
10,-50.0,0.129673
10,-45.0,0.129805
10,-40.0,0.13007
10,-35.0,0.13313
10,-30.0,0.133672
10,-25.0,0.132766
10,-20.0,0.13863
10,-15.0,0.142892
10,-10.0,0.150314
10,-5.0,0.146599
10,0.0,0.155909
10,5.0,0.16649
10,10.0,0.16588
10,15.0,0.159485
10,20.0,0.159051
10,25.0,0.161352
10,30.0,0.159776
10,35.0,0.161102
10,40.0,0.16037
10,45.0,0.15454
10,50.0,0.151966
10,55.0,0.15449
10,60.0,0.145581
10,65.0,0.143426
10,70.0,0.146594
10,75.0,0.143881
10,80.0,0.144552
10,85.0,0.142831
10,90.0,0.141402
10,95.0,0.139393
10,100.0,0.138781
10,105.0,0.133206
10,110.0,0.128822
10,115.0,0.12913
10,120.0,0.125283
10,125.0,0.122974
10,130.0,0.120239
10,135.0,0.119831
10,140.0,0.121347
10,145.0,0.120284
10,150.0,0.120547
10,155.0,0.12195
10,160.0,0.124399
10,165.0,0.129485
10,170.0,0.137943
10,175.0,0.135626
15,-180.0,0.144471
15,-175.0,0.151834
15,-170.0,0.156377
15,-165.0,0.163004
15,-160.0,0.155688
15,-155.0,0.14699
15,-150.0,0.150663
15,-145.0,0.148023
15,-140.0,0.149327
15,-135.0,0.144797
15,-130.0,0.13608
15,-125.0,0.131289
15,-120.0,0.129824
15,-115.0,0.128084
15,-110.0,0.128939
15,-105.0,0.131742
15,-100.0,0.134128
15,-95.0,0.132556
15,-90.0,0.131615
15,-85.0,0.130371
15,-80.0,0.132628
15,-75.0,0.13197
15,-70.0,0.130856
15,-65.0,0.129514
15,-60.0,0.129535
15,-55.0,0.12882
15,-50.0,0.127764
15,-45.0,0.128546
15,-40.0,0.131591
15,-35.0,0.132735
15,-30.0,0.131696
15,-25.0,0.136627
15,-20.0,0.142717
15,-15.0,0.148318
15,-10.0,0.148835
15,-5.0,0.151096
15,0.0,0.158738
15,5.0,0.171582
15,10.0,0.168761
15,15.0,0.161983
15,20.0,0.156393
15,25.0,0.161072
15,30.0,0.163984
15,35.0,0.155814
15,40.0,0.165856
15,45.0,0.157881
15,50.0,0.150294
15,55.0,0.148983
15,60.0,0.142092
15,65.0,0.143409
15,70.0,0.146199
15,75.0,0.143742
15,80.0,0.146325
15,85.0,0.140214
15,90.0,0.14
15,95.0,0.141269
15,100.0,0.141513
15,105.0,0.134214
15,110.0,0.127626
15,115.0,0.129089
15,120.0,0.123943
15,125.0,0.122077
15,130.0,0.119563
15,135.0,0.1213
15,140.0,0.121264
15,145.0,0.11872
15,150.0,0.121756
15,155.0,0.121104
15,160.0,0.126303
15,165.0,0.135123
15,170.0,0.136383
15,175.0,0.141625
20,-180.0,0.146306
20,-175.0,0.152672
20,-170.0,0.159977
20,-165.0,0.159221
20,-160.0,0.15189
20,-155.0,0.147415
20,-150.0,0.158341
20,-145.0,0.149441
20,-140.0,0.146875
20,-135.0,0.141699
20,-130.0,0.13852
20,-125.0,0.133009
20,-120.0,0.132105
20,-115.0,0.129021
20,-110.0,0.130947
20,-105.0,0.132913
20,-100.0,0.131875
20,-95.0,0.132056
20,-90.0,0.129766
20,-85.0,0.130207
20,-80.0,0.133308
20,-75.0,0.132073
20,-70.0,0.129929
20,-65.0,0.128787
20,-60.0,0.128155
20,-55.0,0.127791
20,-50.0,0.12894
20,-45.0,0.129218
20,-40.0,0.132045
20,-35.0,0.133446
20,-30.0,0.133479
20,-25.0,0.137096
20,-20.0,0.144292
20,-15.0,0.14843
20,-10.0,0.151307
20,-5.0,0.156638
20,0.0,0.1623
20,5.0,0.168783
20,10.0,0.159557
20,15.0,0.155501
20,20.0,0.160242
20,25.0,0.162217
20,30.0,0.160007
20,35.0,0.158181
20,40.0,0.160295
20,45.0,0.151165
20,50.0,0.153828
20,55.0,0.147137
20,60.0,0.14228
20,65.0,0.14209
20,70.0,0.14576
20,75.0,0.142715
20,80.0,0.147008
20,85.0,0.139322
20,90.0,0.141546
20,95.0,0.141807
20,100.0,0.140053
20,105.0,0.134143
20,110.0,0.12699
20,115.0,0.126891
20,120.0,0.126433
20,125.0,0.122312
20,130.0,0.120997
20,135.0,0.121185
20,140.0,0.121884
20,145.0,0.119913
20,150.0,0.120851
20,155.0,0.124033
20,160.0,0.127663
20,165.0,0.134542
20,170.0,0.136803
20,175.0,0.141893
25,-180.0,0.151108
25,-175.0,0.154322
25,-170.0,0.163337
25,-165.0,0.154376
25,-160.0,0.14296
25,-155.0,0.149093
25,-150.0,0.15258
25,-145.0,0.146146
25,-140.0,0.146368
25,-135.0,0.138892
25,-130.0,0.13486
25,-125.0,0.133152
25,-120.0,0.13218
25,-115.0,0.130411
25,-110.0,0.131577
25,-105.0,0.133933
25,-100.0,0.130507
25,-95.0,0.132072
25,-90.0,0.131806
25,-85.0,0.130862
25,-80.0,0.133132
25,-75.0,0.131447
25,-70.0,0.13024
25,-65.0,0.130142
25,-60.0,0.130607
25,-55.0,0.126956
25,-50.0,0.128565
25,-45.0,0.130811
25,-40.0,0.134607
25,-35.0,0.13097
25,-30.0,0.133701
25,-25.0,0.137911
25,-20.0,0.145912
25,-15.0,0.151339
25,-10.0,0.156649
25,-5.0,0.157219
25,0.0,0.168154
25,5.0,0.162564
25,10.0,0.157806
25,15.0,0.151745
25,20.0,0.155801
25,25.0,0.157219
25,30.0,0.156898
25,35.0,0.156719
25,40.0,0.159899
25,45.0,0.15361
25,50.0,0.149859
25,55.0,0.147081
25,60.0,0.14297
25,65.0,0.140048
25,70.0,0.145043
25,75.0,0.144455
25,80.0,0.144707
25,85.0,0.140785
25,90.0,0.140251
25,95.0,0.140822
25,100.0,0.13977
25,105.0,0.130702
25,110.0,0.1269
25,115.0,0.127488
25,120.0,0.125003
25,125.0,0.122235
25,130.0,0.120622
25,135.0,0.120113
25,140.0,0.121169
25,145.0,0.120285
25,150.0,0.122555
25,155.0,0.127439
25,160.0,0.13374
25,165.0,0.13818
25,170.0,0.135075
25,175.0,0.143123
30,-180.0,0.154511
30,-175.0,0.157185
30,-170.0,0.153671
30,-165.0,0.149403
30,-160.0,0.146785
30,-155.0,0.149228
30,-150.0,0.150444
30,-145.0,0.14304
30,-140.0,0.149709
30,-135.0,0.139714
30,-130.0,0.133814
30,-125.0,0.130335
30,-120.0,0.129654
30,-115.0,0.127716
30,-110.0,0.131267
30,-105.0,0.137161
30,-100.0,0.131897
30,-95.0,0.131566
30,-90.0,0.132989
30,-85.0,0.129049
30,-80.0,0.13386
30,-75.0,0.132271
30,-70.0,0.12944
30,-65.0,0.131701
30,-60.0,0.127698
30,-55.0,0.127628
30,-50.0,0.128499
30,-45.0,0.13074
30,-40.0,0.134621
30,-35.0,0.132162
30,-30.0,0.137583
30,-25.0,0.138356
30,-20.0,0.149308
30,-15.0,0.153699
30,-10.0,0.157779
30,-5.0,0.165219
30,0.0,0.164263
30,5.0,0.156138
30,10.0,0.157019
30,15.0,0.15402
30,20.0,0.154928
30,25.0,0.161106
30,30.0,0.153809
30,35.0,0.163158
30,40.0,0.163311
30,45.0,0.153368
30,50.0,0.147613
30,55.0,0.148364
30,60.0,0.14513
30,65.0,0.141867
30,70.0,0.143634
30,75.0,0.144777
30,80.0,0.144161
30,85.0,0.142626
30,90.0,0.141428
30,95.0,0.138526
30,100.0,0.138498
30,105.0,0.13301
30,110.0,0.126688
30,115.0,0.12709
30,120.0,0.125953
30,125.0,0.1221
30,130.0,0.120817
30,135.0,0.121056
30,140.0,0.120295
30,145.0,0.122807
30,150.0,0.125385
30,155.0,0.129819
30,160.0,0.133837
30,165.0,0.13485
30,170.0,0.139121
30,175.0,0.148815
35,-180.0,0.155009
35,-175.0,0.161503
35,-170.0,0.152459
35,-165.0,0.147472
35,-160.0,0.147495
35,-155.0,0.149421
35,-150.0,0.143526
35,-145.0,0.141837
35,-140.0,0.142981
35,-135.0,0.139307
35,-130.0,0.131556
35,-125.0,0.130017
35,-120.0,0.129199
35,-115.0,0.126891
35,-110.0,0.131867
35,-105.0,0.134376
35,-100.0,0.132658
35,-95.0,0.131873
35,-90.0,0.133248
35,-85.0,0.131479
35,-80.0,0.13204
35,-75.0,0.131977
35,-70.0,0.130745
35,-65.0,0.12835
35,-60.0,0.128264
35,-55.0,0.128406
35,-50.0,0.130653
35,-45.0,0.131197
35,-40.0,0.136596
35,-35.0,0.133333
35,-30.0,0.138795
35,-25.0,0.145468
35,-20.0,0.153236
35,-15.0,0.158111
35,-10.0,0.164352
35,-5.0,0.168998
35,0.0,0.160568
35,5.0,0.153423
35,10.0,0.15435
35,15.0,0.15292
35,20.0,0.157765
35,25.0,0.15833
35,30.0,0.159744
35,35.0,0.162516
35,40.0,0.160629
35,45.0,0.149371
35,50.0,0.151224
35,55.0,0.143899
35,60.0,0.141942
35,65.0,0.143872
35,70.0,0.14419
35,75.0,0.144665
35,80.0,0.143182
35,85.0,0.141697
35,90.0,0.143507
35,95.0,0.139901
35,100.0,0.137298
35,105.0,0.133027
35,110.0,0.129046
35,115.0,0.125497
35,120.0,0.124516
35,125.0,0.121894
35,130.0,0.119921
35,135.0,0.121368
35,140.0,0.122039
35,145.0,0.125395
35,150.0,0.131215
35,155.0,0.134569
35,160.0,0.134053
35,165.0,0.137349
35,170.0,0.144288
35,175.0,0.151617
40,-180.0,0.163541
40,-175.0,0.153995
40,-170.0,0.144825
40,-165.0,0.147012
40,-160.0,0.145278
40,-155.0,0.151758
40,-150.0,0.144083
40,-145.0,0.146143
40,-140.0,0.140799
40,-135.0,0.137606
40,-130.0,0.134582
40,-125.0,0.131754
40,-120.0,0.128911
40,-115.0,0.129634
40,-110.0,0.130449
40,-105.0,0.134227
40,-100.0,0.131594
40,-95.0,0.131967
40,-90.0,0.131051
40,-85.0,0.132549
40,-80.0,0.133082
40,-75.0,0.130442
40,-70.0,0.128438
40,-65.0,0.128078
40,-60.0,0.127411
40,-55.0,0.129264
40,-50.0,0.130175
40,-45.0,0.131482
40,-40.0,0.137673
40,-35.0,0.134787
40,-30.0,0.140826
40,-25.0,0.150058
40,-20.0,0.15967
40,-15.0,0.162543
40,-10.0,0.169691
40,-5.0,0.163367
40,0.0,0.154052
40,5.0,0.150601
40,10.0,0.15299
40,15.0,0.153677
40,20.0,0.155945
40,25.0,0.156096
40,30.0,0.156812
40,35.0,0.162379
40,40.0,0.156924
40,45.0,0.15127
40,50.0,0.152025
40,55.0,0.145979
40,60.0,0.14205
40,65.0,0.142443
40,70.0,0.143199
40,75.0,0.145872
40,80.0,0.142451
40,85.0,0.141746
40,90.0,0.143181
40,95.0,0.138033
40,100.0,0.135382
40,105.0,0.131122
40,110.0,0.125153
40,115.0,0.125211
40,120.0,0.125349
40,125.0,0.123109
40,130.0,0.120476
40,135.0,0.119843
40,140.0,0.124632
40,145.0,0.12829
40,150.0,0.133895
40,155.0,0.135691
40,160.0,0.135036
40,165.0,0.140212
40,170.0,0.151434
40,175.0,0.152996
45,-180.0,0.150688
45,-175.0,0.14879
45,-170.0,0.146207
45,-165.0,0.143713
45,-160.0,0.1417
45,-155.0,0.14578
45,-150.0,0.142963
45,-145.0,0.144964
45,-140.0,0.140637
45,-135.0,0.135377
45,-130.0,0.13237
45,-125.0,0.133843
45,-120.0,0.132648
45,-115.0,0.129818
45,-110.0,0.136977
45,-105.0,0.134718
45,-100.0,0.133667
45,-95.0,0.13217
45,-90.0,0.132455
45,-85.0,0.131405
45,-80.0,0.131896
45,-75.0,0.128512
45,-70.0,0.129529
45,-65.0,0.12769
45,-60.0,0.130901
45,-55.0,0.130341
45,-50.0,0.13466
45,-45.0,0.136362
45,-40.0,0.139185
45,-35.0,0.14217
45,-30.0,0.145477
45,-25.0,0.156111
45,-20.0,0.162035
45,-15.0,0.169092
45,-10.0,0.162014
45,-5.0,0.153355
45,0.0,0.149247
45,5.0,0.148752
45,10.0,0.147467
45,15.0,0.151168
45,20.0,0.161097
45,25.0,0.155962
45,30.0,0.159088
45,35.0,0.158956
45,40.0,0.154196
45,45.0,0.151279
45,50.0,0.146903
45,55.0,0.144289
45,60.0,0.141188
45,65.0,0.142921
45,70.0,0.145069
45,75.0,0.144907
45,80.0,0.14531
45,85.0,0.143233
45,90.0,0.14293
45,95.0,0.137542
45,100.0,0.132682
45,105.0,0.129379
45,110.0,0.126122
45,115.0,0.125983
45,120.0,0.12367
45,125.0,0.121998
45,130.0,0.120492
45,135.0,0.121908
45,140.0,0.126327
45,145.0,0.131152
45,150.0,0.135622
45,155.0,0.13738
45,160.0,0.13852
45,165.0,0.150635
45,170.0,0.152544
45,175.0,0.158762
50,-180.0,0.141041
50,-175.0,0.144855
50,-170.0,0.143547
50,-165.0,0.138828
50,-160.0,0.149676
50,-155.0,0.142745
50,-150.0,0.140675
50,-145.0,0.14242
50,-140.0,0.137881
50,-135.0,0.133615
50,-130.0,0.133663
50,-125.0,0.129747
50,-120.0,0.130757
50,-115.0,0.133119
50,-110.0,0.137097
50,-105.0,0.135949
50,-100.0,0.132203
50,-95.0,0.133069
50,-90.0,0.133104
50,-85.0,0.130544
50,-80.0,0.128763
50,-75.0,0.130135
50,-70.0,0.12959
50,-65.0,0.128598
50,-60.0,0.130637
50,-55.0,0.132755
50,-50.0,0.137938
50,-45.0,0.140064
50,-40.0,0.14294
50,-35.0,0.152181
50,-30.0,0.157971
50,-25.0,0.168034
50,-20.0,0.169894
50,-15.0,0.164993
50,-10.0,0.15452
50,-5.0,0.147904
50,0.0,0.149069
50,5.0,0.147663
50,10.0,0.153161
50,15.0,0.152286
50,20.0,0.161333
50,25.0,0.156627
50,30.0,0.157379
50,35.0,0.157504
50,40.0,0.152321
50,45.0,0.151074
50,50.0,0.14513
50,55.0,0.144912
50,60.0,0.144307
50,65.0,0.147037
50,70.0,0.148942
50,75.0,0.142343
50,80.0,0.142724
50,85.0,0.141397
50,90.0,0.143391
50,95.0,0.138929
50,100.0,0.137181
50,105.0,0.131914
50,110.0,0.12648
50,115.0,0.125483
50,120.0,0.126817
50,125.0,0.125426
50,130.0,0.126807
50,135.0,0.12746
50,140.0,0.13139
50,145.0,0.135472
50,150.0,0.138308
50,155.0,0.143834
50,160.0,0.150952
50,165.0,0.156472
50,170.0,0.15679
50,175.0,0.147571
55,-180.0,0.146877
55,-175.0,0.14331
55,-170.0,0.141943
55,-165.0,0.142604
55,-160.0,0.14238
55,-155.0,0.140805
55,-150.0,0.143339
55,-145.0,0.139571
55,-140.0,0.137293
55,-135.0,0.133977
55,-130.0,0.131759
55,-125.0,0.132319
55,-120.0,0.132321
55,-115.0,0.133209
55,-110.0,0.138629
55,-105.0,0.137144
55,-100.0,0.136828
55,-95.0,0.140068
55,-90.0,0.134438
55,-85.0,0.133676
55,-80.0,0.131459
55,-75.0,0.132489
55,-70.0,0.131411
55,-65.0,0.133574
55,-60.0,0.136842
55,-55.0,0.140726
55,-50.0,0.145597
55,-45.0,0.153115
55,-40.0,0.156306
55,-35.0,0.161971
55,-30.0,0.173985
55,-25.0,0.167962
55,-20.0,0.157424
55,-15.0,0.150581
55,-10.0,0.147808
55,-5.0,0.145264
55,0.0,0.145819
55,5.0,0.149197
55,10.0,0.151362
55,15.0,0.154508
55,20.0,0.159561
55,25.0,0.158284
55,30.0,0.156154
55,35.0,0.156034
55,40.0,0.151762
55,45.0,0.149817
55,50.0,0.146023
55,55.0,0.148616
55,60.0,0.143409
55,65.0,0.145885
55,70.0,0.146347
55,75.0,0.143638
55,80.0,0.14253
55,85.0,0.143765
55,90.0,0.141573
55,95.0,0.141702
55,100.0,0.134366
55,105.0,0.13033
55,110.0,0.13229
55,115.0,0.130081
55,120.0,0.128246
55,125.0,0.13081
55,130.0,0.132958
55,135.0,0.135444
55,140.0,0.135506
55,145.0,0.14398
55,150.0,0.149923
55,155.0,0.151772
55,160.0,0.153211
55,165.0,0.152933
55,170.0,0.149453
55,175.0,0.147378
60,-180.0,0.14086
60,-175.0,0.142163
60,-170.0,0.140997
60,-165.0,0.147638
60,-160.0,0.140008
60,-155.0,0.14202
60,-150.0,0.136954
60,-145.0,0.136091
60,-140.0,0.136132
60,-135.0,0.134067
60,-130.0,0.13337
60,-125.0,0.132233
60,-120.0,0.135322
60,-115.0,0.136775
60,-110.0,0.134058
60,-105.0,0.138659
60,-100.0,0.141915
60,-95.0,0.143835
60,-90.0,0.144169
60,-85.0,0.141218
60,-80.0,0.142701
60,-75.0,0.14141
60,-70.0,0.142422
60,-65.0,0.146642
60,-60.0,0.151
60,-55.0,0.155335
60,-50.0,0.158725
60,-45.0,0.164579
60,-40.0,0.16596
60,-35.0,0.162561
60,-30.0,0.156276
60,-25.0,0.151494
60,-20.0,0.14631
60,-15.0,0.143371
60,-10.0,0.146525
60,-5.0,0.143415
60,0.0,0.147293
60,5.0,0.14588
60,10.0,0.149372
60,15.0,0.153577
60,20.0,0.157133
60,25.0,0.154983
60,30.0,0.15787
60,35.0,0.156101
60,40.0,0.149315
60,45.0,0.145107
60,50.0,0.148318
60,55.0,0.147346
60,60.0,0.145598
60,65.0,0.150611
60,70.0,0.145559
60,75.0,0.148248
60,80.0,0.145943
60,85.0,0.146024
60,90.0,0.145009
60,95.0,0.142692
60,100.0,0.137983
60,105.0,0.13851
60,110.0,0.137436
60,115.0,0.13493
60,120.0,0.140666
60,125.0,0.142249
60,130.0,0.144266
60,135.0,0.149184
60,140.0,0.152898
60,145.0,0.157037
60,150.0,0.153959
60,155.0,0.151796
60,160.0,0.146493
60,165.0,0.146796
60,170.0,0.143423
60,175.0,0.141551
65,-180.0,0.138638
65,-175.0,0.141283
65,-170.0,0.141402
65,-165.0,0.142511
65,-160.0,0.141582
65,-155.0,0.138665
65,-150.0,0.137844
65,-145.0,0.139325
65,-140.0,0.135944
65,-135.0,0.139302
65,-130.0,0.135215
65,-125.0,0.135291
65,-120.0,0.140612
65,-115.0,0.135859
65,-110.0,0.143453
65,-105.0,0.147966
65,-100.0,0.148369
65,-95.0,0.151748
65,-90.0,0.159175
65,-85.0,0.164225
65,-80.0,0.161915
65,-75.0,0.161641
65,-70.0,0.164568
65,-65.0,0.164589
65,-60.0,0.164805
65,-55.0,0.16522
65,-50.0,0.161634
65,-45.0,0.156057
65,-40.0,0.149657
65,-35.0,0.147352
65,-30.0,0.145588
65,-25.0,0.144891
65,-20.0,0.145278
65,-15.0,0.149675
65,-10.0,0.146335
65,-5.0,0.144193
65,0.0,0.145353
65,5.0,0.150023
65,10.0,0.154927
65,15.0,0.162159
65,20.0,0.157344
65,25.0,0.159795
65,30.0,0.155251
65,35.0,0.153535
65,40.0,0.149326
65,45.0,0.144974
65,50.0,0.147168
65,55.0,0.146118
65,60.0,0.15022
65,65.0,0.148078
65,70.0,0.146959
65,75.0,0.150333
65,80.0,0.149129
65,85.0,0.151958
65,90.0,0.151078
65,95.0,0.149738
65,100.0,0.15405
65,105.0,0.153987
65,110.0,0.155052
65,115.0,0.150059
65,120.0,0.151983
65,125.0,0.151897
65,130.0,0.147922
65,135.0,0.152151
65,140.0,0.147736
65,145.0,0.145799
65,150.0,0.141702
65,155.0,0.141693
65,160.0,0.138433
65,165.0,0.140662
65,170.0,0.139017
65,175.0,0.139723
70,-180.0,0.140818
70,-175.0,0.13987
70,-170.0,0.139272
70,-165.0,0.140001
70,-160.0,0.139128
70,-155.0,0.141417
70,-150.0,0.139282
70,-145.0,0.138091
70,-140.0,0.134912
70,-135.0,0.13549
70,-130.0,0.139101
70,-125.0,0.139369
70,-120.0,0.136341
70,-115.0,0.142943
70,-110.0,0.144542
70,-105.0,0.145285
70,-100.0,0.145177
70,-95.0,0.146285
70,-90.0,0.146687
70,-85.0,0.145481
70,-80.0,0.142589
70,-75.0,0.146996
70,-70.0,0.1464
70,-65.0,0.150436
70,-60.0,0.147384
70,-55.0,0.146567
70,-50.0,0.144272
70,-45.0,0.143801
70,-40.0,0.144272
70,-35.0,0.1424
70,-30.0,0.142618
70,-25.0,0.147977
70,-20.0,0.146051
70,-15.0,0.143957
70,-10.0,0.148525
70,-5.0,0.146963
70,0.0,0.154526
70,5.0,0.15525
70,10.0,0.156889
70,15.0,0.15506
70,20.0,0.157186
70,25.0,0.158308
70,30.0,0.152452
70,35.0,0.151444
70,40.0,0.151353
70,45.0,0.148344
70,50.0,0.150212
70,55.0,0.150187
70,60.0,0.154818
70,65.0,0.148765
70,70.0,0.148312
70,75.0,0.150051
70,80.0,0.148582
70,85.0,0.148106
70,90.0,0.140984
70,95.0,0.139755
70,100.0,0.137356
70,105.0,0.140537
70,110.0,0.13706
70,115.0,0.1353
70,120.0,0.137823
70,125.0,0.138241
70,130.0,0.134051
70,135.0,0.136913
70,140.0,0.135569
70,145.0,0.135864
70,150.0,0.138446
70,155.0,0.137908
70,160.0,0.139003
70,165.0,0.13903
70,170.0,0.137213
70,175.0,0.137845
75,-180.0,0.14017
75,-175.0,0.136759
75,-170.0,0.137824
75,-165.0,0.139989
75,-160.0,0.140551
75,-155.0,0.141989
75,-150.0,0.138813
75,-145.0,0.138914
75,-140.0,0.140825
75,-135.0,0.141898
75,-130.0,0.142734
75,-125.0,0.143464
75,-120.0,0.145556
75,-115.0,0.151314
75,-110.0,0.153336
75,-105.0,0.152217
75,-100.0,0.148806
75,-95.0,0.150064
75,-90.0,0.155004
75,-85.0,0.150591
75,-80.0,0.150121
75,-75.0,0.149314
75,-70.0,0.147766
75,-65.0,0.149731
75,-60.0,0.148327
75,-55.0,0.151018
75,-50.0,0.148915
75,-45.0,0.149692
75,-40.0,0.148118
75,-35.0,0.14672
75,-30.0,0.147787
75,-25.0,0.146596
75,-20.0,0.147165
75,-15.0,0.148961
75,-10.0,0.151459
75,-5.0,0.152254
75,0.0,0.149961
75,5.0,0.152826
75,10.0,0.152644
75,15.0,0.153075
75,20.0,0.151638
75,25.0,0.152568
75,30.0,0.150384
75,35.0,0.1552
75,40.0,0.15126
75,45.0,0.15104
75,50.0,0.152777
75,55.0,0.15221
75,60.0,0.152416
75,65.0,0.149905
75,70.0,0.151105
75,75.0,0.155202
75,80.0,0.15337
75,85.0,0.150372
75,90.0,0.148168
75,95.0,0.143375
75,100.0,0.14283
75,105.0,0.140527
75,110.0,0.141815
75,115.0,0.139208
75,120.0,0.13864
75,125.0,0.141706
75,130.0,0.141412
75,135.0,0.137835
75,140.0,0.136939
75,145.0,0.137516
75,150.0,0.13923
75,155.0,0.137653
75,160.0,0.141055
75,165.0,0.1408
75,170.0,0.141501
75,175.0,0.141149
80,-180.0,0.134591
80,-175.0,0.136596
80,-170.0,0.140312
80,-165.0,0.143519
80,-160.0,0.14642
80,-155.0,0.143825
80,-150.0,0.142122
80,-145.0,0.143563
80,-140.0,0.143897
80,-135.0,0.144899
80,-130.0,0.147604
80,-125.0,0.147358
80,-120.0,0.147298
80,-115.0,0.148353
80,-110.0,0.149222
80,-105.0,0.150295
80,-100.0,0.153191
80,-95.0,0.153794
80,-90.0,0.155509
80,-85.0,0.154069
80,-80.0,0.152818
80,-75.0,0.151531
80,-70.0,0.152678
80,-65.0,0.153722
80,-60.0,0.150202
80,-55.0,0.152751
80,-50.0,0.153322
80,-45.0,0.153626
80,-40.0,0.150927
80,-35.0,0.151055
80,-30.0,0.148149
80,-25.0,0.149495
80,-20.0,0.149057
80,-15.0,0.154465
80,-10.0,0.154381
80,-5.0,0.157861
80,0.0,0.156794
80,5.0,0.15394
80,10.0,0.149702
80,15.0,0.150079
80,20.0,0.146716
80,25.0,0.144083
80,30.0,0.142915
80,35.0,0.142358
80,40.0,0.140122
80,45.0,0.142046
80,50.0,0.141177
80,55.0,0.142092
80,60.0,0.14253
80,65.0,0.143015
80,70.0,0.140833
80,75.0,0.140855
80,80.0,0.139775
80,85.0,0.140582
80,90.0,0.137489
80,95.0,0.13847
80,100.0,0.137006
80,105.0,0.138393
80,110.0,0.137547
80,115.0,0.135936
80,120.0,0.135341
80,125.0,0.133387
80,130.0,0.133814
80,135.0,0.135288
80,140.0,0.134061
80,145.0,0.131644
80,150.0,0.132789
80,155.0,0.132676
80,160.0,0.130712
80,165.0,0.13189
80,170.0,0.133445
80,175.0,0.133961
85,-180.0,0.138899
85,-175.0,0.139576
85,-170.0,0.138492
85,-165.0,0.138953
85,-160.0,0.138171
85,-155.0,0.138295
85,-150.0,0.137932
85,-145.0,0.136085
85,-140.0,0.137117
85,-135.0,0.136269
85,-130.0,0.138814
85,-125.0,0.136674
85,-120.0,0.138747
85,-115.0,0.137869
85,-110.0,0.137559
85,-105.0,0.139664
85,-100.0,0.140653
85,-95.0,0.142261
85,-90.0,0.141536
85,-85.0,0.143066
85,-80.0,0.142803
85,-75.0,0.144435
85,-70.0,0.144947
85,-65.0,0.144108
85,-60.0,0.145643
85,-55.0,0.144717
85,-50.0,0.145789
85,-45.0,0.143997
85,-40.0,0.145365
85,-35.0,0.142002
85,-30.0,0.145464
85,-25.0,0.140284
85,-20.0,0.140719
85,-15.0,0.139936
85,-10.0,0.137663
85,-5.0,0.138014
85,0.0,0.136924
85,5.0,0.138159
85,10.0,0.134704
85,15.0,0.134015
85,20.0,0.135492
85,25.0,0.133805
85,30.0,0.134029
85,35.0,0.132623
85,40.0,0.132721
85,45.0,0.13213
85,50.0,0.132846
85,55.0,0.13357
85,60.0,0.133669
85,65.0,0.137267
85,70.0,0.134507
85,75.0,0.135524
85,80.0,0.134981
85,85.0,0.136397
85,90.0,0.136997
85,95.0,0.140609
85,100.0,0.136278
85,105.0,0.140046
85,110.0,0.139873
85,115.0,0.14111
85,120.0,0.137174
85,125.0,0.138649
85,130.0,0.13835
85,135.0,0.137175
85,140.0,0.13575
85,145.0,0.137405
85,150.0,0.139091
85,155.0,0.138969
85,160.0,0.138347
85,165.0,0.139865
85,170.0,0.13789
85,175.0,0.137841
