axis_lat,axis_lon,r2,rmse
-40.0,40.0,0.00010358835679802336,33.58212205808674
-40.0,42.0,0.00012094426756581456,33.581830602473794
-40.0,44.0,0.00013853428373744592,33.581535212977464
-40.0,46.0,0.00015611918655866752,33.58123990675253
-40.0,48.0,0.00017347340550755153,33.58094847189459
-40.0,50.0,0.0001903866740213811,33.58066443962233
-40.0,52.0,0.00020666529374291365,33.58039106302932
-40.0,54.0,0.0002221330296460211,33.580131302031006
-40.0,56.0,0.00023663166673537628,33.579887813993125
-40.0,58.0,0.0002500212649059197,33.57966294942812
-40.0,60.0,0.00026218015209422685,33.57945875208692
-40.0,62.0,0.00027300469739321986,33.57927696274723
-40.0,64.0,0.0002824089055784018,33.5791190260028
-40.0,66.0,0.0002903238728736435,33.578986099385666
-40.0,68.0,0.000296697141130009,33.57887906419716
-40.0,70.0,0.00030149198415319045,33.57879853748158
-40.0,72.0,0.00030468665604699297,33.57874488464088
-40.0,74.0,0.00030627362731583396,33.578718232257984
-40.0,76.0,0.0003062588303172076,33.57871848076622
-40.0,78.0,0.0003046609315991988,33.57874531666984
-40.0,80.0,0.00030151064481509504,33.578798224085794
-40.0,82.0,0.0002968500943258956,33.57887649543648
-40.0,84.0,0.0002907322363336906,33.57897924117839
-40.0,86.0,0.00028322034143857255,33.57910539850084
-40.0,88.0,0.00027438753986308573,33.579253738973854
-40.0,90.0,0.0002643164282351007,33.57942287516327
-40.0,92.0,0.0002530987347193481,33.57961126626692
-40.0,94.0,0.00024083503741301193,33.57981722285695
-40.0,96.0,0.0002276345292352433,33.580038910841516
-40.0,98.0,0.00021361482100001883,33.5802743547855
-40.0,100.0,0.0001989017729719933,33.58052144075258
-40.0,102.0,0.00018362934388804764,33.58077791885342
-40.0,104.0,0.0001679394452253069,33.5810414057051
-40.0,106.0,0.0001519817873681939,33.58130938702527
-40.0,108.0,0.0001359137032898028,33.581579220602485
-40.0,110.0,0.00011989993443317637,33.58184813989944
-38.0,40.0,0.00014490721793780637,33.58142819152368
-38.0,42.0,0.0001656401406605612,33.581080018688446
-38.0,44.0,0.00018641768544069848,33.580731092882935
-38.0,46.0,0.00020698787142237052,33.58038564576701
-38.0,48.0,0.00022711496587313196,33.58004763630556
-38.0,50.0,0.0002465810151591752,33.579720725037035
-38.0,52.0,0.0002651869415681851,33.57940825562824
-38.0,54.0,0.0002827532390670129,33.57911324316158
-38.0,56.0,0.00029912030899004183,33.578838368467935
-38.0,58.0,0.00031414848172017784,33.578585977732956
-38.0,60.0,0.00032771777289930526,33.57835808656295
-38.0,62.0,0.00033972742297450065,33.5781563876917
-38.0,64.0,0.0003500952673728408,33.577982261534636
-38.0,66.0,0.0003587569816917435,33.577836788845445
-38.0,68.0,0.00036566524241921083,33.577720764795025
-38.0,70.0,0.0003707888392102676,33.577634713867795
-38.0,72.0,0.00037411176991708484,33.57757890505142
-38.0,74.0,0.00037563234469983886,33.5775533668777
-38.0,76.0,0.00037536232076496034,33.57755790195246
-38.0,78.0,0.0003733260847641473,33.57759210068808
-38.0,80.0,0.00036955989570408576,33.57765535402266
-38.0,82.0,0.00036411119742596476,33.577746864973236
-38.0,84.0,0.0003570380063195877,33.57786565892763
-38.0,86.0,0.00034840837693383975,33.578010592629894
-38.0,88.0,0.00033829994551781706,33.57818036185847
-38.0,90.0,0.00032679954921344123,33.5783735078351
-38.0,92.0,0.0003140029165918934,33.57858842243646
-38.0,94.0,0.0003000144234401869,33.57882335231064
-38.0,96.0,0.0002849469060862697,33.579076402027795
-38.0,98.0,0.0002689215230970987,33.57934553641845
-38.0,100.0,0.0002520676548135592,33.579628582276335
-38.0,102.0,0.00023452282890501497,33.579923229623795
-38.0,104.0,0.00021643265890036734,33.58022703275859
-38.0,106.0,0.00019795078145190548,33.58053741132092
-38.0,108.0,0.00017923877696057744,33.580851651638454
-38.0,110.0,0.00016046605709907347,33.58116690862556
-36.0,40.0,0.00019218010193222668,33.58063432162433
-36.0,42.0,0.00021624551822696514,33.5802301755518
-36.0,44.0,0.00024014982497155835,33.57982873028064
-36.0,46.0,0.0002636305445362641,33.579434393995285
-36.0,48.0,0.00028644411242040313,33.57905125745057
-36.0,50.0,0.00030836723015559286,33.57868307122076
-36.0,52.0,0.00032919774687723,33.578333230860004
-36.0,54.0,0.0003487551143076528,33.578004769224854
-36.0,56.0,0.00036688046693500453,33.577700355090975
-36.0,58.0,0.0003834363830260701,33.57742229713126
-36.0,60.0,0.0003983063831810574,33.5771725523042
-36.0,62.0,0.00041139422190161756,33.57695273772189
-36.0,64.0,0.000422623024644575,33.57676414511706
-36.0,66.0,0.00043193431854482434,33.576607757100255
-36.0,68.0,0.000439286999851074,33.57648426448446
-36.0,70.0,0.00044465627555845266,33.57639408404767
-36.0,72.0,0.0004480326110016808,33.5763373761996
-36.0,74.0,0.000449420709589643,33.576314062112786
-36.0,76.0,0.00044883854555366476,33.57632383996699
-36.0,78.0,0.0004463164656882679,33.576366200038265
-36.0,80.0,0.00044189637165203965,33.576440438438055
-36.0,82.0,0.0004356309904695044,33.576545669373445
-36.0,84.0,0.00042758323745351046,33.576680835857545
-36.0,86.0,0.00041782567280079785,33.576844718848434
-36.0,88.0,0.0004064400505607857,33.577035944838244
-36.0,90.0,0.0003935169564894814,33.57725299195073
-36.0,92.0,0.0003791555294004878,33.577494194637424
-36.0,94.0,0.0003634632589634146,33.577757747090615
-36.0,96.0,0.0003465558514283984,33.57804170551599
-36.0,98.0,0.0003285571533792053,33.57834398943095
-36.0,100.0,0.000309599122358617,33.57866238217563
-36.0,102.0,0.00028982183195280786,33.578994530845016
-36.0,104.0,0.00026937349771016805,33.57933794587048
-36.0,106.0,0.00024841050903989803,33.5796900005001
-36.0,108.0,0.00022709745099958045,33.580047930447506
-36.0,110.0,0.0002056070986727887,33.58040883399939
-34.0,40.0,0.00024490178040836863,33.57974892609602
-34.0,42.0,0.0002722183190470018,33.57929016935824
-34.0,44.0,0.00029915424657112055,33.57883779850517
-34.0,46.0,0.0003254390569809029,33.578396356852544
-34.0,48.0,0.00035082382774298537,33.57797002545502
-34.0,50.0,0.0003750823439268025,33.57756260418642
-34.0,52.0,0.0003980117209841927,33.57717750123673
-34.0,54.0,0.00041943258308696496,33.576817730072406
-34.0,56.0,0.0004391888596868565,33.576485912809346
-34.0,58.0,0.0004571472652364905,33.576184288909836
-34.0,60.0,0.0004731965263774507,33.57591472812441
-34.0,62.0,0.00048724641797881496,33.57567874664874
-34.0,64.0,0.0004992266648006227,33.57547752554251
-34.0,66.0,0.0005090857598186727,33.57531193055332
-34.0,68.0,0.000516789743872037,33.57518253259559
-34.0,70.0,0.000522320984683966,33.57508962824516
-34.0,72.0,0.0005256769867872935,33.575033259719696
-34.0,74.0,0.000526869257676088,33.57501323391925
-34.0,76.0,0.0005259222497769889,33.57502914019739
-34.0,78.0,0.000522872392674234,33.57508036661999
-34.0,80.0,0.000517767225470922,33.57516611454535
-34.0,82.0,0.0005106646352194266,33.5752854114253
-34.0,84.0,0.0005016322039816945,33.575437121784226
-34.0,86.0,0.000490746664236319,33.57561995638001
-34.0,88.0,0.00047809345993687913,33.57583247959219
-34.0,90.0,0.0004637664085229698,33.57607311511566
-34.0,92.0,0.0004478674574565078,33.57634015006784
-34.0,94.0,0.00043050652739218265,33.576631737641456
-34.0,96.0,0.0004118014327517683,33.57694589845782
-34.0,98.0,0.00039187786927741275,33.57728052079551
-34.0,100.0,0.00037086945695397056,33.57763335988915
-34.0,102.0,0.00034891782553492234,33.578002036512515
-34.0,104.0,0.0003261727287159344,33.57838403508015
-34.0,106.0,0.0003027921717594362,33.57877670152227
-34.0,108.0,0.00027894253607452235,33.579177241209926
-34.0,110.0,0.0002547986829152249,33.57958271722927
-32.0,40.0,0.00030253292758131156,33.57878105539149
-32.0,42.0,0.0003329861780103638,33.578269605252835
-32.0,44.0,0.000362828315080832,33.577768410960786
-32.0,46.0,0.00039178339980372456,33.57728210743125
-32.0,48.0,0.0004195996921091405,33.57681492340049
-32.0,50.0,0.00044605050038448724,33.57637066710591
-32.0,52.0,0.00047093450808610715,33.57595272074754
-32.0,54.0,0.0004940756466028651,33.57556404257057
-32.0,56.0,0.0005153225875874634,33.5752071753417
-32.0,58.0,0.0005345479283401788,33.57488425998468
-32.0,60.0,0.0005516471412961854,33.574597053183155
-32.0,62.0,0.00056653735390233,33.57434694783808
-32.0,64.0,0.0005791560189190026,33.57413499537181
-32.0,66.0,0.0005894595279939407,33.57396192899127
-32.0,68.0,0.0005974218137996257,33.57382818714939
-32.0,70.0,0.0006030329784704191,33.57373393657053
-32.0,72.0,0.000606297978842929,33.573679094327176
-32.0,74.0,0.0006072353923126661,33.57366334856736
-32.0,76.0,0.0006058762810764451,33.57368617759374
-32.0,78.0,0.0006022631672212286,33.573746867084594
-32.0,80.0,0.0005964491265403327,33.57384452532366
-32.0,82.0,0.0005884970050767935,33.57397809637128
-32.0,84.0,0.0005784787591602836,33.57414637116352
-32.0,86.0,0.0005664749170323224,33.57434799657078
-32.0,88.0,0.0005525741579773813,33.57458148248425
-32.0,90.0,0.000536873003067817,33.574845207028865
-32.0,92.0,0.0005194756101580822,33.57513742002618
-32.0,94.0,0.0005004936644856794,33.575456244852155
-32.0,96.0,0.00048004635511367244,33.575799678853706
-32.0,98.0,0.00045826042640872977,33.5761655925053
-32.0,100.0,0.00043527029270928885,33.576551727504416
-32.0,102.0,0.0004112182032809386,33.57695569402242
-32.0,104.0,0.0003862544435230264,33.57737496734627
-32.0,106.0,0.00036053755715603764,33.57780688416746
-32.0,108.0,0.00033423457278569657,33.57824863879658
-32.0,110.0,0.00030752121679056277,33.57869727960649
-30.0,40.0,0.00036451090095834804,33.57774015195626
-30.0,42.0,0.0003979577343004026,33.577178407957845
-30.0,44.0,0.000430554913829706,33.57663092496479
-30.0,46.0,0.00046202371232773043,33.57610238512479
-30.0,48.0,0.0004921121043420795,33.57559702236836
-30.0,50.0,0.0005205953020606113,33.575118613346554
-30.0,52.0,0.0005472757560398556,33.57467047735642
-30.0,54.0,0.000571982701867868,33.5742554838949
-30.0,56.0,0.0005945713357907723,33.57387606644887
-30.0,58.0,0.0006149217005748664,33.57353424115769
-30.0,60.0,0.0006329373582697473,33.573231629061745
-30.0,62.0,0.0006485439199026555,33.57296948076117
-30.0,64.0,0.0006616874942265705,33.572748702441444
-30.0,66.0,0.0006723331091066376,33.57256988236595
-30.0,68.0,0.000680463150475652,33.57243331708001
-30.0,70.0,0.0006860758554236845,33.57233903671211
-30.0,72.0,0.0006891838881870616,33.572286828888174
-30.0,74.0,0.0006898130207494413,33.5722762608938
-30.0,76.0,0.0006880009335508142,33.5723066998232
-30.0,78.0,0.0006837961464549736,33.57237733054396
-30.0,80.0,0.0006772570856166116,33.57248717138206
-30.0,82.0,0.0006684512881731663,33.57263508749452
-30.0,84.0,0.0006574547436490885,33.572819801947595
-30.0,86.0,0.0006443513685514546,33.57303990455956
-30.0,88.0,0.000629232608690744,33.573293858599385
-30.0,90.0,0.0006121971622491396,33.57358000545836
-30.0,92.0,0.0005933508153672662,33.57389656743262
-30.0,94.0,0.0005728063810074291,33.57424164877167
-30.0,96.0,0.0005506837309290358,33.57461323516344
-30.0,98.0,0.000527109909769119,33.57500919184076
-30.0,100.0,0.000502219319335806,33.57542726050871
-30.0,102.0,0.0004761539602827769,33.57586505530837
-30.0,104.0,0.0004490637172808176,33.57632005804989
-30.0,106.0,0.0004211066726038659,33.57678961296812
-30.0,108.0,0.0003924494316881466,33.57727092127661
-30.0,110.0,0.00036326744270598343,33.57776103582121
-28.0,40.0,0.00043026009222657535,33.57663587665448
-28.0,42.0,0.0004665332910454012,33.57602664300637
-28.0,44.0,0.0005017133134456175,33.57543575945796
-28.0,46.0,0.0005355212630298034,33.57486791144185
-28.0,48.0,0.0005677072827617868,33.57432729690063
-28.0,50.0,0.0005980507463536622,33.57381762299971
-28.0,52.0,0.0006263599120710506,33.57334211187115
-28.0,54.0,0.0006524711311338693,33.57290351384255
-28.0,56.0,0.000676247702480981,33.57250412661202
-28.0,58.0,0.0006975784616165548,33.57214581889694
-28.0,60.0,0.0007163761845172534,33.57183005719733
-28.0,62.0,0.0007325758790907022,33.5715579344564
-28.0,64.0,0.0007461330272031663,33.5713301995598
-28.0,66.0,0.0007570218305124055,33.571147286778924
-28.0,68.0,0.0007652335037475755,33.57100934442454
-28.0,70.0,0.000770774650053041,33.570916262128705
-28.0,72.0,0.0007736657447946493,33.570867696310565
-28.0,74.0,0.0007739397469652687,33.57086309350391
-28.0,76.0,0.0007716408510506367,33.57090171132959
-28.0,78.0,0.0007668233869652097,33.57098263698432
-28.0,80.0,0.0007595508713073018,33.57110480319055
-28.0,82.0,0.000749895209712137,33.57126700161065
-28.0,84.0,0.000737936047310872,33.57146789377514
-28.0,86.0,0.0007237602621811279,33.57170601961055
-28.0,88.0,0.0007074615950335428,33.57197980368
-28.0,90.0,0.0006891404071497353,33.572287559270464
-28.0,92.0,0.0006689035576155078,33.57262749047695
-28.0,94.0,0.0006468643901302862,33.572997692446734
-28.0,96.0,0.000623142818990563,33.57339614995828
-28.0,98.0,0.0005978655031931845,33.57382073452047
-28.0,100.0,0.0005711660968965582,33.574269200189555
-28.0,102.0,0.0005431855636715,33.57473917831502
-28.0,104.0,0.0005140725410173186,33.57522817144119
-28.0,106.0,0.0004839837404760905,33.57573354661097
-28.0,108.0,0.000453084367326162,33.57625252834048
-28.0,110.0,0.00042154854226839067,33.576782191559715
-26.0,40.0,0.0004992015597876653,33.575477947209414
-26.0,42.0,0.0005381145682096244,33.57482435314778
-26.0,44.0,0.0005756889494382689,33.574193230978224
-26.0,46.0,0.0006116481621306624,33.57358922705223
-26.0,48.0,0.0006457468311611425,33.5730164644868
-26.0,50.0,0.0006777705729125172,33.572478546016534
-26.0,52.0,0.0007075352902949916,33.57197856575628
-26.0,54.0,0.0007348860395832713,33.57151912816202
-26.0,56.0,0.0007596955682208639,33.571102372526624
-26.0,58.0,0.0007818626163079712,33.57073000145405
-26.0,60.0,0.0008013100656766303,33.5704033119034
-26.0,62.0,0.0008179830101681107,33.57012322756605
-26.0,64.0,0.000831846809858261,33.569890331521826
-26.0,66.0,0.0008428851810983184,33.56970489830209
-26.0,68.0,0.0008510983638828629,33.56956692466168
-26.0,70.0,0.0008565013985498693,33.56947615852123
-26.0,72.0,0.0008591225353319354,33.56943212568383
-26.0,74.0,0.00085900179295062,33.569434154052985
-26.0,76.0,0.0008561896762508958,33.569481395183175
-26.0,78.0,0.000850746057778351,33.56957284307999
-26.0,80.0,0.000842739224119593,33.56970735023505
-26.0,82.0,0.0008322450846228735,33.56988364093554
-26.0,84.0,0.0008193465376860054,33.570100321928415
-26.0,86.0,0.0008041329879776571,33.57035589055064
-26.0,88.0,0.0007867000066619223,33.570648740458104
-26.0,90.0,0.0007671491257431606,33.57097716510248
-26.0,92.0,0.0007455877569868541,33.571339359116045
-26.0,94.0,0.0007221292253556388,33.57173341777349
-26.0,96.0,0.0006968929064538054,33.57215733470709
-26.0,98.0,0.0006700044570379093,33.57260899805911
-26.0,100.0,0.0006415961271051263,33.57308618526422
-26.0,102.0,0.0006118071414309423,33.57358655666592
-26.0,104.0,0.000580784137561019,33.57410764818485
-26.0,106.0,0.0005486816462109134,33.5746468632751
-26.0,108.0,0.0005156625986939556,33.575201464426584
-26.0,110.0,0.0004818988444232897,33.57576856449798
-24.0,40.0,0.0005707617204769866,33.57427599238973
-24.0,42.0,0.0006121133454498606,33.57358141333523
-24.0,44.0,0.0006518819292292699,33.57291341090799
-24.0,46.0,0.0006897956545501849,33.57227655260645
-24.0,48.0,0.0007256157496294824,33.571674851097995
-24.0,50.0,0.000759135935422095,33.57111177341211
-24.0,52.0,0.0007901813591780771,33.570590258768426
-24.0,54.0,0.000818607124825288,33.57011274318539
-24.0,56.0,0.0008442965251300727,33.56968118910827
-24.0,58.0,0.0008671590718236644,33.56929711844168
-24.0,60.0,0.0008871284090523623,33.56896164755292
-24.0,62.0,0.000904160183631153,33.56867552301159
-24.0,64.0,0.000918229933449477,33.56843915703431
-24.0,66.0,0.0009293310436266911,33.56825266180045
-24.0,68.0,0.0009374728090868478,33.56811588198828
-24.0,70.0,0.0009426786323976089,33.56802842504587
-24.0,72.0,0.0009449843771397459,33.56798968885524
-24.0,74.0,0.0009444368898069433,33.56799888657025
-24.0,76.0,0.0009410926972274192,33.56805506850996
-24.0,78.0,0.0009350168816660842,33.56815714107034
-24.0,80.0,0.0009262821320038528,33.56830388268041
-24.0,82.0,0.0009149679665239052,33.56849395687762
-24.0,84.0,0.000901160120759692,33.56872592261164
-24.0,86.0,0.0008849500923842069,33.56899824191123
-24.0,88.0,0.0008664348341399508,33.56930928506487
-24.0,90.0,0.0008457165851863957,33.56965733347689
-24.0,92.0,0.0008229028308480713,33.57004058036715
-24.0,94.0,0.0007981063804956001,33.57045712948667
-24.0,96.0,0.000771445553087835,33.570904992025305
-24.0,98.0,0.000743044459651232,33.57138208189143
-24.0,100.0,0.000713033371641747,33.5718862095495
-24.0,102.0,0.0006815491636055215,33.57241507461004
-24.0,104.0,0.0006487358178481895,33.57296625737857
-24.0,106.0,0.0006147449778310943,33.57353720958645
-24.0,108.0,0.0005797365357496087,33.57412524454792
-24.0,110.0,0.0005438792381765589,33.57472752701389
-22.0,40.0,0.0006443799463334843,33.57303942452874
-22.0,42.0,0.0006879588661723446,33.57230740645883
-22.0,44.0,0.0007297141687605535,33.571606005674894
-22.0,46.0,0.0007693809249219585,33.57093967448103
-22.0,48.0,0.0008067288552831009,33.570312283361716
-22.0,50.0,0.0008415613971569647,33.569727136557155
-22.0,52.0,0.0008737142827242028,33.56918699585622
-22.0,54.0,0.0009030537457599408,33.56869411063958
-22.0,56.0,0.0009294744659776866,33.56825025234232
-22.0,58.0,0.0009528973490700032,33.56785675168863
-22.0,60.0,0.0009732672278605081,33.56751453726404
-22.0,62.0,0.0009905505566967232,33.567224174212605
-22.0,64.0,0.0010047331580582686,33.56698590206753
-22.0,66.0,0.001015818067939378,33.566799670931985
-22.0,68.0,0.0010238235152532082,33.56666517541671
-22.0,70.0,0.0010287810605479342,33.56658188590822
-22.0,72.0,0.0010307339108018843,33.566549076884925
-22.0,74.0,0.0010297354199721998,33.56656585211725
-22.0,76.0,0.0010258477792508547,33.56663116668464
-22.0,78.0,0.0010191408964802529,33.56674384581746
-22.0,80.0,0.0010096914607840013,33.5669026006297
-22.0,82.0,0.0009975821859787848,33.56710604084966
-22.0,84.0,0.0009829012246190816,33.56735268468528
-22.0,86.0,0.0009657417434129068,33.56764096597941
-22.0,88.0,0.0009462016500889625,33.56796923882115
-22.0,90.0,0.0009243834614780511,33.56833577978558
-22.0,92.0,0.0009003943024579186,33.56873878797527
-22.0,94.0,0.0008743460254072577,33.56917638303784
-22.0,96.0,0.0008463554398391304,33.56964660133294
-22.0,98.0,0.0008165446418316735,33.570147390423315
-22.0,100.0,0.0007850414327176258,33.570676602066925
-22.0,102.0,0.0007519798161260693,33.571231983893526
-22.0,104.0,0.0007175005618800245,33.571811169958785
-22.0,106.0,0.000681751824380572,33.572411670383886
-22.0,108.0,0.0006448898019002502,33.573030860308506
-22.0,110.0,0.0006070794216838094,33.57366596841081
-20.0,40.0,0.0007195149781028531,33.571777331862364
-20.0,42.0,0.0007651039433170803,33.57101152082714
-20.0,44.0,0.0008086351302520889,33.570280260389595
-20.0,46.0,0.0008498524186438816,33.56958785539031
-20.0,48.0,0.0008885356497922992,33.56893800676698
-20.0,50.0,0.0009244993198395113,33.568333833400125
-20.0,52.0,0.0009575908166246094,33.56777790163683
-20.0,54.0,0.0009876883222447175,33.56727226044278
-20.0,56.0,0.0010146984928062208,33.56681848031073
-20.0,58.0,0.0010385540137906046,33.56641769427217
-20.0,60.0,0.0010592111152033512,33.56607063959767
-20.0,62.0,0.001076647116211138,33.565777699014056
-20.0,64.0,0.0010908580550392788,33.565538940500346
-20.0,66.0,0.001101856447025873,33.56535415494019
-20.0,68.0,0.0011096692022461996,33.565222891101946
-20.0,70.0,0.0011143357241878427,33.565144487583964
-20.0,72.0,0.0011159062026100397,33.565118101503074
-20.0,74.0,0.0011144401069322907,33.56514273381868
-20.0,76.0,0.0011100048811117924,33.565217251275165
-20.0,78.0,0.0011026748368718753,33.56534040501442
-20.0,80.0,0.0010925302391358027,33.56551084596124
-20.0,82.0,0.0010796565754245258,33.565727137119225
-20.0,84.0,0.0010641439996372792,33.5659877629379
-20.0,86.0,0.0010460869398659645,33.5662911359246
-20.0,88.0,0.0010255838595609745,33.56663560068039
-20.0,90.0,0.0010027371613324787,33.56701943553996
-20.0,92.0,0.0009776532228267243,33.56744085199289
-20.0,94.0,0.0009504425543483963,33.56789799205995
-20.0,96.0,0.0009212200681328886,33.568388923794
-20.0,98.0,0.0008901054493180016,33.56891163507296
-20.0,100.0,0.0008572236186703552,33.569464025851836
-20.0,102.0,0.000822705276914748,33.57004389904471
-20.0,104.0,0.0007866875200511769,33.57064895021493
-20.0,106.0,0.0007493145142786206,33.57127675626492
-20.0,108.0,0.000710738218039797,33.57192476333529
-20.0,110.0,0.0006711191372190672,33.57259027414785
-18.0,40.0,0.0007956501267540883,33.57049839117301
-18.0,42.0,0.0008430297680074306,33.56970246938477
-18.0,44.0,0.00088812619305223,33.56894488539214
-18.0,46.0,0.000930693741860944,33.56822976881818
-18.0,48.0,0.0009705237269949096,33.56756062834396
-18.0,50.0,0.0010074427682915665,33.56694037957448
-18.0,52.0,0.0010413107093371066,33.566371379943234
-18.0,54.0,0.0010720182408714418,33.56585546855474
-18.0,56.0,0.001099484343347501,33.56539400908012
-18.0,58.0,0.0011236536459826585,33.56498793407042
-18.0,60.0,0.0011444937840592306,33.56463778931317
-18.0,62.0,0.0011619928208480568,33.56434377711606
-18.0,64.0,0.001176156786056315,33.56410579764419
-18.0,66.0,0.001187007369592541,33.563923487657625
-18.0,68.0,0.0011945797979551198,33.563796256188986
-18.0,70.0,0.0011989209107904353,33.56372331686461
-18.0,72.0,0.0012000874471262968,33.56370371670845
-18.0,74.0,0.0011981445443569605,33.563736361375504
-18.0,76.0,0.0011931644480900339,33.56382003684571
-18.0,78.0,0.0011852254272889384,33.563953427670874
-18.0,80.0,0.0011744108865484604,33.56413513191097
-18.0,82.0,0.0011608086656478278,33.56436367292507
-18.0,84.0,0.0011445105155473145,33.56463750819826
-18.0,86.0,0.001125611739561272,33.56495503539392
-18.0,88.0,0.0011042109884151774,33.565314595820624
-18.0,90.0,0.001080410198127213,33.56571447549964
-18.0,92.0,0.0010543146600566766,33.566152904012014
-18.0,94.0,0.0010260332129082839,33.56662805129699
-18.0,96.0,0.0009956785469109608,33.567138022566056
-18.0,98.0,0.0009633676107168032,33.56768085149181
-18.0,100.0,0.000929222111725303,33.568254491827894
-18.0,102.0,0.0008933691004803235,33.568856807617266
-18.0,104.0,0.0008559416294617872,33.56948556215167
-18.0,106.0,0.0008170794759376765,33.57013840585593
-18.0,108.0,0.0007769299175423017,33.570812863287664
-18.0,110.0,0.0007356485478448027,33.57150631946631
-16.0,40.0,0.0008722972851356037,33.56921080037464
-16.0,42.0,0.0009212494720143294,33.56838842981847
-16.0,44.0,0.0009677037372237685,33.56760800437893
-16.0,46.0,0.0010114262478956304,33.56687345547444
-16.0,48.0,0.001052220854577568,33.566188081579256
-16.0,50.0,0.00108992708946265,33.56555458173973
-16.0,52.0,0.0011244177890812335,33.56497509541482
-16.0,54.0,0.0011555964678120478,33.564451246518985
-16.0,56.0,0.001183394553590178,33.56398418979662
-16.0,58.0,0.0012077685808096206,33.56357465793123
-16.0,60.0,0.0012286974187561972,33.5632230080722
-16.0,62.0,0.0012461795978971901,33.56292926673056
-16.0,64.0,0.0012602307815722247,33.56269317224318
-16.0,66.0,0.0012708814174812177,33.56251421422572
-16.0,68.0,0.0012781745920513732,33.56239166962504
-16.0,70.0,0.0012821641012954466,33.5623246351405
-16.0,72.0,0.0012829127441315036,33.56231205591256
-16.0,74.0,0.0012804908381270907,33.56235275047804
-16.0,76.0,0.0012749749531276722,33.5624454320672
-16.0,78.0,0.001266446854980563,33.562588726372695
-16.0,80.0,0.0012549926493966579,33.562781185957014
-16.0,82.0,0.0012407021146828567,33.56302130148722
-16.0,84.0,0.0012236682114525887,33.56330750999639
-16.0,86.0,0.0012039867573019336,33.56363820037354
-16.0,88.0,0.0011817562546959648,33.56401171627913
-16.0,90.0,0.0011570778607863375,33.56442635667603
-16.0,92.0,0.0011300554885073089,33.56488037415463
-16.0,94.0,0.0011007960289388663,33.56537197122077
-16.0,96.0,0.0010694096855285995,33.5658992947044
-16.0,98.0,0.0010360104112578927,33.56646042843927
-16.0,100.0,0.0010007164401435453,33.56705338435826
-16.0,102.0,0.0009636509045455321,33.56767609214806
-16.0,104.0,0.0009249425295579927,33.56832638760978
-16.0,106.0,0.0008847263952259654,33.569001999881394
-16.0,108.0,0.0008431447564397621,33.56970053769251
-16.0,110.0,0.0008003479090528121,33.57041947484399
-14.0,40.0,0.0009489998126122057,33.56792222999168
-14.0,42.0,0.0009993105331501662,33.56707700406414
-14.0,44.0,0.0010469210542316532,33.56627712219928
-14.0,46.0,0.0010916104482050493,33.565526299467344
-14.0,48.0,0.0011331958896684258,33.56482761089315
-14.0,50.0,0.00117153034519768,33.56418353015512
-14.0,52.0,0.001206499933203542,33.563595973843476
-14.0,54.0,0.001238021079770557,33.563066349163705
-14.0,56.0,0.0012660375796333945,33.56259560325127
-14.0,58.0,0.001290517653826706,33.56218427255855
-14.0,60.0,0.001311451078157333,33.56183253106672
-14.0,62.0,0.0013288464402191336,33.561540236351185
-14.0,64.0,0.001342728567832685,33.561306972777935
-14.0,66.0,0.0013531361587779678,33.56113209132731
-14.0,68.0,0.0013601196306758379,33.561014745726446
-14.0,70.0,0.001363739200813674,33.56095392472419
-14.0,72.0,0.001364063198517118,33.560948480463196
-14.0,74.0,0.0013611666071509099,33.56099715299717
-14.0,76.0,0.0013551298287836078,33.561098591069
-14.0,78.0,0.001346037661758226,33.561251369313055
-14.0,80.0,0.001333978479646114,33.561454002074576
-14.0,82.0,0.00131904359912427,33.56170495405497
-14.0,84.0,0.001301326824015847,33.562002647997176
-14.0,86.0,0.0012809241529079252,33.56234546962242
-14.0,88.0,0.0012579336382613215,33.56273177002118
-14.0,90.0,0.0012324553856395415,33.56315986568971
-14.0,92.0,0.0012045916824842129,33.56362803638972
-14.0,94.0,0.0011744472466974631,33.564134520995026
-14.0,96.0,0.001142129586039542,33.56467751147655
-14.0,98.0,0.0011077494599915916,33.56525514516615
-14.0,100.0,0.0010714214361715602,33.56586549543239
-14.0,102.0,0.0010332645336048607,33.5665065608981
-14.0,104.0,0.0009934029450771042,33.567176253330274
-14.0,106.0,0.0009519668303870077,33.567872384340234
-14.0,108.0,0.0009090931715401984,33.56859265104462
-14.0,110.0,0.0008649266797273736,33.56933462085809
-12.0,40.0,0.0010253343857824504,33.566639791976364
-12.0,42.0,0.0010767961393827186,33.565775195279
-12.0,44.0,0.0011253692215749123,33.564959110032795
-12.0,46.0,0.0011708464037585298,33.56419502158371
-12.0,48.0,0.0012130587010362737,33.563485772788404
-12.0,50.0,0.00125187278585559,33.56283360735328
-12.0,52.0,0.0012871881189978618,33.562240217941216
-12.0,54.0,0.0013189339217315466,33.56170679696594
-12.0,56.0,0.0013470660948429192,33.56123408829708
-12.0,58.0,0.0013715641717662042,33.560822438409126
-12.0,60.0,0.0013924283751419742,33.560471845807754
-12.0,62.0,0.0014096768295934758,33.560182007844325
-12.0,64.0,0.001423342968775665,33.55995236427737
-12.0,66.0,0.0014334731620408991,33.55978213715297
-12.0,68.0,0.0014401245754759318,33.559670366754354
-12.0,70.0,0.0014433632734746071,33.559615943515425
-12.0,72.0,0.0014432625603354454,33.55961763590525
-12.0,74.0,0.00143990155633833,33.55967411437556
-12.0,76.0,0.0014333639991958025,33.559783971523096
-12.0,78.0,0.0014237372594054776,33.55994573865882
-12.0,80.0,0.0014111115566604049,33.56015789899925
-12.0,82.0,0.0013955793638825709,33.56041889770515
-12.0,84.0,0.0013772349854427324,33.560727148993045
-12.0,86.0,0.0013561742965635393,33.5610810405381
-12.0,88.0,0.0013324946316259911,33.561478935374346
-12.0,90.0,0.001306294810004771,33.561919171483815
-12.0,92.0,0.001277675289024116,33.56240005924928
-12.0,94.0,0.0012467384346103172,33.562919876929335
-12.0,96.0,0.0012135889010963519,33.563476864299616
-12.0,98.0,0.0011783341124009805,33.56406921459097
-12.0,100.0,0.0011410848373697435,33.56469506484628
-12.0,102.0,0.0011019558523865935,33.56535248481184
-12.0,104.0,0.0010610666844139693,33.56603946447857
-12.0,106.0,0.0010185424273331245,33.56675390039327
-12.0,108.0,0.000974514623785061,33.567493580870924
-12.0,110.0,0.0009291222036488245,33.56825617025736
-10.0,40.0,0.001100911928590076,33.565370023969734
-10.0,42.0,0.001153325643555303,33.56448940007247
-10.0,44.0,0.0012026770898190264,33.563660205462945
-10.0,46.0,0.001248773259632352,33.5628856869514
-10.0,48.0,0.001291459272695028,33.5621684507435
-10.0,50.0,0.0013306155492295302,33.56151050982444
-10.0,52.0,0.0013661547478429625,33.560913335315036
-10.0,54.0,0.0013980185886216523,33.56037790977623
-10.0,56.0,0.0014261746627562966,33.55990478075847
-10.0,58.0,0.0014506133109170039,33.55949411321315
-10.0,60.0,0.0014713446344983838,33.55914573968646
-10.0,62.0,0.0014883956874052195,33.55885920749267
-10.0,64.0,0.0015018078815982605,33.558633822306305
-10.0,66.0,0.0015116346273492676,33.558468687819186
-10.0,68.0,0.0015179392190547425,33.55836274127807
-10.0,70.0,0.00152079296942087,33.558314784853934
-10.0,72.0,0.0015202735886714613,33.558323512897694
-10.0,74.0,0.00151646380092052,33.55838753521308
-10.0,76.0,0.0015094501867357613,33.55850539653026
-10.0,78.0,0.0014993222389872995,33.5586755923961
-10.0,80.0,0.0014861716180548656,33.55889658171462
-10.0,82.0,0.0014700915921967983,33.55916679617582
-10.0,84.0,0.0014511766491487332,33.55948464680668
-10.0,86.0,0.0014295222656780515,33.559848527867295
-10.0,88.0,0.0014052248227395259,33.560256818299784
-10.0,90.0,0.0013783816549395311,33.5607078809198
-10.0,92.0,0.0013490912241315156,33.56120005952178
-10.0,94.0,0.0013174534080634404,33.56173167405078
-10.0,96.0,0.0012835698960047548,33.562301013976786
-10.0,98.0,0.0012475446841381244,33.56290632999297
-10.0,100.0,0.0012094846641830248,33.56354582414811
-10.0,102.0,0.001169500299141979,33.564217638515984
-10.0,104.0,0.001127706380216198,33.56491984250227
-10.0,106.0,0.001084222858767081,33.565650418891956
-10.0,108.0,0.0010391757466479135,33.56640724874992
-10.0,110.0,0.0009926980772918537,33.567188095302626
-8.0,40.0,0.0011753777463667792,33.56411888692195
-8.0,42.0,0.0012285542475863886,33.563225413670814
-8.0,44.0,0.001278510533045507,33.562386024918034
-8.0,46.0,0.0013250680837280093,33.561603724388775
-8.0,48.0,0.00136808615747952,33.56088088102607
-8.0,50.0,0.001407458758858171,33.560219279793856
-8.0,52.0,0.0014431114202458906,33.55962017567251
-8.0,54.0,0.00147499791020278,33.559084348897485
-8.0,56.0,0.0015030969651779191,33.55861215982453
-8.0,58.0,0.0015274091213303143,33.558203602129915
-8.0,60.0,0.001547953705148153,33.55785835335719
-8.0,62.0,0.0015647660253895745,33.55757582209374
-8.0,64.0,0.0015778947948499322,33.5573551912957
-8.0,66.0,0.001587399798720357,33.557195457477484
-8.0,68.0,0.0015933498167701732,33.55709546564239
-8.0,70.0,0.0015958207991182416,33.55705393995652
-8.0,72.0,0.0015948942897403562,33.55706951026291
-8.0,74.0,0.0015906560878446996,33.557140734600544
-8.0,76.0,0.001583195134585269,33.557266117937715
-8.0,78.0,0.0015726026110249869,33.55744412735596
-8.0,80.0,0.0015589712325868588,33.55767320393188
-8.0,82.0,0.0015423947252332093,33.55795177156471
-8.0,84.0,0.001522967469108072,33.55827824298896
-8.0,86.0,0.0015007842962434514,33.55865102319739
-8.0,88.0,0.001475940429990552,33.559068510481595
-8.0,90.0,0.0014485315550519795,33.559529095277234
-8.0,92.0,0.0014186540082072874,33.560031156980706
-8.0,94.0,0.0013864050810321604,33.5605730588835
-8.0,96.0,0.001351883426999878,33.561153141352605
-8.0,98.0,0.0013151895663177093,33.561769713368896
-8.0,100.0,0.0012764264826004013,33.562421042522935
-8.0,102.0,0.0012357003060171623,33.563105343558696
-8.0,104.0,0.0011931210777947898,33.56382076555156
-8.0,106.0,0.0011488035908987504,33.564565377807874
-8.0,108.0,0.001102868301282145,33.565337154580696
-8.0,110.0,0.001055442303270815,33.56613395871009
-6.0,40.0,0.0012484109919498332,33.56289177392651
-6.0,42.0,0.0013021720545479676,33.561988445697665
-6.0,44.0,0.0013525711092204906,33.561141586025
-6.0,46.0,0.0013994441620793774,33.56035395488632
-6.0,48.0,0.001442664436987262,33.559627686805264
-6.0,50.0,0.0014821391801779216,33.558964344436184
-6.0,52.0,0.0015178063206567893,33.558364974594355
-6.0,54.0,0.0015496310970148919,33.55783016487156
-6.0,56.0,0.0015776027410558946,33.55736009931613
-6.0,58.0,0.0016017312892369073,33.55695461198224
-6.0,60.0,0.0016220445751294887,33.556613237452
-6.0,62.0,0.0016385854403747624,33.55633525769811
-6.0,64.0,0.0016514091881413284,33.556119744881364
-6.0,66.0,0.0016605812919591179,33.5559655998644
-6.0,68.0,0.0016661753638759214,33.55587158637347
-6.0,70.0,0.0016682713790000525,33.55583636085595
-6.0,72.0,0.001666954148410893,33.55585849816675
-6.0,74.0,0.0016623120288833393,33.555936513276826
-6.0,76.0,0.0016544358556263017,33.5560688792346
-6.0,78.0,0.0016434180830330325,33.55625404163192
-6.0,80.0,0.0016293521180633652,33.55649042983223
-6.0,82.0,0.0016123318311229706,33.55677646521541
-6.0,84.0,0.0015924512300024007,33.55711056668121
-6.0,86.0,0.0015698042834580983,33.557491153637194
-6.0,88.0,0.0015444848822178114,33.55791664667627
-6.0,90.0,0.0015165869265004739,33.55838546612736
-6.0,92.0,0.0014862045304652183,33.55889602864056
-6.0,94.0,0.0014534323352702883,33.55944674194678
-6.0,96.0,0.0014183659235983415,33.56003599791219
-6.0,98.0,0.001381102329533146,33.56066216399069
-6.0,100.0,0.0013417406384966801,33.5613235731635
-6.0,102.0,0.0013003826725735967,33.562018512444865
-6.0,104.0,0.0012571337568771934,33.5627452100273
-6.0,106.0,0.001212103562659883,33.563501821138814
-6.0,108.0,0.0011654070225461943,33.56428641269028
-6.0,110.0,0.0011171653125608971,33.56509694680265
-4.0,40.0,0.0013197235895185955,33.561693528163275
-4.0,42.0,0.0013739026208654526,33.56078314435434
-4.0,44.0,0.0014245942672794776,33.55993133758351
-4.0,46.0,0.0014716488902021263,33.55914062688262
-4.0,48.0,0.0015149533282525773,33.55841291820946
-4.0,50.0,0.001554427574268158,33.55774956018285
-4.0,52.0,0.001590021349863413,33.5571514015622
-4.0,54.0,0.0016217106821651006,33.55661884871178
-4.0,56.0,0.0016494945670560979,33.556151921630146
-4.0,58.0,0.0016733917840783263,33.5557503074479
-4.0,60.0,0.001693437910800788,33.55541341058762
-4.0,62.0,0.0017096825692810569,33.555140399035245
-4.0,64.0,0.001722186924434821,33.55493024638758
-4.0,66.0,0.0017310214436374594,33.55478176951692
-4.0,68.0,0.0017362639185819484,33.55469366183381
-4.0,70.0,0.0017379977441216443,33.554664522234724
-4.0,72.0,0.0017363104442543742,33.554692879898816
-4.0,74.0,0.0017312924323273915,33.55477721514973
-4.0,76.0,0.0017230359906772463,33.55491597663009
-4.0,78.0,0.0017116344540304418,33.55510759505144
-4.0,80.0,0.0016971815808778379,33.55535049378448
-4.0,82.0,0.001679771097484184,33.555643096547186
-4.0,84.0,0.001659496400059468,33.555983832433746
-4.0,86.0,0.0016364504017604142,33.556371138508496
-4.0,88.0,0.001610725512503186,33.55680346016682
-4.0,90.0,0.0015824137409473638,33.55727924944201
-4.0,92.0,0.001551606909398151,33.55779696141386
-4.0,94.0,0.0015183969737152525,33.55835504885208
-4.0,96.0,0.0014828764415235618,33.55895195520773
-4.0,98.0,0.0014451388831216994,33.55958610604696
-4.0,100.0,0.0014052795303582943,33.560255899007096
-4.0,102.0,0.0013633959594320233,33.56095969234332
-4.0,104.0,0.0013195888539850875,33.56169579212735
-4.0,106.0,0.0012739628449827123,33.56246243815743
-4.0,108.0,0.0012266274236674146,33.56325778864239
-4.0,110.0,0.0011776979232873686,33.56407990373237
-2.0,40.0,0.0013890587347635819,33.560528467962875
-2.0,42.0,0.0014435011306819234,33.55961362695424
-2.0,44.0,0.0014943472246241596,33.55875919508603
-2.0,46.0,0.001541461384193421,33.55796745625984
-2.0,48.0,0.0015847435594597004,33.55724009627749
-2.0,50.0,0.0016241258688800553,33.556578260114286
-2.0,52.0,0.0016595691210781194,33.55598261029292
-2.0,54.0,0.0016910593707401,33.55545338470506
-2.0,56.0,0.0017186045867405575,33.55499045256568
-2.0,58.0,0.0017422314918391635,33.55459336750047
-2.0,60.0,0.0017619826165414798,33.55426141704787
-2.0,62.0,0.0017779135952098457,33.553993668101064
-2.0,64.0,0.0017900907203904914,33.55378900801947
-2.0,66.0,0.0017985887615138418,33.55364618130384
-2.0,68.0,0.0018034890464517783,33.553563821858674
-2.0,70.0,0.0018048777986907627,33.55354048096208
-2.0,72.0,0.0018028447187945496,33.55357465113199
-2.0,74.0,0.0017974817961716738,33.55366478612282
-2.0,76.0,0.0017888823356414507,33.55380931731227
-2.0,78.0,0.001777140182684267,33.55400666674851
-2.0,80.0,0.001762349131370744,33.55425525712643
-2.0,82.0,0.0017446024995783072,33.554553518951174
-2.0,84.0,0.0017239928571106677,33.55489989513086
-2.0,86.0,0.001700611893566184,33.555292843219284
-2.0,88.0,0.0016745504141936207,33.55573083550665
-2.0,90.0,0.0016458984534049037,33.55621235713185
-2.0,92.0,0.0016147454970557584,33.55673590236608
-2.0,94.0,0.0015811808059628119,33.55729996919463
-2.0,96.0,0.0015452938344018285,33.55790305230224
-2.0,98.0,0.001507174738435424,33.558543634548926
-2.0,100.0,0.001466914969870503,33.55922017700738
-2.0,102.0,0.0014246079523616562,33.55993110762069
-2.0,104.0,0.0013803498366730116,33.56067480853105
-2.0,106.0,0.0013342403323065577,33.56144960212684
-2.0,108.0,0.0012863836126026928,33.56225373585704
-2.0,110.0,0.0012368892899403683,33.56308536586999
0.0,40.0,0.0014561890798181487,33.55940041717401
0.0,42.0,0.0015107523016916202,33.558483514978136
0.0,44.0,0.001561626623679202,33.557628579961516
0.0,46.0,0.001608689918264239,33.55683766926878
0.0,48.0,0.0016518546183029725,33.55611225906446
0.0,50.0,0.0016910642464196268,33.555453302763674
0.0,52.0,0.0017262899147709732,33.55486128978342
0.0,54.0,0.0017575268868154081,33.55433630327269
0.0,56.0,0.001784791272958497,33.55387807561104
0.0,58.0,0.0018081169137945663,33.55348604077022
0.0,60.0,0.0018275524885901229,33.5531593829036
0.0,62.0,0.0018431588729177495,33.552897080758896
0.0,64.0,0.0018550067579404805,33.552697947701816
0.0,66.0,0.0018631745347357231,33.552560667291544
0.0,68.0,0.0018677464399946553,33.55248382446784
0.0,70.0,0.001868810954233191,33.55246593249703
0.0,72.0,0.0018664594400444878,33.55250545588539
0.0,74.0,0.0018607850056212571,33.552600829507064
0.0,76.0,0.0018518815775756536,33.552750474214214
0.0,78.0,0.001839843166708155,33.55295280920368
0.0,80.0,0.0018247633106670547,33.55320626140954
0.0,82.0,0.0018067346782023597,33.553509272178616
0.0,84.0,0.0017858488208097878,33.55386030146737
0.0,86.0,0.0017621960588767305,33.55425782977701
0.0,88.0,0.0017358654908717908,33.55470035801937
0.0,90.0,0.0017069451155901083,33.55518640548165
0.0,92.0,0.0016755220589320663,33.5557145060335
0.0,94.0,0.0016416828980772014,33.556283202696676
0.0,96.0,0.001605514077195891,33.55689104067605
0.0,98.0,0.001567102409990917,33.55753655893144
0.0,100.0,0.0015265356653295648,33.558218280353515
0.0,102.0,0.0014839032329918567,33.558934700594065
0.0,104.0,0.0014392968671146367,33.55968427559182
0.0,106.0,0.0013928115051698997,33.560465407830456
0.0,108.0,0.0013445461603117659,33.561276431365656
0.0,110.0,0.0012946048845472458,33.562115595664324
2.0,40.0,0.0015209146993203637,33.55831273921775
2.0,42.0,0.001575468117686163,33.55739597205246
2.0,44.0,0.001626256060405229,33.556542460983614
2.0,46.0,0.0016731692782449015,33.555754046880324
2.0,48.0,0.0017161319583800516,33.55503200846867
2.0,50.0,0.0017550982295041484,33.55437712097822
2.0,52.0,0.0017900486677165928,33.55378971479794
2.0,54.0,0.0018209868881462477,33.553269732711605
2.0,56.0,0.00184793628807145,33.55281678460494
2.0,58.0,0.001870936989887606,33.552430198829136
2.0,60.0,0.0018900430169815907,33.55210906966259
2.0,62.0,0.0019053197226226448,33.55185230053029
2.0,64.0,0.0019168414813249823,33.5516586428195
2.0,66.0,0.0019246896437007388,33.55152673027274
2.0,68.0,0.0019289507493619462,33.551455109047566
2.0,70.0,0.001929714987744302,33.55144226361201
2.0,72.0,0.0019270748935321658,33.55148663869825
2.0,74.0,0.0019211242614006752,33.551586657570546
2.0,76.0,0.0019119572638582882,33.55174073687915
2.0,78.0,0.0018996677557923114,33.551947298375474
2.0,80.0,0.0018843487497639533,33.55220477775614
2.0,82.0,0.0018660920469600883,33.55251163088945
2.0,84.0,0.0018449880098794225,33.55286633765831
2.0,86.0,0.0018211254641831154,33.553267403630734
2.0,88.0,0.0017945917186033,33.5537133597449
2.0,90.0,0.001765472693288861,33.55420276017051
2.0,92.0,0.001733853148429998,33.554734178483955
2.0,94.0,0.0016998170064065343,33.5553062022709
2.0,96.0,0.0016634477619833499,33.555917426248904
2.0,98.0,0.001624828976241055,33.55656644398273
2.0,100.0,0.001584044850916011,33.55725183824863
2.0,102.0,0.0015411808806308214,33.55797217009041
2.0,104.0,0.0014963245810744041,33.55872596660023
2.0,106.0,0.0014495662915359198,33.55951170745136
2.0,108.0,0.001401000050250012,33.56032781020927
2.0,110.0,0.0013507245407435864,33.561172614451884
4.0,40.0,0.0015830609210385482,33.55726837342837
4.0,42.0,0.0016374854686724838,33.55635374349319
4.0,44.0,0.0016880835621257972,33.55550339654447
4.0,46.0,0.001734758104171008,33.55471896933542
4.0,48.0,0.0017774442319480332,33.55400155663122
4.0,50.0,0.0018161058273108432,33.55335176977532
4.0,52.0,0.0018507320541598649,33.552769794824314
4.0,54.0,0.0018813340010948032,33.55225544893246
4.0,56.0,0.0019079414892938518,33.55180823397647
4.0,58.0,0.0019306000889173225,33.551427386690044
4.0,60.0,0.0019493683729109312,33.55111192482036
4.0,62.0,0.0019643154249279204,33.55086068902285
4.0,64.0,0.0019755186081980014,33.55067238037727
4.0,66.0,0.0019830615943779994,33.55054559353938
4.0,68.0,0.0019870326455369014,33.55047884564144
4.0,70.0,0.0019875231382041614,33.550470601126385
4.0,72.0,0.001984626315588267,33.55051929274785
4.0,74.0,0.0019784362524244425,33.55062333899656
4.0,76.0,0.001969047016176617,33.550781158225796
4.0,78.0,0.001956552008325785,33.550991179748976
4.0,80.0,0.0019410434700181112,33.55125185217346
4.0,82.0,0.001922612137293167,33.55156164921862
4.0,84.0,0.0019013470323200332,33.55191907324648
4.0,86.0,0.001877335378449474,33.55232265670978
4.0,88.0,0.0018506626283563143,33.55277096169787
4.0,90.0,0.0018214125960297478,33.55326257773601
4.0,92.0,0.001789667684826246,33.553796117969206
4.0,94.0,0.0017555092051904087,33.55437021383822
4.0,96.0,0.001719017776924181,33.55498350833424
4.0,98.0,0.001680273812053823,33.55563464789899
4.0,100.0,0.0016393580753288894,33.55632227302032
4.0,102.0,0.0015963523202299212,33.55704500755952
4.0,104.0,0.0015513399989581789,33.55780144683634
4.0,106.0,0.001504407045293643,33.558590144490886
4.0,108.0,0.0014556427293148655,33.55940959813963
4.0,110.0,0.0014051405828013896,33.5602582338459
6.0,40.0,0.0016424760915213499,33.55626987249815
6.0,42.0,0.001696663765473616,33.55535919629178
6.0,44.0,0.001746979077344557,33.55451357674124
6.0,46.0,0.0017933362799340546,33.5537344599191
6.0,48.0,0.0018356806020138894,33.553022771018014
6.0,50.0,0.0018739847905200335,33.55237897238967
6.0,52.0,0.0019082457017283172,33.55180312078178
6.0,54.0,0.0019384810133357133,33.55129492256212
6.0,56.0,0.0019647261117943238,33.55085378601353
6.0,58.0,0.001987031193538713,33.550478870047556
6.0,60.0,0.002005458605198185,33.550169128912565
6.0,62.0,0.002020080436558991,33.549923352662475
6.0,64.0,0.0020309763708672435,33.5497402033067
6.0,66.0,0.002038231789915246,33.5496182466824
6.0,68.0,0.0020419361259866875,33.54955598018064
6.0,70.0,0.0020421814489459678,33.549551856521965
6.0,72.0,0.0020390612742752223,33.54960430381891
6.0,74.0,0.002032669576456092,33.549711742186986
6.0,76.0,0.0020230999915629155,33.54987259717452
6.0,78.0,0.0020104451930580414,33.55008531028024
6.0,80.0,0.0019947964254122263,33.55034834681649
6.0,82.0,0.0019762431811645165,33.55066020136008
6.0,84.0,0.001954873008263358,33.551019401011644
6.0,86.0,0.0019307714359189099,33.5514245066615
6.0,88.0,0.001904022008643591,33.55187411243574
6.0,90.0,0.0018747064196299457,33.55236684347139
6.0,92.0,0.0018429047360452033,33.55290135214564
6.0,94.0,0.0018086957101950407,33.55347631286114
6.0,96.0,0.0017721571717704832,33.55409041546811
6.0,98.0,0.0017333664975394125,33.55474235738461
6.0,100.0,0.0016924011558477892,33.55543083445988
6.0,102.0,0.0016493393241279186,33.55615453061118
6.0,104.0,0.0016042605782519148,33.556912106254266
6.0,106.0,0.0015572466530089368,33.557702185539824
6.0,108.0,0.00150838227315242,33.55852334240575
6.0,110.0,0.0014577560543830304,33.559374085456305
8.0,40.0,0.0016990293347602936,33.55531944005174
8.0,42.0,0.0017528825826818029,33.554414358637864
8.0,44.0,0.0018028320268701492,33.553574864446276
8.0,46.0,0.0018488024144629467,33.55280222721059
8.0,48.0,0.001890748173271617,33.55209721751906
8.0,50.0,0.0019286500094050085,33.551460163929384
8.0,52.0,0.0019625115717891717,33.55089100897982
8.0,54.0,0.0019923562493759928,33.550389362988405
8.0,56.0,0.002018224150189596,33.549954554811556
8.0,58.0,0.00204016929660944,33.54958567898113
8.0,60.0,0.0020582570586218374,33.54928163885225
8.0,62.0,0.0020725618362589238,33.54904118557081
8.0,64.0,0.002083164993974096,33.5488629528125
8.0,66.0,0.002090153043149967,33.5487454873553
8.0,68.0,0.0020936160640583346,33.54868727562995
8.0,70.0,0.0020936463551789464,33.54868676645025
8.0,72.0,0.002090337295603928,33.54874239016221
8.0,74.0,0.0020837824050656817,33.54885257447105
8.0,76.0,0.0020740745857390497,33.54901575721204
8.0,78.0,0.0020613055302000083,33.54923039632713
8.0,80.0,0.0020455652806030677,33.54949497729833
8.0,82.0,0.00202694192515962,33.54980801827157
8.0,84.0,0.0020055214192290505,33.55016807308445
8.0,86.0,0.001981387519697231,33.55057373238812
8.0,88.0,0.0019546218227514123,33.55102362302988
8.0,90.0,0.0019253038965868496,33.551516405838754
8.0,92.0,0.0018935115019917959,33.55205077193314
8.0,94.0,0.001859320895086114,33.55262543764669
8.0,96.0,0.001822807207736421,33.553239138148285
8.0,98.0,0.0017840449022915594,33.553890619812655
8.0,100.0,0.0017431082982801716,33.554578631381716
8.0,102.0,0.0017000721695432652,33.555301913942664
8.0,104.0,0.0016550124109411257,33.55605918973763
8.0,106.0,0.0016080067742253457,33.556849149812265
8.0,108.0,0.0015591356729134365,33.55767044050629
8.0,110.0,0.001508483055961185,33.55852164878996
10.0,40.0,0.001752608350369278,33.554418967568786
10.0,42.0,0.0018060393720883416,33.553520958270326
10.0,44.0,0.001855548953742403,33.55268883472996
10.0,46.0,0.0019010714472127432,33.55192370525783
10.0,48.0,0.001942569569934549,33.55122620109248
10.0,50.0,0.0019800310785189623,33.55059653224563
10.0,52.0,0.0020134655232965093,33.550034542006486
10.0,54.0,0.002042901143789022,33.54953975909492
10.0,56.0,0.002068381949472564,33.54911144671493
10.0,58.0,0.0020899650163914707,33.5487486479923
10.0,60.0,0.0021077180184320143,33.548450227477794
10.0,62.0,0.002121717002311674,33.54821490856135
10.0,64.0,0.0021320444075658695,33.54804130677381
10.0,66.0,0.002138787326799396,33.54792795905388
10.0,68.0,0.0021420359970495406,33.547873349132765
10.0,70.0,0.0021418825100368855,33.54787592924078
10.0,72.0,0.002138419727148788,33.54793413837286
10.0,74.0,0.002131740384003211,33.548046417366955
10.0,76.0,0.002121936369160582,33.5482112210542
10.0,78.0,0.0021090981618616667,33.54842702773469
10.0,80.0,0.0020933144143739923,33.5486923462209
10.0,82.0,0.0020746716655555275,33.54900572067393
10.0,84.0,0.0020532541734548104,33.549365733437085
10.0,86.0,0.0020291438560989805,33.549771006049426
10.0,88.0,0.0020024203310147204,33.550220198598275
10.0,90.0,0.0019731610454127857,33.55071200754644
10.0,92.0,0.0019414414903357047,33.551245162147204
10.0,94.0,0.001907335493354978,33.55181841953815
10.0,96.0,0.0018709155856146964,33.5524305585849
10.0,98.0,0.0018322534401293833,33.55308037252701
10.0,100.0,0.0017914203791974392,33.55376666046236
10.0,102.0,0.001748487949642774,33.55448821769194
10.0,104.0,0.0017035285652555743,33.555243824936134
10.0,106.0,0.0016566162162865439,33.5560322364252
10.0,108.0,0.0016078272461245158,33.556852166862264
10.0,110.0,0.0015572411953195253,33.55770227725641
12.0,40.0,0.0018031172874558576,33.55357007004623
12.0,42.0,0.0018560472783866189,33.55268045912171
12.0,44.0,0.0019050512992894175,33.55185681217613
12.0,46.0,0.0019500724008345571,33.55110009129054
12.0,48.0,0.001991080679018875,33.55041080364005
12.0,50.0,0.0020280700423980225,33.549789055771946
12.0,52.0,0.0020610550706502417,33.54923460636762
12.0,54.0,0.0020900680190721888,33.54874691656812
12.0,56.0,0.002115156008990371,33.54832519718868
12.0,58.0,0.002136378431250141,33.54796845236324
12.0,60.0,0.002153804579043239,33.54767551934307
12.0,62.0,0.0021675115173634962,33.547445104325014
12.0,64.0,0.0021775821892244807,33.54727581430502
12.0,66.0,0.0021841037532774887,33.54716618504555
12.0,68.0,0.0021871661434548217,33.54711470531296
12.0,70.0,0.0021868608384932875,33.54711983758798
12.0,72.0,0.0021832798274807885,33.54718003548129
12.0,74.0,0.0021765147567184284,33.547293758100665
12.0,76.0,0.002166656243001719,33.54745948161974
12.0,78.0,0.0021537933387761887,33.54767570829245
12.0,80.0,0.002138013135339567,33.547940973145394
12.0,82.0,0.002119400491270129,33.5482538485636
12.0,84.0,0.00209803787443974,33.548612946965264
12.0,86.0,0.0020740053072616504,33.54901692173971
12.0,88.0,0.002047380406156374,33.54946446660004
12.0,90.0,0.002018238507567327,33.54995431347981
12.0,92.0,0.0019866528741623313,33.55048522908067
12.0,94.0,0.0019526949761025092,33.55105601015758
12.0,96.0,0.001916434843437398,33.55166547760781
12.0,98.0,0.0018779414867419186,33.55231246941277
12.0,100.0,0.001837283384067523,33.55299583246527
12.0,102.0,0.001794529033098291,33.553714413301314
12.0,104.0,0.0017497475680655628,33.55446704774411
12.0,106.0,0.001703009441478831,33.55525254945993
12.0,108.0,0.001654387171033167,33.556069697420014
12.0,110.0,0.0016039561521268286,33.55691722226165
14.0,40.0,0.0018504747213669015,33.55277411994265
14.0,42.0,0.0019028330801370563,33.55189409586849
14.0,44.0,0.0019512733241232594,33.55107990577253
14.0,46.0,0.001995746295779255,33.55033238072274
14.0,48.0,0.002036228569949672,33.54965191892994
14.0,50.0,0.002072719329513917,33.54903853821004
14.0,52.0,0.002105237339456445,33.54849192680994
14.0,54.0,0.0021338180689595143,33.54801149176081
14.0,56.0,0.002158510997555485,33.54759640415077
14.0,58.0,0.002179377129489013,33.547245640908365
14.0,60.0,0.0021964867304014035,33.54695802285759
14.0,62.0,0.0022099172921867805,33.5467322489439
14.0,64.0,0.0022197517253147447,33.54656692664133
14.0,66.0,0.0022260767728909947,33.54646059863551
14.0,68.0,0.0022289816370757443,33.54641176593876
14.0,70.0,0.0022285568059755567,33.546418907636216
14.0,72.0,0.002224893067601874,33.546480497487416
14.0,74.0,0.002218080696748781,33.54659501762041
14.0,76.0,0.002208208800524747,33.54676096955798
14.0,78.0,0.0021953648086370237,33.5469768828091
14.0,80.0,0.002179634095250571,33.54724132124716
14.0,82.0,0.0021610997202016202,33.54755288748013
14.0,84.0,0.0021398422784923987,33.54791022539899
14.0,86.0,0.002115939848223114,33.54831202106981
14.0,88.0,0.0020894680283970457,33.54875700211374
14.0,90.0,0.0020605000593166833,33.549243935697305
14.0,92.0,0.0020291070195375127,33.54977162523494
14.0,94.0,0.0019953580945485383,33.550338905884836
14.0,96.0,0.001959320913459628,33.55094463890131
14.0,98.0,0.0019210619510136029,33.55158770488873
14.0,100.0,0.001880646993154822,33.552266995987296
14.0,102.0,0.0018381416651892524,33.552981407007074
14.0,104.0,0.001793612022234492,33.55372982551577
14.0,106.0,0.0017471252021536987,33.554511120877365
14.0,108.0,0.001698750141504446,33.555324132233004
14.0,110.0,0.0016485583551456573,33.5561676554138
16.0,40.0,0.0018946117528525486,33.55203227907524
16.0,42.0,0.0019463352716236892,33.55116290612343
16.0,44.0,0.001994160185924354,33.55035904117609
16.0,46.0,0.0020380442350734773,33.5496213993047
16.0,48.0,0.0020779695953569988,33.54895028448344
16.0,50.0,0.0021139398762388684,33.54834564003078
16.0,52.0,0.0021459772191069204,33.54780709734456
16.0,54.0,0.002174119543574493,33.54733402217138
16.0,56.0,0.0021984179738187004,33.54692555786205
16.0,58.0,0.0022189344664916844,33.546580665248726
16.0,60.0,0.0022357396525096718,33.54629815893466
16.0,62.0,0.002248910897441725,33.54607673991548
16.0,64.0,0.0022585305792205412,33.54591502455153
16.0,66.0,0.002264684577307996,33.54581156998862
16.0,68.0,0.002267460964115342,33.54576489618043
16.0,70.0,0.0022669488872155696,33.545773504704464
16.0,72.0,0.0022632376295069756,33.54583589458651
16.0,74.0,0.00225641583384506,33.545950575359655
16.0,76.0,0.0022465708785766036,33.54611607758559
16.0,78.0,0.002233788390787028,33.54633096105943
16.0,80.0,0.0022181518847538273,33.54659382090839
16.0,82.0,0.0021997425140328764,33.54690329177854
16.0,84.0,0.0021786389266784667,33.5472580502863
16.0,86.0,0.0021549172142717454,33.547656815891486
16.0,88.0,0.00212865094664616,33.54809835032837
16.0,90.0,0.002099911285407985,33.54858145571094
16.0,92.0,0.0020687671705448274,33.54910497140856
16.0,94.0,0.002035285575553103,33.549667769769016
16.0,96.0,0.001999531827576062,33.55026875074823
16.0,98.0,0.0019615699900418226,33.55090683548909
16.0,100.0,0.001921463306165716,33.55158095887725
16.0,102.0,0.0018792747024636292,33.552290061088534
16.0,104.0,0.00183506735206862,33.5530330781317
16.0,106.0,0.00178890529814546,33.55380893138214
16.0,108.0,0.0017408541380430353,33.55461651609599
16.0,110.0,0.001690981768969868,33.555454688891786
18.0,40.0,0.0019354702428444615,33.551345528246536
18.0,42.0,0.0019865022952849642,33.550487760106044
18.0,44.0,0.002033666180337068,33.54969499024518
18.0,46.0,0.0020769256624636467,33.54896783236921
18.0,48.0,0.0021162676733763597,33.54830651041889
18.0,50.0,0.0021516994385178956,33.54771090682781
18.0,52.0,0.002183245707555237,33.54718060904719
18.0,54.0,0.0022109461297390443,33.54671495364933
18.0,56.0,0.0022348528034468185,33.546313067514596
18.0,58.0,0.002255028019178873,33.54597390577579
18.0,60.0,0.002271542206825905,33.54569628633606
18.0,62.0,0.0022844720910744076,33.54547892089364
18.0,64.0,0.0022938990533365455,33.545320442498756
18.0,66.0,0.0022999076943819308,33.5452194297393
18.0,68.0,0.0023025845888244856,33.54517442770292
18.0,70.0,0.002302017220539243,33.54518396589811
18.0,72.0,0.00229829308684093,33.54524657333824
18.0,74.0,0.0022914989586798606,33.54536079100211
18.0,76.0,0.0022817202840554884,33.545525181885935
18.0,78.0,0.0022690407221973574,33.54573833885564
18.0,80.0,0.0022535417967270988,33.54599889049754
18.0,82.0,0.002235302656882099,33.54630550515089
18.0,84.0,0.0022143999368885448,33.54665689328889
18.0,86.0,0.002190907704691547,33.54705180839612
18.0,88.0,0.0021648974923651476,33.547489046471476
18.0,90.0,0.002136438401693641,33.54796744426628
18.0,92.0,0.0021055972795221978,33.548485876348536
18.0,94.0,0.0020724389585532466,33.549043251066216
18.0,96.0,0.0020370265602889237,33.549638505465325
18.0,98.0,0.001999421857739825,33.550270599203
18.0,100.0,0.0019596856963886022,33.550938507481405
18.0,102.0,0.0019178784726222586,33.5516412130158
18.0,104.0,0.0018740606694949147,33.5523776970396
18.0,106.0,0.0018282934501668846,33.55314692934081
18.0,108.0,0.001780639309722054,33.55394785731849
18.0,110.0,0.001731162786238194,33.55477939404478
20.0,40.0,0.0019730011909343537,33.550714694463835
20.0,42.0,0.0020232909296934443,33.549869387706316
20.0,44.0,0.002069753147057818,33.54908839780277
20.0,46.0,0.0021123567933493126,33.5483722511806
20.0,48.0,0.0021510927484760245,33.547721105301385
20.0,50.0,0.0021859710861472648,33.547134794607864
20.0,52.0,0.002217018441304064,33.54661287475083
20.0,54.0,0.0022442755178379015,33.54615466447051
20.0,56.0,0.002267794763114006,33.54575928468475
20.0,58.0,0.0022876382266332485,33.545425694490454
20.0,60.0,0.002303875612434836,33.545152723915
20.0,62.0,0.0023165825284949815,33.54493910336126
20.0,64.0,0.002325838931363622,33.54478348977416
20.0,66.0,0.002331727760438551,33.544684489621844
20.0,68.0,0.002334333753493789,33.54464067883105
20.0,70.0,0.002333742433191399,33.544650619848774
20.0,72.0,0.002330039253154448,33.54471287602127
20.0,74.0,0.0023233088916588818,33.54482602349089
20.0,76.0,0.0023136346809458086,33.544988660811924
20.0,78.0,0.002301098160489734,33.54519941648129
20.0,80.0,0.0022857787431646015,33.54545695456994
20.0,82.0,0.0022677534840568336,33.545759978627125
20.0,84.0,0.0022470969426194864,33.546107234013995
20.0,86.0,0.0022238811298870287,33.54649750880588
20.0,88.0,0.0021981755335318542,33.546929633384636
20.0,90.0,0.0021700472146147787,33.54740247882456
20.0,92.0,0.0021395609709408125,33.5479149541577
20.0,94.0,0.002106779562929706,33.54846600258743
20.0,96.0,0.0020717639988764303,33.549054596703144
20.0,98.0,0.002034573877363166,33.54967973273385
20.0,100.0,0.0019952677853839473,33.55034042386526
20.0,102.0,0.00195390375146276,33.55103569263261
20.0,104.0,0.0019105397536461899,33.55176456239163
20.0,106.0,0.0018652342827440993,33.552526047861676
20.0,108.0,0.0018180469615356465,33.55331914472921
20.0,110.0,0.0017690392208485894,33.55414281829688
22.0,40.0,0.002007163261635414,33.550140475681594
22.0,42.0,0.0020566648344921834,33.5493084029168
22.0,44.0,0.0021023890400776457,33.54853980564651
22.0,46.0,0.002144309215267981,33.54783513643964
22.0,48.0,0.002182419425618809,33.547194499084355
22.0,50.0,0.002216731872753841,33.54661769213281
22.0,52.0,0.0022472744022450364,33.54610425077041
22.0,54.0,0.0022740881456390083,33.54565348644196
22.0,56.0,0.0022972253206847704,33.54526452382843
22.0,58.0,0.0023167472054382854,33.544936334908776
22.0,60.0,0.002332722294883016,33.54466776995991
22.0,62.0,0.0023452246429080947,33.544457585445436
22.0,64.0,0.0023543323879116063,33.54430446882093
22.0,66.0,0.002360126456773415,33.54420706034289
22.0,68.0,0.0023626894393931064,33.544163972011525
22.0,70.0,0.0023621046242437993,33.5441738038072
22.0,72.0,0.0023584551843364165,33.5442351573981
22.0,74.0,0.0023518235024871936,33.54434664750539
22.0,76.0,0.0023422906247305697,33.544506911113174
22.0,78.0,0.002329935831017149,33.54471461470538
22.0,80.0,0.0023148363128748795,33.54496845970315
22.0,82.0,0.00229706694846854,33.54526718626348
22.0,84.0,0.002276700166349843,33.545609575585296
22.0,86.0,0.0022538058901370173,33.545994450853705
22.0,88.0,0.002228451557348965,33.546420676936414
22.0,90.0,0.002200702206618832,33.54688715892937
22.0,92.0,0.00217062062847706,33.54739283963286
22.0,94.0,0.0021382675758576664,33.54793669602284
22.0,96.0,0.002103702031355792,33.548517734767614
22.0,98.0,0.002066981529122658,33.54913498682583
22.0,100.0,0.0020281625300179185,33.54978750114896
22.0,102.0,0.001987300849340179,33.5504743375003
22.0,104.0,0.0019444521370171053,33.55119455839243
22.0,106.0,0.0018996724106195018,33.55194722013759
22.0,108.0,0.001853018641899573,33.55273136299931
22.0,110.0,0.0018045493977554283,33.55354600043063
24.0,40.0,0.0020379214594884454,33.54962346304784
24.0,42.0,0.0020865932510982788,33.54880532565201
24.0,44.0,0.0021315466588676113,33.54804967385871
24.0,46.0,0.002172758652937423,33.547356899027
24.0,48.0,0.0022102257712283135,33.54672706325164
24.0,50.0,0.002243961673638828,33.54615994044385
24.0,52.0,0.0022739947924063086,33.545655055808396
24.0,54.0,0.002300366109230567,33.545211723200744
24.0,56.0,0.002323127081028109,33.54482907999495
24.0,58.0,0.0023423377286055924,33.544506119220195
24.0,60.0,0.0023580648961245565,33.544241718832076
24.0,62.0,0.0023703806839614483,33.54403466807337
24.0,64.0,0.0023793610533849874,33.54388369094952
24.0,66.0,0.0023850845982454905,33.54378746689852
24.0,68.0,0.0023876314765298723,33.54374464877448
24.0,70.0,0.002387082493012338,33.543753878291355
24.0,72.0,0.0023835183232504553,33.54381379909049
24.0,74.0,0.0023770188686896843,33.54392306760324
24.0,76.0,0.002367662732576603,33.54408036188178
24.0,78.0,0.002355526806625763,33.54428438856684
24.0,80.0,0.0023406859588817053,33.54453388815275
24.0,82.0,0.002323212813880371,33.544827638699665
24.0,84.0,0.002303177617005381,33.54516445812877
24.0,86.0,0.0022806481757977615,33.54554320522259
24.0,88.0,0.0022556898718817386,33.545962779436984
24.0,90.0,0.0022283657380863797,33.54642211961587
24.0,92.0,0.0021987365962464755,33.546920201685076
24.0,94.0,0.002166861252046015,33.54745603538646
24.0,96.0,0.0021327967440990525,33.54802866009962
24.0,98.0,0.0020965986452379237,33.548637139785725
24.0,100.0,0.0020583214147046336,33.549280557075484
24.0,102.0,0.002018018800560517,33.549958006513044
24.0,104.0,0.0019757442921944923,33.550668586958174
24.0,106.0,0.0019315516232470964,33.55141139314161
24.0,108.0,0.0018854953256124407,33.552185506362754
24.0,110.0,0.001837631335373513,33.5529899843157
26.0,40.0,0.002065245951909267,33.54916416067208
26.0,42.0,0.0021130498562227373,33.548360601003615
26.0,44.0,0.002157202535940428,33.547618399491846
26.0,46.0,0.002197683891899005,33.546937898084515
26.0,48.0,0.002234492273825328,33.54631912827874
26.0,50.0,0.0022676421833739413,33.545761849703204
26.0,52.0,0.002297162067721681,33.54526558718989
26.0,54.0,0.0023230922315669034,33.544829665865606
26.0,56.0,0.002345482887491812,33.54445324392607
26.0,58.0,0.0023643923577950643,33.54413534287052
26.0,60.0,0.002379885435077389,33.54387487507296
26.0,62.0,0.0023920319040874327,33.54367066864664
26.0,64.0,0.0024009052234982287,33.5435214896227
26.0,66.0,0.002406581363347593,33.543426061513934
26.0,68.0,0.0024091377917009327,33.54338308237093
26.0,70.0,0.002408652602592709,33.54339123946357
26.0,72.0,0.002405203776367326,33.543449221736424
26.0,74.0,0.0023988685630808027,33.543555730194875
26.0,76.0,0.0023897229795152297,33.543709486380216
26.0,78.0,0.0023778414105789514,33.54390923908883
26.0,80.0,0.0023632963062744095,33.544153769483486
26.0,82.0,0.0023461579660238874,33.54444189473469
26.0,84.0,0.0023264944028396073,33.544772470318506
26.0,86.0,0.0023043712806086747,33.545144391083866
26.0,88.0,0.002279851918590592,33.545556591188884
26.0,90.0,0.002252997358058617,33.5460080429913
26.0,92.0,0.002223866486846693,33.54649775496467
26.0,94.0,0.0021925162183737967,33.547024768697845
26.0,96.0,0.002159001722491505,33.54758815502288
26.0,98.0,0.0021233767062147635,33.54818700930383
26.0,100.0,0.0020856937430674405,33.54882044590835
26.0,102.0,0.0020460046503705254,33.549487591873245
26.0,104.0,0.002004360914308445,33.550187579767424
26.0,106.0,0.001960814163045388,33.550919539747554
26.0,108.0,0.0019154166884732815,33.55168259079714
26.0,110.0,0.0018682220173793507,33.55247583113612
28.0,40.0,0.00208911103724041,33.548763002956555
28.0,42.0,0.002136011764197754,33.54797461599789
28.0,44.0,0.0021793359755243324,33.54724633271715
28.0,46.0,0.0022190658544514186,33.54657845653927
28.0,48.0,0.0022552009571700227,33.54597099853307
28.0,50.0,0.002287756065325941,33.54542371348401
28.0,52.0,0.0023167591224828588,33.544936134566385
28.0,54.0,0.0023422492799289873,33.54450760618673
28.0,56.0,0.0023642750701052817,33.544137314689685
28.0,58.0,0.002382892719760221,33.543824316721306
28.0,60.0,0.002398164609673459,33.54356756513343
28.0,62.0,0.0024101578834553328,33.54336593238563
28.0,64.0,0.0024189432044274817,33.54321823146058
28.0,66.0,0.0024245936569029514,33.54312323435354
28.0,68.0,0.0024271837861663537,33.54307968823115
28.0,70.0,0.002426788770057753,33.543086329378184
28.0,72.0,0.0024234837141687837,33.54314189506596
28.0,74.0,0.0024173430622006498,33.54324513348424
28.0,76.0,0.0024084401129071953,33.54339481188042
28.0,78.0,0.002396846635196237,33.54358972304742
28.0,80.0,0.002382632573331822,33.543828690295825
28.0,82.0,0.002365865834684344,33.54411057103695
28.0,84.0,0.0023466121531108275,33.54443425909323
28.0,86.0,0.002324935021741803,33.54479868584061
28.0,88.0,0.0023008956896950483,33.54520282027517
28.0,90.0,0.002274553217994524,33.54564566808337
28.0,92.0,0.002245964590730898,33.54612626978276
28.0,94.0,0.002215184878238019,33.54664369798756
28.0,96.0,0.002182267449766573,33.54719705384155
28.0,98.0,0.0021472642338064007,33.5477854626496
28.0,100.0,0.0021102260248193616,33.548408068728875
28.0,102.0,0.002071202835695618,33.54906402949142
28.0,104.0,0.002030244295734951,33.549752508761784
28.0,106.0,0.00198740009434073,33.55047266932667
28.0,108.0,0.001942720470929804,33.55122366470858
28.0,110.0,0.0018962567517428752,33.55200463015196
30.0,40.0,0.002109494254645128,33.548420369546335
30.0,42.0,0.0021554586736216574,33.547647713930054
30.0,44.0,0.0021979282379323006,33.54693379052655
30.0,46.0,0.002236886821723072,33.54627887417318
30.0,48.0,0.0022723346392048427,33.54568296472486
30.0,50.0,0.0023042862459869973,33.54514582062737
30.0,52.0,0.0023327686170874218,33.54466699121182
30.0,54.0,0.0023578193247566492,33.54424584731973
30.0,56.0,0.0023794848329149465,33.54388160997499
30.0,58.0,0.002397818919459227,33.54357337691206
30.0,60.0,0.00241288123294614,33.54332014684982
30.0,62.0,0.0024247359862362705,33.54312084146649
30.0,64.0,0.002433450786502367,33.54297432508451
30.0,66.0,0.0024390955985228446,33.54287942211655
30.0,68.0,0.002441741836330724,33.542834932354474
30.0,70.0,0.002441461576968673,33.542839644206026
30.0,72.0,0.0024383268892466115,33.54289234599793
30.0,74.0,0.002432409269935043,33.54299183547236
30.0,76.0,0.002423779179673735,33.543136927606355
30.0,78.0,0.0024125056709698445,33.54332646088205
30.0,80.0,0.0023986561009626817,33.54355930213074
30.0,82.0,0.002382295922062516,33.54383435006676
30.0,84.0,0.0023634885441254916,33.544150537617455
30.0,86.0,0.002342295262438565,33.54450683314574
30.0,88.0,0.0023187752464532974,33.54490224065035
30.0,90.0,0.002292985584885554,33.5453357990175
30.0,92.0,0.0022649813834851873,33.54580658038633
30.0,94.0,0.002234815912447452,33.546313687679074
30.0,96.0,0.002202540801084951,33.546856251336216
30.0,98.0,0.00216820627798453,33.547433425286634
30.0,100.0,0.0021318614554457493,33.5480443821732
30.0,102.0,0.002093554657490726,33.548688307845865
30.0,104.0,0.002053333791195211,33.549364395126815
30.0,106.0,0.002011246761448038,33.550071836846
30.0,108.0,0.001967341929533406,33.550809818140706
30.0,110.0,0.0019216686161114271,33.551577508009736
32.0,40.0,0.002126375632162114,33.54813659795951
32.0,42.0,0.002171372153829343,33.54738020635032
32.0,44.0,0.002212961864503704,33.54668106807328
32.0,46.0,0.002251129796298157,33.546039438331185
32.0,48.0,0.0022858763308941654,33.54545531400745
32.0,50.0,0.002317215348037638,33.544928464767885
32.0,52.0,0.002345172442944188,33.54445846301325
32.0,54.0,0.0023697832337454816,33.544044712325956
32.0,56.0,0.002391091774461618,33.54368647414947
32.0,58.0,0.002409149084017237,33.54338289252232
32.0,60.0,0.0024240117975686815,33.54313301676015
32.0,62.0,0.002435740942856368,33.54293582203931
32.0,64.0,0.002444400841400185,33.54279022788391
32.0,66.0,0.0024500581320937576,33.542695114596896
32.0,68.0,0.002452780913023922,33.54264933770439
32.0,70.0,0.00245263799610973,33.542651740503814
32.0,72.0,0.0024496982683309687,33.542701164819995
32.0,74.0,0.0024440301528503294,33.54279646008146
32.0,76.0,0.002435701163142401,33.54293649083251
32.0,78.0,0.0024247775432932883,33.54312014279569
32.0,80.0,0.0024113239878648107,33.54334632759581
32.0,82.0,0.0023954034350816,33.54361398625011
32.0,84.0,0.002377076927563171,33.54392209152187
32.0,86.0,0.00235640353537403,33.54426964922546
32.0,88.0,0.0023334403367306633,33.54465569856091
32.0,90.0,0.0023082424523209744,33.545079311546445
32.0,92.0,0.0022808631298023574,33.54553959160659
32.0,94.0,0.0022513538756401275,33.54603567136382
32.0,96.0,0.002219764632041654,33.546566709671524
32.0,98.0,0.002186143997284118,33.54713188791719
32.0,100.0,0.0021505394882495033,33.54773040561582
32.0,102.0,0.0021129978444479613,33.54836147530594
32.0,104.0,0.0020735653732081305,33.549024316753695
32.0,106.0,0.0020322883360595068,33.54971815046499
32.0,108.0,0.0019892133765831987,33.55044219050108
32.0,110.0,0.001944387990180596,33.55119563659042
34.0,40.0,0.0021397370693339024,33.54791199395708
34.0,42.0,0.002183735067059711,33.547172382770356
34.0,44.0,0.002224420138628558,33.5464884477262
34.0,46.0,0.0022617780006810584,33.54586043234687
34.0,48.0,0.002295808770161334,33.54528833780708
34.0,50.0,0.0023265252573601014,33.54477195160779
34.0,52.0,0.002353951319869707,33.54431087523435
34.0,54.0,0.0023781202967463333,33.54390455047358
34.0,56.0,0.002399073537190599,33.54355228414784
34.0,58.0,0.002416859033630092,33.54325327109916
34.0,60.0,0.0024315301652751975,33.54300661531996
34.0,62.0,0.0024431445550314734,33.542811349181264
34.0,64.0,0.0024517630400154866,33.54266645075329
34.0,66.0,0.0024574487538481238,33.542570859248386
34.0,68.0,0.0024602663173061146,33.54252348864321
34.0,70.0,0.0024602811327421037,33.542523239556836
34.0,72.0,0.0024575587768961293,33.54256900947467
34.0,74.0,0.0024521644862447456,33.542659701416355
34.0,76.0,0.0024441627288199763,33.54279423114943
34.0,78.0,0.0024336168564198513,33.542971533050626
34.0,80.0,0.002420588831310244,33.54319056471408
34.0,82.0,0.002405139021803504,33.54345031040058
34.0,84.0,0.0023873260614915015,33.54374978341575
34.0,86.0,0.002367206767382446,33.54408802749706
34.0,88.0,0.0023448361126816586,33.54446411728127
34.0,90.0,0.0023202672505027166,33.544877157914776
34.0,92.0,0.0022935515853226285,33.545326283860675
34.0,94.0,0.0022647388895475906,33.545810656946784
34.0,96.0,0.0022338774630585867,33.54632946369065
34.0,98.0,0.0022010143341185673,33.54688191192887
34.0,100.0,0.002166195500473589,33.54746722677058
34.0,102.0,0.002129466209904396,33.54808464588761
34.0,104.0,0.002090871279847528,33.548733414148195
34.0,106.0,0.0020504554560164534,33.549412777595236
34.0,108.0,0.0020082638101773798,33.55012197676707
34.0,110.0,0.0019643421773993808,33.55086023935534
36.0,40.0,0.002149561851241266,33.547746839705354
36.0,42.0,0.0021925311228738753,33.547024518147694
36.0,44.0,0.0022322866792566787,33.54635620589758
36.0,46.0,0.002268814508007644,33.54574214174534
36.0,48.0,0.0023021140874333046,33.545182337440444
36.0,50.0,0.002332196820719168,33.54467660399422
36.0,52.0,0.002359084522977506,33.54422457710159
36.0,54.0,0.0023828079787951983,33.54382574138412
36.0,56.0,0.002403405583513152,33.543479453231086
36.0,58.0,0.0024209220775562867,33.54318496208078
36.0,60.0,0.0024354073797427933,33.54294143004154
36.0,62.0,0.002446915522616666,33.542747949800486
36.0,64.0,0.002455503690487526,33.542603560807684
36.0,66.0,0.002461231358947158,33.542507263755795
36.0,68.0,0.0024641595331656996,33.54245803339997
36.0,70.0,0.0024643500811681873,33.5424548297814
36.0,72.0,0.0024618651575333272,33.542496607930815
36.0,74.0,0.0024567667124724135,33.542582326136305
36.0,76.0,0.0024491160810035106,33.5427109528641
36.0,78.0,0.0024389736468843903,33.542881472421925
36.0,80.0,0.0024263985760776263,33.54309288945264
36.0,82.0,0.002411448614745848,33.5433442323421
36.0,84.0,0.0023941799470936775,33.543634555620145
36.0,86.0,0.0023746471087695564,33.54396294142658
36.0,88.0,0.002352902951960112,33.54432850010736
36.0,90.0,0.0023289986587833322,33.54473036999807
36.0,92.0,0.0023029838000483416,33.545167716443935
36.0,94.0,0.002274906436932178,33.54563973009792
36.0,96.0,0.002244813263576062,33.546145624530325
36.0,98.0,0.0022127497890510606,33.54668463317632
36.0,100.0,0.002178760557552173,33.54725600564054
36.0,102.0,0.0021428894060475656,33.547859003372075
36.0,104.0,0.0021051797589516363,33.54849289471715
36.0,106.0,0.002065674959643271,33.54915694935271
36.0,108.0,0.0020244186388775898,33.54985043210035
36.0,110.0,0.001981455120260267,33.550572596117874
38.0,40.0,0.0021558342914538287,33.547641399772196
38.0,42.0,0.002197744562273396,33.54693687819046
38.0,44.0,0.002236545164428283,33.54628461768573
38.0,46.0,0.002272222002710711,33.545684858261616
38.0,48.0,0.0023047736007899555,33.54513762755322
38.0,50.0,0.002334209672460563,33.54464276482724
38.0,52.0,0.0023605497378257345,33.54419994423358
38.0,54.0,0.002383821800526875,33.543808697036646
38.0,56.0,0.0024040610982734023,33.543468432619335
38.0,58.0,0.0024213089354730988,33.543178458111214
38.0,60.0,0.002435611603758492,33.54293799654229
38.0,62.0,0.0024470193936273477,33.54274620346774
38.0,64.0,0.0024555856982790836,33.54260218204468
38.0,66.0,0.002461366208991733,33.54250499657135
38.0,68.0,0.0024644182000234105,33.54245368452224
38.0,70.0,0.00246479989998738,33.54244726712981
38.0,72.0,0.0024625699459227546,33.54248475857613
38.0,74.0,0.002457786915790572,33.54256517386591
38.0,76.0,0.0024505089348612064,33.54268753545682
38.0,78.0,0.0024407933513640456,33.54285087872495
38.0,80.0,0.0024286964768215347,33.54305425634207
38.0,82.0,0.002414273386655341,33.543296741638905
38.0,84.0,0.002397577776905635,33.54357743102431
38.0,86.0,0.0023786618732190012,33.543895445524925
38.0,88.0,0.0023575763886293233,33.54424993150384
38.0,90.0,0.0023343705270417736,33.544640060610185
38.0,92.0,0.002309092029744275,33.54506502900482
38.0,94.0,0.0022817872626741398,33.54552405590026
38.0,96.0,0.0022525013425780394,33.54601638144644
38.0,98.0,0.002221278300579943,33.546541263987166
38.0,100.0,0.0021881612820469076,33.547097976706304
38.0,102.0,0.0021531927819594676,33.54768580367697
38.0,104.0,0.0021164149152865797,33.54830403532247
38.0,106.0,0.0020778697221068843,33.54895196329327
38.0,108.0,0.0020375995073964592,33.54962887476177
38.0,110.0,0.0019956472155143734,33.55033404613435
40.0,40.0,0.002158539502275958,33.54759592498405
40.0,42.0,0.0021993599700357302,33.54690972250712
40.0,44.0,0.00223717918359434,33.5462739593525
40.0,46.0,0.0022719826702807255,33.54568888168863
40.0,48.0,0.0023037677402907297,33.54515453738674
40.0,50.0,0.002332542190319975,33.54467079779674
40.0,52.0,0.002358323044483024,33.544237378902494
40.0,54.0,0.0023811353472144026,33.543853861608596
40.0,56.0,0.002401011019491195,33.54351971096719
40.0,58.0,0.0024179877867003263,33.54323429420427
40.0,60.0,0.0024321081838081238,33.54299689744952
40.0,62.0,0.002443418641207118,33.54280674111233
40.0,64.0,0.002451968652692482,33.542662993878956
40.0,66.0,0.0024578100254373236,33.54256478533256
40.0,68.0,0.002460996210587707,33.542511217218724
40.0,70.0,0.0024615817121314,33.54250137339562
40.0,72.0,0.0024596215709865588,33.54253432851973
40.0,74.0,0.0024551709207731864,33.54260915552638
40.0,76.0,0.002448284611444529,33.54272493196918
40.0,78.0,0.002439016896818469,33.54288074528474
40.0,80.0,0.0024274211820514147,33.543075697049034
40.0,82.0,0.0024135498272114253,33.543308906290065
40.0,84.0,0.002397454003284616,33.543579511918374
40.0,86.0,0.0023791835972138964,33.54388667433251
40.0,88.0,0.002358787162857867,33.54422957625195
40.0,90.0,0.002336311915091427,33.54460742282399
40.0,92.0,0.002311803764608822,33.54501944104593
40.0,94.0,0.0022853073913470245,33.545464878537494
40.0,96.0,0.00225686635479061,33.54594300169278
40.0,98.0,0.0022265232397494783,33.546453093235634
40.0,100.0,0.002194319836526959,33.546994449196745
40.0,102.0,0.00216029735466583,33.54756637532613
40.0,104.0,0.0021244966697223644,33.548168182950526
40.0,106.0,0.002086958602716793,33.54879918428175
40.0,108.0,0.0020477242320684486,33.54945868717926
40.0,110.0,0.002006835237912008,33.550145989369014
