axis_lat,axis_lon,angle_deg,rotated_pole_lat,rotated_pole_lon,include_quadrupole,r2,rmse,mae,spearman_pred_obs,rotation_only_spearman,intercept,coefficients
55.0,-25.0,1.0,89.42642844867764,-114.59042055734822,True,0.04768883664935497,32.77329208360877,18.4362180235374,0.3890468448940049,-0.25788151192554026,20.169867758186392,"{'rotation_anomaly': -3.372649223816612, 'q_xy': 1.677287572301158, 'q_xz': -1.481793627095832, 'q_yz': 4.143181746296238, 'q_x2_minus_y2': -2.6381176855620474, 'q_3z2_minus_1': 0.5353374305435644}"
55.0,-35.0,1.0,89.42642844867764,-124.59042055734824,True,0.04768883664935497,32.77329208360877,18.4362180235374,0.3890468448940049,-0.13393491201763438,20.16986775818639,"{'rotation_anomaly': -3.0915792998986453, 'q_xy': 1.679134729369279, 'q_xz': -1.8505176069004612, 'q_yz': 4.618452155707911, 'q_x2_minus_y2': -2.6332995061407964, 'q_3z2_minus_1': 0.5362511778663062}"
-55.0,5.0,1.0,89.42642844867764,-85.40957944265179,True,0.04768883664935497,32.77329208360877,18.436218023537396,0.3890468448940049,-0.34524519770223383,20.16986775818639,"{'rotation_anomaly': -3.6740727832039783, 'q_xy': 1.6634698695878278, 'q_xz': 0.0723670302748251, 'q_yz': 3.720109960875106, 'q_x2_minus_y2': -2.6436334040868568, 'q_3z2_minus_1': 0.5348357160651583}"
55.0,15.0,1.0,89.42642844867764,-74.59042055734822,True,0.04768883664935497,32.77329208360877,18.436218023537396,0.3890468448940049,-0.3891648453159981,20.169867758186392,"{'rotation_anomaly': -3.596080414112821, 'q_xy': 1.6582189119373818, 'q_xz': 0.647055200478687, 'q_yz': 3.9326404677420514, 'q_x2_minus_y2': -2.641278882995287, 'q_3z2_minus_1': 0.5352606321117278}"
55.0,20.0,1.0,89.42642844867764,-69.59042055734822,True,0.04768883664935497,32.77329208360877,18.436218023537396,0.3890468448940049,-0.3881197105204559,20.169867758186385,"{'rotation_anomaly': -3.524645385131521, 'q_xy': 1.6562785901319026, 'q_xz': 0.8859866331023949, 'q_yz': 4.092216067613349, 'q_x2_minus_y2': -2.639509783203433, 'q_3z2_minus_1': 0.5355624181792382}"
55.0,-10.0,1.0,89.42642844867764,-99.59042055734822,True,0.04768883664935475,32.77329208360877,18.436218023537403,0.3890468448940049,-0.3057656610941934,20.16986775818639,"{'rotation_anomaly': -3.6213835685459754, 'q_xy': 1.671052780169078, 'q_xz': -0.7238915511986521, 'q_yz': 3.739472780208909, 'q_x2_minus_y2': -2.64304944857506, 'q_3z2_minus_1': 0.5347464304845606}"
-30.0,35.0,1.0,89.13397734425962,-55.250004759737756,True,0.04768883664935475,32.77329208360877,18.4362180235374,0.3890468448940049,-0.43753639345200024,20.169867758186392,"{'rotation_anomaly': -3.19108444664553, 'q_xy': 1.6467674999274926, 'q_xz': 1.4206143155427355, 'q_yz': 4.7326315538473525, 'q_x2_minus_y2': -2.6354651495193617, 'q_3z2_minus_1': 0.5296442277619631}"
55.0,0.0,1.0,89.42642844867764,-89.59042055734824,True,0.04768883664935475,32.77329208360877,18.436218023537396,0.3890468448940049,-0.3317462777077111,20.16986775818639,"{'rotation_anomaly': -3.6767139004510017, 'q_xy': 1.6657169404101624, 'q_xz': -0.16193989370946238, 'q_yz': 3.6896542776973296, 'q_x2_minus_y2': -2.6439118222800735, 'q_3z2_minus_1': 0.534752704294846}"
-55.0,55.0,1.0,89.42642844867764,-35.40957944265177,True,0.04768883664935475,32.77329208360877,18.436218023537396,0.3890468448940049,-0.39880436253444995,20.16986775818639,"{'rotation_anomaly': -2.38904075002197, 'q_xy': 1.6559838138077165, 'q_xz': 1.6002430681685416, 'q_yz': 5.919836817834533, 'q_x2_minus_y2': -2.6247593989725577, 'q_3z2_minus_1': 0.5399717699393451}"
60.0,-15.0,1.0,89.50000475967025,-104.56698455013476,True,0.04768883664935475,32.77329208360877,18.436218023537396,0.3890468448940049,-0.2931575446288328,20.16986775818639,"{'rotation_anomaly': -3.5619181368536097, 'q_xy': 1.6725037588074068, 'q_xz': -0.9934885122021303, 'q_yz': 3.828137974890002, 'q_x2_minus_y2': -2.6401068556846705, 'q_3z2_minus_1': 0.5369105273134103}"
50.0,170.0,1.0,89.35721717797487,80.38302623885733,True,0.04768883664935475,32.77329208360877,18.436218023537396,0.3890468448940049,0.3086221205906275,20.169867758186392,"{'rotation_anomaly': 3.6320687830480543, 'q_xy': 1.6601537299578333, 'q_xz': -0.7291187693516674, 'q_yz': 3.714626878787867, 'q_x2_minus_y2': -2.6115481633125923, 'q_3z2_minus_1': 0.569208102095772}"
-50.0,170.0,1.0,89.35721717797487,79.6169737611427,True,0.04768883664935475,32.77329208360877,18.4362180235374,0.3890468448940049,0.30659522592501415,20.169867758186392,"{'rotation_anomaly': 3.6242755815398255, 'q_xy': 1.6597157228991417, 'q_xz': -0.7716893942100982, 'q_yz': 3.725136148571724, 'q_x2_minus_y2': -2.6117186464391824, 'q_3z2_minus_1': 0.5691984479047918}"
40.0,-10.0,1.0,89.2339595742298,-99.67860140748961,True,0.04768883664935475,32.77329208360877,18.4362180235374,0.3890468448940049,-0.30479073804992823,20.16986775818639,"{'rotation_anomaly': -3.61871243369209, 'q_xy': 1.6728208949413386, 'q_xz': -0.7281413692076518, 'q_yz': 3.7447981985159697, 'q_x2_minus_y2': -2.6479720145377215, 'q_3z2_minus_1': 0.5293389510535536}"
55.0,-5.0,1.0,89.42642844867764,-94.59042055734822,True,0.04768883664935475,32.77329208360877,18.4362180235374,0.3890468448940049,-0.3205025985025518,20.169867758186392,"{'rotation_anomaly': -3.6599301429754276, 'q_xy': 1.6684274515541997, 'q_xz': -0.4444079637767809, 'q_yz': 3.692681073006876, 'q_x2_minus_y2': -2.643749312282456, 'q_3z2_minus_1': 0.5347144210593663}"
60.0,20.0,5.0,87.50059502667351,-67.83459302532148,True,0.04768883664935464,32.77329208360878,18.4362180235374,0.3890468448940049,-0.3784688721972075,20.169867758186392,"{'rotation_anomaly': -3.492071447587977, 'q_xy': 1.621152013363605, 'q_xz': 0.9674048416513715, 'q_yz': 4.148514593273148, 'q_x2_minus_y2': -2.6744141667008923, 'q_3z2_minus_1': 0.48426197706833163}"
55.0,-50.0,117.0,31.44311429810382,-86.79985493535497,True,0.04768883664935464,32.77329208360878,18.4362180235374,0.3890468448940049,-0.04505588193324541,20.16986775818639,"{'rotation_anomaly': -2.1209219538885713, 'q_xy': 1.5654385153383739, 'q_xz': -0.12103111581631444, 'q_yz': 6.060850293451633, 'q_x2_minus_y2': -3.530471836721188, 'q_3z2_minus_1': -0.3869690485672429}"
-5.0,20.0,47.0,43.18953425001714,-72.17026498577233,True,0.04768883664935464,32.77329208360878,18.4362180235374,0.3890468448940049,-0.18887384377782007,20.16986775818639,"{'rotation_anomaly': -2.859495626615258, 'q_xy': 1.0608467465499285, 'q_xz': 0.43560311265042595, 'q_yz': 5.169742366768992, 'q_x2_minus_y2': -3.477492479320476, 'q_3z2_minus_1': -0.528857884570168}"
-45.0,90.0,37.0,64.06853358517971,-13.311103781645443,True,0.04768883664935464,32.77329208360878,18.4362180235374,0.3890468448940049,-0.31678574758999445,20.16986775818639,"{'rotation_anomaly': -1.3944780117610573, 'q_xy': 1.5334928057792514, 'q_xz': 1.0455484146877219, 'q_yz': 7.030579775645503, 'q_x2_minus_y2': -2.3621606986514263, 'q_3z2_minus_1': 0.24345267279033092}"
-35.0,-95.0,5.0,85.90466754723359,173.56544804957204,True,0.04768883664935464,32.77329208360878,18.4362180235374,0.3890468448940049,0.280281821796025,20.16986775818639,"{'rotation_anomaly': 0.4982189535915911, 'q_xy': 1.6697401481577085, 'q_xz': 0.3076689874229068, 'q_yz': 7.298129839435307, 'q_x2_minus_y2': -2.644999791000124, 'q_3z2_minus_1': 0.5686902680040831}"
-30.0,-155.0,9.0,82.207778204135,112.74652486030868,True,0.04768883664935464,32.77329208360878,18.4362180235374,0.3890468448940049,0.40035110803246565,20.16986775818639,"{'rotation_anomaly': 3.471603843121869, 'q_xy': 1.8049239993243813, 'q_xz': 0.9605096808154763, 'q_yz': 4.258188836410622, 'q_x2_minus_y2': -2.4906761767926238, 'q_3z2_minus_1': 0.7536775335044754}"
-45.0,90.0,47.0,57.2457814491007,-17.090505159265867,True,0.04768883664935464,32.77329208360878,18.4362180235374,0.3890468448940049,-0.3157276242488231,20.169867758186392,"{'rotation_anomaly': -1.705916159070674, 'q_xy': 1.4047483880044531, 'q_xz': 1.2519932096808173, 'q_yz': 6.859456399168369, 'q_x2_minus_y2': -2.2409456950368574, 'q_3z2_minus_1': 0.06728587230261003}"
30.0,125.0,45.0,51.29080769669911,46.70091950815378,True,0.04768883664935464,32.77329208360878,18.4362180235374,0.3890468448940049,0.11300035418363254,20.16986775818639,"{'rotation_anomaly': 2.54797160358869, 'q_xy': 0.5748417727555657, 'q_xz': -2.1309474800829924, 'q_yz': 5.016047870822937, 'q_x2_minus_y2': -2.5629338765373046, 'q_3z2_minus_1': 1.688021979486757}"
-25.0,65.0,3.0,87.28113212376832,-25.634046378130854,True,0.04768883664935464,32.77329208360878,18.436218023537403,0.3890468448940049,-0.3664001542058369,20.169867758186392,"{'rotation_anomaly': -1.879561533450765, 'q_xy': 1.6344911461124887, 'q_xz': 1.407201523127144, 'q_yz': 6.493525989721911, 'q_x2_minus_y2': -2.6028464735783507, 'q_3z2_minus_1': 0.5089982950823104}"
60.0,20.0,3.0,88.50012851597833,-68.70088770131011,True,0.04768883664935464,32.77329208360878,18.4362180235374,0.3890468448940049,-0.38432434286629946,20.16986775818639,"{'rotation_anomaly': -3.5084214598931247, 'q_xy': 1.6398482379703576, 'q_xz': 0.9274572677420592, 'q_yz': 4.120487195657604, 'q_x2_minus_y2': -2.656821396690543, 'q_3z2_minus_1': 0.510835791970694}"
50.0,-140.0,55.0,55.4682361474612,151.74100102627867,True,0.04768883664935464,32.77329208360878,18.4362180235374,0.3890468448940049,0.38701858750801665,20.16986775818639,"{'rotation_anomaly': 1.3139127737329346, 'q_xy': 1.9779288240924497, 'q_xz': 0.811097851086181, 'q_yz': 6.7531338088204755, 'q_x2_minus_y2': -2.8360538741791106, 'q_3z2_minus_1': 0.9400777783196101}"
40.0,-55.0,1.0,89.2339595742298,-144.67860140748962,True,0.04768883664935464,32.77329208360878,18.436218023537403,0.3890468448940049,-0.08723038537236065,20.169867758186392,"{'rotation_anomaly': -2.2330266294607775, 'q_xy': 1.6794240779186358, 'q_xz': -1.9995336610542125, 'q_yz': 5.901039647239101, 'q_x2_minus_y2': -2.6234762211627265, 'q_3z2_minus_1': 0.5360685455183675}"
40.0,170.0,95.0,21.22496823455325,115.04887586169724,True,0.04768883664935464,32.77329208360878,18.4362180235374,0.3890468448940049,0.3684854137955431,20.16986775818639,"{'rotation_anomaly': 1.7170142923453497, 'q_xy': 2.268025238907539, 'q_xz': 0.0834363380018714, 'q_yz': 6.7087954838119845, 'q_x2_minus_y2': -2.121255379989477, 'q_3z2_minus_1': 1.3674202390577328}"
-5.0,165.0,109.0,-18.390939082885545,68.03368395171182,True,0.04768883664935464,32.77329208360878,18.4362180235374,0.3890468448940049,0.03219287008262584,20.169867758186385,"{'rotation_anomaly': -0.8542477416322851, 'q_xy': 1.9819071662212349, 'q_xz': -0.30288073020563017, 'q_yz': 7.029466509121855, 'q_x2_minus_y2': -2.958511008840536, 'q_3z2_minus_1': 0.07717101918715935}"
-30.0,-160.0,101.0,6.1362559854635785,78.76115684787877,True,0.04768883664935464,32.77329208360878,18.4362180235374,0.3890468448940049,0.23200968145185483,20.169867758186392,"{'rotation_anomaly': 1.4752251655341084, 'q_xy': 1.2893090394084241, 'q_xz': -0.22799326113412174, 'q_yz': 7.115809920343885, 'q_x2_minus_y2': -1.7115971167702853, 'q_3z2_minus_1': 1.5757569697066687}"
-55.0,-55.0,15.0,81.41286797468177,-151.15518393430492,True,0.04768883664935464,32.77329208360878,18.4362180235374,0.3890468448940049,-0.07031013468750942,20.16986775818639,"{'rotation_anomaly': -1.8835511686352964, 'q_xy': 1.779939008188847, 'q_xz': -1.8127813170390596, 'q_yz': 6.343084316117385, 'q_x2_minus_y2': -2.5556449583536875, 'q_3z2_minus_1': 0.4106155608346228}"
25.0,-45.0,87.0,12.802710293031557,-113.14675880076103,True,0.04768883664935464,32.77329208360878,18.4362180235374,0.3890468448940049,0.05124632204364257,20.16986775818639,"{'rotation_anomaly': -0.36862941894115175, 'q_xy': 1.8228979263022136, 'q_xz': -0.22540068430043225, 'q_yz': 7.254046022422266, 'q_x2_minus_y2': -2.779325394153229, 'q_3z2_minus_1': 0.32505795148769606}"
-45.0,90.0,23.0,73.79152889699564,-8.186545090373992,True,0.04768883664935464,32.77329208360878,18.4362180235374,0.3890468448940049,-0.28190620957969825,20.16986775818639,"{'rotation_anomaly': -0.9152871535809551, 'q_xy': 1.6319511724789242, 'q_xz': 0.6690683724149205, 'q_yz': 7.22168982298132, 'q_x2_minus_y2': -2.511753354742714, 'q_3z2_minus_1': 0.4255048310952012}"
-60.0,20.0,7.0,86.50163293953257,-73.0320312954178,True,0.04768883664935464,32.77329208360878,18.4362180235374,0.3890468448940049,-0.3802557040782775,20.16986775818639,"{'rotation_anomaly': -3.566450861879578, 'q_xy': 1.6148467113536977, 'q_xz': 0.7238588514962958, 'q_yz': 3.9781876417246744, 'q_x2_minus_y2': -2.704710083099329, 'q_3z2_minus_1': 0.45572776589383573}"
0.0,150.0,59.0,31.0,60.00000000000001,True,0.04768883664935464,32.77329208360878,18.4362180235374,0.3890468448940049,0.32739961343498325,20.169867758186385,"{'rotation_anomaly': 2.53957939917167, 'q_xy': -0.03916922948663909, 'q_xz': -1.4156338019878552, 'q_yz': 4.9406038780733885, 'q_x2_minus_y2': -1.6369007693955526, 'q_3z2_minus_1': 2.599195373520479}"
-45.0,85.0,59.0,49.24596718763941,-26.80446032616668,True,0.04768883664935464,32.77329208360878,18.4362180235374,0.3890468448940049,-0.31768796212304334,20.169867758186392,"{'rotation_anomaly': -2.258843652647055, 'q_xy': 1.023698648647883, 'q_xz': 1.5340158659875438, 'q_yz': 6.374860753240227, 'q_x2_minus_y2': -2.1515822165405254, 'q_3z2_minus_1': -0.2790522339116605}"
-55.0,-55.0,107.0,35.08721849811326,167.0923133068894,True,0.04768883664935464,32.77329208360878,18.436218023537396,0.3890468448940049,0.2960797372162466,20.16986775818639,"{'rotation_anomaly': -0.16326920157375674, 'q_xy': 1.6236073541708744, 'q_xz': -0.3235259736905004, 'q_yz': 7.397278327445474, 'q_x2_minus_y2': -2.5401253531982144, 'q_3z2_minus_1': 0.44980942715146904}"
-5.0,170.0,47.0,43.18953425001714,77.82973501422768,True,0.04768883664935464,32.77329208360878,18.4362180235374,0.3890468448940049,0.4035345998169935,20.16986775818639,"{'rotation_anomaly': 3.439277113623351, 'q_xy': 1.0306007785711666, 'q_xz': -0.8196923189121743, 'q_yz': 4.019230408080733, 'q_x2_minus_y2': -1.2139320126690072, 'q_3z2_minus_1': 2.1545657293562277}"
-15.0,-60.0,89.0,4.776585817667439,-164.27008111924826,True,0.04768883664935464,32.77329208360878,18.4362180235374,0.3890468448940049,-0.10288848523262521,20.16986775818639,"{'rotation_anomaly': -0.7880931377091283, 'q_xy': 1.995462864828004, 'q_xz': -0.29070109700027313, 'q_yz': 7.327443908281332, 'q_x2_minus_y2': -2.0858907344482245, 'q_3z2_minus_1': -0.10590583132527802}"
55.0,-45.0,41.0,66.82424018060745,-117.97182885033513,True,0.04768883664935464,32.77329208360878,18.4362180235374,0.3890468448940049,-0.11884691341812352,20.169867758186392,"{'rotation_anomaly': -2.9682984157990484, 'q_xy': 2.075224810755139, 'q_xz': -1.3110772666888781, 'q_yz': 4.953289743052342, 'q_x2_minus_y2': -2.906838718933128, 'q_3z2_minus_1': 0.037007684654172944}"
40.0,175.0,17.0,76.99707466018145,90.4872949403816,True,0.04768883664935464,32.77329208360878,18.4362180235374,0.3890468448940049,0.3988933650684663,20.16986775818639,"{'rotation_anomaly': 3.743501745199377, 'q_xy': 1.6721841942612994, 'q_xz': -0.1569197638520165, 'q_yz': 3.6048966410458094, 'q_x2_minus_y2': -2.258577269035189, 'q_3z2_minus_1': 0.9328868380328451}"
-30.0,140.0,7.0,83.93876574401676,48.248365916974386,True,0.04768883664935464,32.77329208360878,18.4362180235374,0.3890468448940049,0.10884395384361797,20.16986775818639,"{'rotation_anomaly': 2.854030852285149, 'q_xy': 1.5210969055489965, 'q_xz': -2.0869507907023874, 'q_yz': 4.941348486776152, 'q_x2_minus_y2': -2.6116368590968055, 'q_3z2_minus_1': 0.7025924760280164}"
-40.0,-15.0,5.0,86.1702801495273,-106.60756764897307,True,0.04768883664935464,32.77329208360878,18.436218023537403,0.3890468448940049,-0.2753109710970111,20.16986775818639,"{'rotation_anomaly': -3.49684116798312, 'q_xy': 1.720975763912836, 'q_xz': -1.0774915521158315, 'q_yz': 3.9630557046792716, 'q_x2_minus_y2': -2.712892053323803, 'q_3z2_minus_1': 0.44641632520551894}"
30.0,-80.0,73.0,27.987490670332914,-149.69650713739267,True,0.04768883664935464,32.77329208360878,18.4362180235374,0.3890468448940049,-0.015277467580790528,20.16986775818639,"{'rotation_anomaly': -1.3309363495156583, 'q_xy': 2.2837756793304758, 'q_xz': -0.8619196910421874, 'q_yz': 6.9119775720643535, 'q_x2_minus_y2': -2.277773409231251, 'q_3z2_minus_1': -0.18676655970380876}"
-55.0,-55.0,71.0,51.08864803605205,-175.2975506988711,True,0.04768883664935464,32.77329208360878,18.436218023537403,0.3890468448940049,0.22778772126389898,20.169867758186392,"{'rotation_anomaly': -0.7039963247306255, 'q_xy': 1.7104413226535269, 'q_xz': -0.8845485093433669, 'q_yz': 7.295891409930034, 'q_x2_minus_y2': -2.357691374828645, 'q_3z2_minus_1': 0.26762668252686267}"
25.0,110.0,83.0,16.183164060648803,40.50082309268779,True,0.04768883664935464,32.77329208360878,18.436218023537396,0.3890468448940049,0.006483375827429082,20.16986775818639,"{'rotation_anomaly': 1.1740637246926076, 'q_xy': 0.6951592483276958, 'q_xz': -0.6362774116164023, 'q_yz': 6.923550740444307, 'q_x2_minus_y2': -2.783052368758528, 'q_3z2_minus_1': 1.5734347842532634}"
10.0,90.0,1.0,89.01519262390694,0.08682622644738253,True,0.04768883664935464,32.77329208360878,18.436218023537403,0.3890468448940049,-0.24779755383267815,20.16986775818639,"{'rotation_anomaly': -0.09946497839546078, 'q_xy': 1.6659418449594492, 'q_xz': -0.08578852983973297, 'q_yz': 7.361408696011594, 'q_x2_minus_y2': -2.6274209028741855, 'q_3z2_minus_1': 0.5500841305773368}"
-40.0,-15.0,1.0,89.2339595742298,-105.3213985925104,True,0.04768883664935464,32.77329208360878,18.436218023537403,0.3890468448940049,-0.2879462668666708,20.16986775818639,"{'rotation_anomaly': -3.5483532909320954, 'q_xy': 1.6764341195392263, 'q_xz': -1.0315950955978486, 'q_yz': 3.8520756822751476, 'q_x2_minus_y2': -2.6460864773131862, 'q_3z2_minus_1': 0.5295166297619706}"
55.0,-45.0,9.0,84.84137538489617,-131.31132229313513,True,0.04768883664935464,32.77329208360878,18.436218023537403,0.3890468448940049,-0.09055066686330289,20.169867758186392,"{'rotation_anomaly': -2.8204435750488126, 'q_xy': 1.7802998079233647, 'q_xz': -1.9392840250930843, 'q_yz': 5.094405150320744, 'q_x2_minus_y2': -2.643157502166788, 'q_3z2_minus_1': 0.4309738680063558}"
15.0,-50.0,43.0,48.53406885306605,-134.17872084913847,True,0.04768883664935464,32.77329208360878,18.436218023537403,0.3890468448940049,-0.03662808065148748,20.169867758186392,"{'rotation_anomaly': -2.1622839471352595, 'q_xy': 2.3340663331121236, 'q_xz': -1.2816929490455602, 'q_yz': 6.07957264430206, 'q_x2_minus_y2': -2.647540288185602, 'q_3z2_minus_1': -0.1444082753949028}"
25.0,-105.0,5.0,85.46871803934847,166.05709670988108,True,0.04768883664935464,32.77329208360878,18.4362180235374,0.3890468448940049,0.31648582549627424,20.16986775818639,"{'rotation_anomaly': 1.0165220710389675, 'q_xy': 1.6836100681906303, 'q_xz': 0.7775113250276093, 'q_yz': 7.089837571802272, 'q_x2_minus_y2': -2.661875094880356, 'q_3z2_minus_1': 0.5902416484950888}"
25.0,-15.0,1.0,89.0936942675587,-104.7886864630448,True,0.04768883664935464,32.77329208360878,18.4362180235374,0.3890468448940049,-0.28929914703696374,20.16986775818639,"{'rotation_anomaly': -3.55485204563097, 'q_xy': 1.6779653606244656, 'q_xz': -1.002910700853641, 'q_yz': 3.842942568127421, 'q_x2_minus_y2': -2.649584442048695, 'q_3z2_minus_1': 0.5255913012396527}"
55.0,-45.0,3.0,88.2794025945868,-133.7711795800156,True,0.04768883664935464,32.77329208360878,18.4362180235374,0.3890468448940049,-0.09783896702374639,20.16986775818639,"{'rotation_anomaly': -2.743238366854779, 'q_xy': 1.7041888094374897, 'q_xz': -2.019270725915832, 'q_yz': 5.18681846040544, 'q_x2_minus_y2': -2.629900016302348, 'q_3z2_minus_1': 0.5111094130702525}"
-40.0,-20.0,47.0,54.42837767272339,-125.61525305689212,True,0.04768883664935464,32.77329208360878,18.4362180235374,0.3890468448940049,-0.05786249558965889,20.16986775818639,"{'rotation_anomaly': -2.5068568273501803, 'q_xy': 2.2734278721631638, 'q_xz': -1.2719178302380787, 'q_yz': 5.638102534498487, 'q_x2_minus_y2': -2.8361391474256177, 'q_3z2_minus_1': -0.11653542020336556}"
-60.0,25.0,1.0,89.50000475967025,-65.43301544986525,True,0.04768883664935464,32.77329208360878,18.436218023537403,0.3890468448940049,-0.3816359592706805,20.16986775818639,"{'rotation_anomaly': -3.4476887036059454, 'q_xy': 1.6563916899374398, 'q_xz': 1.0662670375292498, 'q_yz': 4.252550175550532, 'q_x2_minus_y2': -2.6365652876014614, 'q_3z2_minus_1': 0.5378032828480064}"
40.0,170.0,55.0,48.56997195106067,98.500965128469,True,0.04768883664935464,32.77329208360878,18.4362180235374,0.3890468448940049,0.4050104999624363,20.16986775818639,"{'rotation_anomaly': 3.452526542951807, 'q_xy': 1.9759225456734137, 'q_xz': 0.18436209230979586, 'q_yz': 4.554376856058965, 'q_x2_minus_y2': -1.6073528147107883, 'q_3z2_minus_1': 1.6537918114192711}"
-40.0,-20.0,1.0,89.2339595742298,-110.3213985925104,True,0.04768883664935464,32.77329208360878,18.436218023537403,0.3890468448940049,-0.27187114778925897,20.169867758186392,"{'rotation_anomaly': -3.4623339413017193, 'q_xy': 1.679176561890408, 'q_xz': -1.283210929189739, 'q_yz': 3.9935837873351367, 'q_x2_minus_y2': -2.643775717590638, 'q_3z2_minus_1': 0.5297951392061749}"
0.0,145.0,85.0,4.999999999999998,55.000000000000014,True,0.04768883664935464,32.77329208360878,18.436218023537403,0.3890468448940049,0.13160749724206164,20.16986775818639,"{'rotation_anomaly': 1.0548522328414318, 'q_xy': 0.8509195026188849, 'q_xz': -0.2755972910176187, 'q_yz': 7.214378372395181, 'q_x2_minus_y2': -2.3295243359366102, 'q_3z2_minus_1': 1.4532262918271655}"
40.0,-50.0,1.0,89.2339595742298,-139.67860140748962,True,0.04768883664935464,32.77329208360878,18.4362180235374,0.3890468448940049,-0.09691303130473279,20.16986775818639,"{'rotation_anomaly': -2.4833588455577793, 'q_xy': 1.6814569935557995, 'q_xz': -2.0507086344442405, 'q_yz': 5.563005445580112, 'q_x2_minus_y2': -2.6256718859949926, 'q_3z2_minus_1': 0.5345765086335154}"
45.0,25.0,91.0,29.42433897371176,-29.26282922966325,True,0.04768883664935464,32.77329208360878,18.4362180235374,0.3890468448940049,-0.24422220427530786,20.16986775818639,"{'rotation_anomaly': -2.20850287970615, 'q_xy': 0.5814259292956933, 'q_xz': 1.1166391335594534, 'q_yz': 6.532910208611245, 'q_x2_minus_y2': -1.9596697831250232, 'q_3z2_minus_1': -0.7719207648802285}"
55.0,-50.0,19.0,79.13564405094539,-132.19459650357686,True,0.04768883664935464,32.77329208360878,18.4362180235374,0.3890468448940049,-0.07970623139040091,20.16986775818639,"{'rotation_anomaly': -2.7402634147218636, 'q_xy': 1.8959458912039038, 'q_xz': -1.8676651579242365, 'q_yz': 5.253388827457083, 'q_x2_minus_y2': -2.65100137420261, 'q_3z2_minus_1': 0.3105071116156219}"
20.0,110.0,29.0,62.78371467473015,25.054795310716102,True,0.04768883664935464,32.77329208360878,18.4362180235374,0.3890468448940049,0.0018664818194294869,20.16986775818639,"{'rotation_anomaly': 1.4352334055457863, 'q_xy': 1.3945506870706212, 'q_xz': -1.4812206785344642, 'q_yz': 6.673099814274598, 'q_x2_minus_y2': -2.8566759956202343, 'q_3z2_minus_1': 0.9189013711774234}"
-25.0,60.0,63.0,33.47074805949037,-44.5195045863137,True,0.04768883664935464,32.77329208360878,18.4362180235374,0.3890468448940049,-0.20206360379795055,20.169867758186392,"{'rotation_anomaly': -2.5529395134765425, 'q_xy': 0.37446505994542806, 'q_xz': 1.081697482760826, 'q_yz': 5.946540806585527, 'q_x2_minus_y2': -2.606431743463128, 'q_3z2_minus_1': -0.792786724521337}"
40.0,165.0,97.0,19.97804527877234,110.99987620464239,True,0.04768883664935464,32.77329208360878,18.436218023537403,0.3890468448940049,0.37229981140147655,20.169867758186392,"{'rotation_anomaly': 1.803912604229947, 'q_xy': 2.227808782534145, 'q_xz': 0.04253580414371312, 'q_yz': 6.6879049052792094, 'q_x2_minus_y2': -1.9998476555433176, 'q_3z2_minus_1': 1.4244915372801412}"
-45.0,95.0,95.0,27.15647387911046,-32.65635064622108,True,0.04768883664935464,32.77329208360878,18.4362180235374,0.3890468448940049,-0.2131368656055758,20.16986775818639,"{'rotation_anomaly': -2.2349659372229898, 'q_xy': 0.4542785588994564, 'q_xz': 1.013117223989534, 'q_yz': 6.4891210361928175, 'q_x2_minus_y2': -2.0673660029293024, 'q_3z2_minus_1': -0.8363652160025636}"
-25.0,-25.0,65.0,31.718222397323864,-130.06884914053936,True,0.04768883664935464,32.77329208360878,18.4362180235374,0.3890468448940049,-0.021034497622428736,20.16986775818639,"{'rotation_anomaly': -1.6203231156422393, 'q_xy': 2.3638640869150915, 'q_xz': -0.7713696903475645, 'q_yz': 6.569615061479197, 'q_x2_minus_y2': -2.750431634668751, 'q_3z2_minus_1': -0.1860119566809791}"
25.0,20.0,47.0,47.628904941602,-59.58751211483933,True,0.04768883664935464,32.77329208360878,18.4362180235374,0.3890468448940049,-0.24711099747783294,20.16986775818639,"{'rotation_anomaly': -2.9991907808216065, 'q_xy': 0.753943653696791, 'q_xz': 1.0208389696450144, 'q_yz': 5.028129508907765, 'q_x2_minus_y2': -3.1409918347183194, 'q_3z2_minus_1': -0.5356754208233647}"
-10.0,50.0,5.0,85.07600838313256,-40.43438783255526,True,0.04768883664935464,32.77329208360878,18.4362180235374,0.3890468448940049,-0.41898215095130115,20.16986775818639,"{'rotation_anomaly': -2.671927519006219, 'q_xy': 1.5662760055992275, 'q_xz': 1.6702915610574884, 'q_yz': 5.565787690148411, 'q_x2_minus_y2': -2.61211533955223, 'q_3z2_minus_1': 0.4459257157637888}"
-55.0,-60.0,1.0,89.42642844867764,-150.40957944265176,True,0.04768883664935464,32.77329208360878,18.4362180235374,0.3890468448940049,-0.08125458889147684,20.16986775818639,"{'rotation_anomaly': -1.91660738502262, 'q_xy': 1.6739088297968354, 'q_xz': -1.8619916889164287, 'q_yz': 6.27976643289747, 'q_x2_minus_y2': -2.6234591321585183, 'q_3z2_minus_1': 0.5412833952053829}"
35.0,70.0,83.0,24.252930458185194,6.905860076026741,True,0.04768883664935464,32.77329208360878,18.436218023537403,0.3890468448940049,-0.24566666258854997,20.169867758186392,"{'rotation_anomaly': -0.5713842616729121, 'q_xy': 1.7499512657947385, 'q_xz': 0.14239226034081465, 'q_yz': 7.406277917278873, 'q_x2_minus_y2': -2.284117776196809, 'q_3z2_minus_1': 0.18484282423782897}"
15.0,-55.0,73.0,19.86309409614104,-134.15822123464167,True,0.04768883664935464,32.77329208360878,18.436218023537403,0.3890468448940049,-0.0140121064222366,20.169867758186392,"{'rotation_anomaly': -0.9771993657517056, 'q_xy': 2.2102258858029242, 'q_xz': -0.47015164405718446, 'q_yz': 7.027796891167665, 'q_x2_minus_y2': -2.6443566930531825, 'q_3z2_minus_1': -0.015534488221500031}"
0.0,15.0,1.0,89.0000000000001,-75.0,True,0.04768883664935464,32.77329208360878,18.436218023537403,0.3890468448940049,-0.38640594169013887,20.169867758186392,"{'rotation_anomaly': -3.599409718845793, 'q_xy': 1.6527843173858519, 'q_xz': 0.6265503672308144, 'q_yz': 3.921321528609476, 'q_x2_minus_y2': -2.651191761443465, 'q_3z2_minus_1': 0.5235667032152977}"
35.0,70.0,77.0,28.681114491120937,4.5245250709041125,True,0.04768883664935464,32.77329208360878,18.4362180235374,0.3890468448940049,-0.2552997293599938,20.16986775818639,"{'rotation_anomaly': -0.6466534151014451, 'q_xy': 1.7233182626566839, 'q_xz': 0.2288540355357843, 'q_yz': 7.398435268249347, 'q_x2_minus_y2': -2.2654415344930205, 'q_3z2_minus_1': 0.17141086376893067}"
30.0,-75.0,13.0,78.74772948140387,-161.7395093302593,True,0.04768883664935464,32.77329208360878,18.436218023537403,0.3890468448940049,0.018213538152956534,20.169867758186392,"{'rotation_anomaly': -1.272952649500599, 'q_xy': 1.7391023248901973, 'q_xz': -1.4058456977888387, 'q_yz': 6.903777871631464, 'q_x2_minus_y2': -2.52875584677229, 'q_3z2_minus_1': 0.4230428047013992}"
-10.0,50.0,21.0,69.32257362732726,-41.84335891459585,True,0.04768883664935464,32.77329208360878,18.4362180235374,0.3890468448940049,-0.3851771655281911,20.16986775818639,"{'rotation_anomaly': -2.820060399237998, 'q_xy': 1.2012860997515615, 'q_xz': 1.734647956159804, 'q_yz': 5.40896847245013, 'q_x2_minus_y2': -2.5764792287774645, 'q_3z2_minus_1': 0.06460404115408606}"
30.0,-170.0,75.0,26.366684817617287,120.98998482554657,True,0.04768883664935464,32.77329208360878,18.4362180235374,0.3890468448940049,0.37495384717680563,20.16986775818639,"{'rotation_anomaly': 1.7714453301216562, 'q_xy': 2.3394332355043566, 'q_xz': 0.2200277835569831, 'q_yz': 6.595297014004638, 'q_x2_minus_y2': -2.2673292205658284, 'q_3z2_minus_1': 1.3446124398612636}"
-35.0,-95.0,79.0,27.1952819455971,149.69428250461587,True,0.04768883664935464,32.77329208360878,18.436218023537403,0.3890468448940049,0.3321141689449887,20.16986775818639,"{'rotation_anomaly': 0.37262288730989707, 'q_xy': 1.8486954327375467, 'q_xz': 0.00852202836450762, 'q_yz': 7.232745638380274, 'q_x2_minus_y2': -2.7318980959749943, 'q_3z2_minus_1': 0.7691407636633933}"
25.0,75.0,65.0,31.718222397323864,0.06884914053933444,True,0.04768883664935464,32.77329208360878,18.436218023537403,0.3890468448940049,-0.26482138587462156,20.169867758186392,"{'rotation_anomaly': -0.8881992455036958, 'q_xy': 1.6670691463958869, 'q_xz': 0.41940086984357283, 'q_yz': 7.362062752096384, 'q_x2_minus_y2': -2.1548516670502824, 'q_3z2_minus_1': 0.0618860402768626}"
-50.0,95.0,23.0,75.27445506658403,-3.858481639823695,True,0.04768883664935464,32.77329208360878,18.436218023537403,0.3890468448940049,-0.2500966820468248,20.169867758186392,"{'rotation_anomaly': -0.5793380550275796, 'q_xy': 1.6565697094758602, 'q_xz': 0.36602626757035844, 'q_yz': 7.319027308915356, 'q_x2_minus_y2': -2.558616870492874, 'q_3z2_minus_1': 0.4783474017047144}"
-50.0,95.0,41.0,63.981428387230494,-10.982362990487822,True,0.04768883664935464,32.77329208360878,18.4362180235374,0.3890468448940049,-0.3079085418803113,20.16986775818639,"{'rotation_anomaly': -1.2388628675668967, 'q_xy': 1.5673303112069694, 'q_xz': 0.9179681396012066, 'q_yz': 7.118141418240708, 'q_x2_minus_y2': -2.382033612166397, 'q_3z2_minus_1': 0.27667454509914324}"
25.0,-20.0,111.0,-6.647175261408441,-78.41208514712622,True,0.04768883664935464,32.77329208360878,18.4362180235374,0.3890468448940049,0.28263013867192716,20.169867758186392,"{'rotation_anomaly': 1.0565066514400094, 'q_xy': 1.889002249362736, 'q_xz': -0.1574479387607598, 'q_yz': 7.208357436469737, 'q_x2_minus_y2': -2.1035424913837533, 'q_3z2_minus_1': 1.1405762294302189}"
40.0,170.0,51.0,51.48786342234628,97.04522333485558,True,0.04768883664935464,32.77329208360878,18.4362180235374,0.3890468448940049,0.41022989542514926,20.169867758186392,"{'rotation_anomaly': 3.5332311838845696, 'q_xy': 1.9140598133534463, 'q_xz': 0.14174440406896235, 'q_yz': 4.358172925019756, 'q_x2_minus_y2': -1.632810716637377, 'q_3z2_minus_1': 1.6111919631465965}"
0.0,10.0,53.0,37.0,-80.0,True,0.04768883664935464,32.77329208360878,18.4362180235374,0.3890468448940049,-0.09320105910342404,20.16986775818639,"{'rotation_anomaly': -2.523324107228209, 'q_xy': 1.3247907300596176, 'q_xz': 0.08648191363444885, 'q_yz': 5.612353250699694, 'q_x2_minus_y2': -3.5721156383835346, 'q_3z2_minus_1': -0.48672290805441343}"
-25.0,-25.0,31.0,61.96712867160135,-121.6847071952581,True,0.04768883664935464,32.77329208360878,18.4362180235374,0.3890468448940049,-0.07914655636391722,20.16986775818639,"{'rotation_anomaly': -2.779775499061394, 'q_xy': 2.1655381422215183, 'q_xz': -1.3320343707291815, 'q_yz': 5.250871014492556, 'q_x2_minus_y2': -2.8805170835129985, 'q_3z2_minus_1': -0.03048046433530389}"
-60.0,25.0,25.0,77.57458921298353,-75.86815011817673,True,0.04768883664935464,32.77329208360878,18.4362180235374,0.3890468448940049,-0.33698512340044756,20.169867758186392,"{'rotation_anomaly': -3.535203300119028, 'q_xy': 1.512005391970775, 'q_xz': 0.5643674620879968, 'q_yz': 3.9808104110879126, 'q_x2_minus_y2': -2.9165748252256987, 'q_3z2_minus_1': 0.21275579069674783}"
-5.0,165.0,83.0,7.385217179453252,70.59071125472255,True,0.04768883664935464,32.77329208360878,18.4362180235374,0.3890468448940049,0.20871381969463998,20.16986775818639,"{'rotation_anomaly': 1.5638724283067647, 'q_xy': 0.9336331371893221, 'q_xz': -0.2897334193261303, 'q_yz': 7.023816521829729, 'q_x2_minus_y2': -1.7116653888037985, 'q_3z2_minus_1': 1.7662495843516308}"
-50.0,95.0,27.0,72.73968093143823,-5.420876073973073,True,0.04768883664935464,32.77329208360878,18.4362180235374,0.3890468448940049,-0.2616008243875598,20.16986775818639,"{'rotation_anomaly': -0.7290936711008157, 'q_xy': 1.6466284273300644, 'q_xz': 0.4992876014045153, 'q_yz': 7.287485828786826, 'q_x2_minus_y2': -2.5267077835046443, 'q_3z2_minus_1': 0.44413413083923325}"
30.0,-80.0,99.0,7.6241487474763305,-139.65423645368912,True,0.04768883664935464,32.77329208360878,18.436218023537403,0.3890468448940049,-0.04797956778200453,20.169867758186392,"{'rotation_anomaly': -0.28001279022155184, 'q_xy': 1.8584002067822243, 'q_xz': -0.226444087990547, 'q_yz': 7.321306225563587, 'q_x2_minus_y2': -2.596479791113288, 'q_3z2_minus_1': 0.3480465064289125}"
15.0,105.0,57.0,35.109607665844095,22.999238173100494,True,0.04768883664935464,32.77329208360878,18.4362180235374,0.3890468448940049,-0.11990556229439266,20.16986775818639,"{'rotation_anomaly': 0.7923012913293138, 'q_xy': 1.359573958422157, 'q_xz': -0.7584867633365723, 'q_yz': 7.08481220679104, 'q_x2_minus_y2': -2.9261903101558624, 'q_3z2_minus_1': 0.9940152151915068}"
-15.0,-160.0,51.0,40.85532198931538,102.96242258160284,True,0.04768883664935464,32.77329208360878,18.4362180235374,0.3890468448940049,0.4044298728292544,20.169867758186392,"{'rotation_anomaly': 3.142559785678355, 'q_xy': 2.149113638391303, 'q_xz': 0.2609927619221924, 'q_yz': 5.160480634712535, 'q_x2_minus_y2': -1.6273179590119002, 'q_3z2_minus_1': 1.7006651600298903}"
0.0,10.0,61.0,29.00000000000001,-80.0,True,0.04768883664935464,32.77329208360878,18.4362180235374,0.3890468448940049,-0.02086866863699796,20.16986775818639,"{'rotation_anomaly': -2.0819939079595033, 'q_xy': 1.3460685799369523, 'q_xz': 0.0022288517689646875, 'q_yz': 6.155009165970181, 'q_x2_minus_y2': -3.5132454068849324, 'q_3z2_minus_1': -0.4220027894043126}"
-55.0,-60.0,89.0,42.59033086587444,171.16668350368997,True,0.04768883664935464,32.77329208360878,18.436218023537403,0.3890468448940049,0.30298430423412004,20.169867758186392,"{'rotation_anomaly': -0.16286945990388346, 'q_xy': 1.641289106496603, 'q_xz': -0.338542498534038, 'q_yz': 7.388327517954916, 'q_x2_minus_y2': -2.5503092425369394, 'q_3z2_minus_1': 0.46643729912770177}"
-5.0,20.0,85.0,5.398935714646162,-74.56615140762506,True,0.04768883664935464,32.77329208360878,18.4362180235374,0.3890468448940049,0.17538905723129744,20.169867758186392,"{'rotation_anomaly': -0.24961524664403006, 'q_xy': 1.5964939127088462, 'q_xz': -0.17796843756460748, 'q_yz': 7.332103602664131, 'q_x2_minus_y2': -2.745244787899379, 'q_3z2_minus_1': 0.4101249226483864}"
50.0,130.0,91.0,35.42334002090028,77.93757301629114,True,0.04768883664935464,32.77329208360878,18.4362180235374,0.3890468448940049,0.40147530139891485,20.16986775818639,"{'rotation_anomaly': 3.2468016659743424, 'q_xy': 0.9559674497691484, 'q_xz': -0.7221960629940897, 'q_yz': 4.506582415695668, 'q_x2_minus_y2': -1.0318166671748554, 'q_3z2_minus_1': 2.3579938724430862}"
-35.0,-95.0,75.0,30.17614835597289,151.24471285811634,True,0.04768883664935464,32.77329208360878,18.436218023537403,0.3890468448940049,0.33293277451485076,20.169867758186392,"{'rotation_anomaly': 0.43461344214301917, 'q_xy': 1.8649251694255997, 'q_xz': 0.06512603856161646, 'q_yz': 7.2053290790202, 'q_x2_minus_y2': -2.7558514584200102, 'q_3z2_minus_1': 0.7963546419087092}"
35.0,-5.0,13.0,79.35856271085676,-91.2609928157605,True,0.04768883664935464,32.77329208360878,18.4362180235374,0.3890468448940049,-0.3045412824960722,20.16986775818639,"{'rotation_anomaly': -3.568672329943884, 'q_xy': 1.6781187390947039, 'q_xz': -0.25249347600738875, 'q_yz': 3.881618732896966, 'q_x2_minus_y2': -2.9067040416748235, 'q_3z2_minus_1': 0.26299293303434107}"
-25.0,60.0,99.0,2.872403124098759,-56.32723669961888,True,0.04768883664935464,32.77329208360878,18.436218023537403,0.3890468448940049,0.17282755702422758,20.169867758186392,"{'rotation_anomaly': -0.620611716496888, 'q_xy': 1.3368963162205343, 'q_xz': -0.16441523755512913, 'q_yz': 7.326061465794765, 'q_x2_minus_y2': -2.7665441598965748, 'q_3z2_minus_1': 0.18001121566677206}"
-55.0,-50.0,1.0,89.42642844867764,-140.40957944265176,True,0.04768883664935464,32.77329208360878,18.4362180235374,0.3890468448940049,-0.09635296390617858,20.16986775818639,"{'rotation_anomaly': -2.448664083232689, 'q_xy': 1.6773718201185164, 'q_xz': -2.049005619625684, 'q_yz': 5.610611633239081, 'q_x2_minus_y2': -2.626046695006982, 'q_3z2_minus_1': 0.5388288245895735}"
-20.0,85.0,21.0,70.27952822941977,-8.62710849557666,True,0.04768883664935464,32.77329208360878,18.436218023537403,0.3890468448940049,-0.2967533784430531,20.169867758186392,"{'rotation_anomaly': -0.9938587766485589, 'q_xy': 1.618653340375156, 'q_xz': 0.7297224348651471, 'q_yz': 7.203617150332042, 'q_x2_minus_y2': -2.4749332540983042, 'q_3z2_minus_1': 0.38509042921618236}"
40.0,-60.0,1.0,89.2339595742298,-149.6786014074896,True,0.04768883664935464,32.77329208360878,18.4362180235374,0.3890468448940049,-0.08162327985607715,20.16986775818639,"{'rotation_anomaly': -1.9589775650023094, 'q_xy': 1.6769637470712944, 'q_xz': -1.883892462836649, 'q_yz': 6.2328512763214325, 'q_x2_minus_y2': -2.6220022822872786, 'q_3z2_minus_1': 0.5377787558863975}"
-45.0,85.0,35.0,65.44682653335255,-17.568533069160836,True,0.04768883664935464,32.77329208360878,18.4362180235374,0.3890468448940049,-0.32690067161174874,20.169867758186392,"{'rotation_anomaly': -1.6528100485344568, 'q_xy': 1.4755621106494559, 'q_xz': 1.251012349014742, 'q_yz': 6.844866980644858, 'q_x2_minus_y2': -2.3558432529800486, 'q_3z2_minus_1': 0.20681968748522103}"
40.0,-70.0,9.0,83.10853248202594,-157.10396231313717,True,0.04768883664935464,32.77329208360878,18.436218023537403,0.3890468448940049,-0.060706146151354466,20.16986775818639,"{'rotation_anomaly': -1.5372293036758753, 'q_xy': 1.7303209505744388, 'q_xz': -1.6092479687340653, 'q_yz': 6.678137005959858, 'q_x2_minus_y2': -2.5651821230909158, 'q_3z2_minus_1': 0.45750048687865963}"
-50.0,110.0,67.0,48.44029042538572,-6.8865468969484365,True,0.04768883664935464,32.77329208360878,18.4362180235374,0.3890468448940049,-0.29451696439606495,20.16986775818639,"{'rotation_anomaly': -1.1447041472757178, 'q_xy': 1.5696350967773156, 'q_xz': 0.757290423067422, 'q_yz': 7.231984120192546, 'q_x2_minus_y2': -2.232615603211664, 'q_3z2_minus_1': 0.13012295474557056}"
-50.0,110.0,65.0,49.59129013014684,-6.013492676833165,True,0.04768883664935464,32.77329208360878,18.4362180235374,0.3890468448940049,-0.29260206170929676,20.16986775818639,"{'rotation_anomaly': -1.0719589334470279, 'q_xy': 1.5894990580630723, 'q_xz': 0.7064755581282641, 'q_yz': 7.2545795307438885, 'q_x2_minus_y2': -2.2669392972453424, 'q_3z2_minus_1': 0.16930472029562865}"
25.0,25.0,21.0,70.9867698938604,-60.521299714295914,True,0.04768883664935464,32.77329208360878,18.4362180235374,0.3890468448940049,-0.34877046073068574,20.16986775818639,"{'rotation_anomaly': -3.307188126421142, 'q_xy': 1.2492118298600936, 'q_xz': 1.2599972366714858, 'q_yz': 4.458053126321648, 'q_x2_minus_y2': -2.8808221589015774, 'q_3z2_minus_1': 0.04494493968428518}"
-35.0,-110.0,59.0,42.42198288780017,142.0210309450464,True,0.04768883664935464,32.77329208360878,18.4362180235374,0.3890468448940049,0.37729564299745594,20.16986775818639,"{'rotation_anomaly': 1.4577390488198734, 'q_xy': 2.1895525573932835, 'q_xz': 0.6237721798055998, 'q_yz': 6.64411697689374, 'q_x2_minus_y2': -2.7601246843224483, 'q_3z2_minus_1': 1.1124368211690252}"
5.0,115.0,69.0,21.299424108564605,28.427948844872468,True,0.04768883664935464,32.77329208360878,18.436218023537403,0.3890468448940049,-0.10187849761011605,20.16986775818639,"{'rotation_anomaly': 0.7286850099053727, 'q_xy': 1.2304955522838934, 'q_xz': -0.5560001503050098, 'q_yz': 7.133186293565491, 'q_x2_minus_y2': -2.914580211423808, 'q_3z2_minus_1': 1.091959783533022}"
0.0,155.0,29.0,61.00000000000001,65.0,True,0.04768883664935464,32.77329208360878,18.436218023537403,0.3890468448940049,0.35774540566762963,20.169867758186392,"{'rotation_anomaly': 3.3794680229909764, 'q_xy': 0.9410050707164499, 'q_xz': -1.6860716153030606, 'q_yz': 3.7055276678324955, 'q_x2_minus_y2': -2.015690485988512, 'q_3z2_minus_1': 1.5354197030252763}"
30.0,-5.0,1.0,89.13397734425962,-94.74999524026225,True,0.04768883664935464,32.77329208360878,18.4362180235374,0.3890468448940049,-0.3193298081227341,20.16986775818639,"{'rotation_anomaly': -3.6564606816899374, 'q_xy': 1.6698201557215169, 'q_xz': -0.4530239046503454, 'q_yz': 3.6987045770870295, 'q_x2_minus_y2': -2.651600153266495, 'q_3z2_minus_1': 0.5264763129996692}"
-60.0,5.0,71.0,56.24200068616341,-116.70486600515758,True,0.04768883664935464,32.77329208360878,18.436218023537403,0.3890468448940049,-0.09344619126020294,20.169867758186392,"{'rotation_anomaly': -2.7391774539826192, 'q_xy': 2.1897507691988665, 'q_xz': -1.0975939330603917, 'q_yz': 5.3010996665788985, 'q_x2_minus_y2': -3.019851607358495, 'q_3z2_minus_1': -0.12774506167602492}"
-30.0,-140.0,61.0,37.85078763220439,113.58911205309158,True,0.04768883664935464,32.77329208360878,18.436218023537403,0.3890468448940049,0.40173593234612553,20.16986775818639,"{'rotation_anomaly': 2.656463942076265, 'q_xy': 2.3598226448193467, 'q_xz': 0.4269833632391434, 'q_yz': 5.769443429614249, 'q_x2_minus_y2': -1.980706044224488, 'q_3z2_minus_1': 1.5350989021829717}"
60.0,30.0,41.0,69.8306153676952,-42.05837711369698,True,0.04768883664935464,32.77329208360878,18.436218023537403,0.3890468448940049,-0.3855646424059966,20.169867758186392,"{'rotation_anomaly': -2.826429858672025, 'q_xy': 1.2122056827580336, 'q_xz': 1.733035670107256, 'q_yz': 5.395828496632914, 'q_x2_minus_y2': -2.5811643494673335, 'q_3z2_minus_1': 0.07641378307750164}"
15.0,-160.0,55.0,37.023418472676354,117.67340433757981,True,0.04768883664935464,32.77329208360878,18.4362180235374,0.3890468448940049,0.39423073190171615,20.16986775818639,"{'rotation_anomaly': 2.451260490357867, 'q_xy': 2.3930988638410757, 'q_xz': 0.45909899302687773, 'q_yz': 5.966265796085904, 'q_x2_minus_y2': -2.1220925750528705, 'q_3z2_minus_1': 1.4705386357796677}"
10.0,-40.0,17.0,73.26013583178606,-128.5133996836871,True,0.04768883664935464,32.77329208360878,18.436218023537403,0.3890468448940049,-0.07461499195023195,20.169867758186392,"{'rotation_anomaly': -2.798121352070374, 'q_xy': 2.008953762773454, 'q_xz': -1.701143710841597, 'q_yz': 5.197673867881698, 'q_x2_minus_y2': -2.7078229342037843, 'q_3z2_minus_1': 0.18474877138548784}"
-10.0,30.0,115.0,-22.316406304312935,-75.24689327978979,True,0.04768883664935464,32.77329208360878,18.4362180235374,0.3890468448940049,0.39448848083392835,20.16986775818639,"{'rotation_anomaly': 2.208076864949008, 'q_xy': 2.1702743811910663, 'q_xz': 0.037623095241220185, 'q_yz': 6.400915913965016, 'q_x2_minus_y2': -1.7308158300225926, 'q_3z2_minus_1': 1.6162089041046055}"
50.0,-130.0,75.0,43.928637267550975,170.44729231315824,True,0.04768883664935464,32.77329208360878,18.436218023537403,0.3890468448940049,0.3053659839734056,20.16986775818639,"{'rotation_anomaly': -0.09412931071083755, 'q_xy': 1.6512230651570123, 'q_xz': -0.2739052824882562, 'q_yz': 7.378219939778202, 'q_x2_minus_y2': -2.585463868040993, 'q_3z2_minus_1': 0.5041632016951245}"
5.0,115.0,53.0,37.21730664125998,27.48817981595302,True,0.04768883664935464,32.77329208360878,18.4362180235374,0.3890468448940049,-0.06727534854650562,20.16986775818639,"{'rotation_anomaly': 1.160006546662242, 'q_xy': 1.1567918724681179, 'q_xz': -1.0565434390511217, 'q_yz': 6.846271112455568, 'q_x2_minus_y2': -2.9875702995404496, 'q_3z2_minus_1': 1.1977341719519543}"
60.0,30.0,29.0,75.61654342537356,-47.375832728484426,True,0.04768883664935464,32.77329208360878,18.4362180235374,0.3890468448940049,-0.4051490490689608,20.16986775818639,"{'rotation_anomaly': -2.9924786961288157, 'q_xy': 1.3314642216108432, 'q_xz': 1.658744123397557, 'q_yz': 5.08599053241581, 'q_x2_minus_y2': -2.6562442635163808, 'q_3z2_minus_1': 0.20177914097749777}"
-25.0,-115.0,37.0,56.57425777884592,146.9513904364366,True,0.04768883664935464,32.77329208360878,18.4362180235374,0.3890468448940049,0.3869789150395331,20.16986775818639,"{'rotation_anomaly': 1.6265661340244915, 'q_xy': 2.0582492061839637, 'q_xz': 0.9486801644907561, 'q_yz': 6.523532360823412, 'q_x2_minus_y2': -2.8033362752976356, 'q_3z2_minus_1': 0.9973484421033859}"
-45.0,75.0,73.0,40.254644937720656,-42.61998105138463,True,0.04768883664935464,32.77329208360878,18.4362180235374,0.3890468448940049,-0.26762133779962327,20.16986775818639,"{'rotation_anomaly': -2.673519155084929, 'q_xy': 0.48590193422842864, 'q_xz': 1.3498070346510582, 'q_yz': 5.7572400825691545, 'q_x2_minus_y2': -2.5292962821720337, 'q_3z2_minus_1': -0.6809173943863643}"
-45.0,75.0,29.0,69.60458059012298,-25.36318565142943,True,0.04768883664935464,32.77329208360878,18.4362180235374,0.3890468448940049,-0.35116819757121076,20.169867758186392,"{'rotation_anomaly': -2.0691204958814793, 'q_xy': 1.4021682491080663, 'q_xz': 1.5377040044826464, 'q_yz': 6.433760750074126, 'q_x2_minus_y2': -2.4110432993868534, 'q_3z2_minus_1': 0.1964705053553756}"
-30.0,-140.0,101.0,6.1362559854635785,98.76115684787878,True,0.04768883664935464,32.77329208360878,18.4362180235374,0.3890468448940049,0.2753698072421682,20.169867758186392,"{'rotation_anomaly': 1.0973501597310238, 'q_xy': 1.846344778423567, 'q_xz': -0.16463782615748962, 'q_yz': 7.210811624896692, 'q_x2_minus_y2': -2.0528443635342755, 'q_3z2_minus_1': 1.1742916778615562}"
-45.0,75.0,25.0,72.39303301338566,-23.90928199941678,True,0.04768883664935464,32.77329208360878,18.4362180235374,0.3890468448940049,-0.3499317262344359,20.169867758186392,"{'rotation_anomaly': -1.9591488586339807, 'q_xy': 1.4606197758815738, 'q_xz': 1.4754479908352498, 'q_yz': 6.525199700168203, 'q_x2_minus_y2': -2.440891328860098, 'q_3z2_minus_1': 0.262691962501921}"
-60.0,0.0,111.0,41.33099757840004,-141.56435429503395,True,0.04768883664935464,32.77329208360878,18.436218023537403,0.3890468448940049,-0.029403662035346046,20.169867758186392,"{'rotation_anomaly': -1.8188959673020497, 'q_xy': 2.342599495698527, 'q_xz': -1.1808618757487657, 'q_yz': 6.463730104145088, 'q_x2_minus_y2': -2.4693192777511332, 'q_3z2_minus_1': -0.17189283590730706}"
60.0,35.0,15.0,82.51608097039693,-48.495543042474175,True,0.04768883664935464,32.77329208360878,18.4362180235374,0.3890468448940049,-0.42767796801594604,20.16986775818639,"{'rotation_anomaly': -3.0045142224280563, 'q_xy': 1.4958493268960547, 'q_xz': 1.6133318737370785, 'q_yz': 5.053092005671455, 'q_x2_minus_y2': -2.649250617016071, 'q_3z2_minus_1': 0.37266538641624297}"
-5.0,15.0,7.0,83.02667010599562,-75.30542220558638,True,0.04768883664935464,32.77329208360878,18.436218023537403,0.3890468448940049,-0.35914416003259814,20.169867758186392,"{'rotation_anomaly': -3.57273008253976, 'q_xy': 1.5759772094404376, 'q_xz': 0.6058984679472849, 'q_yz': 3.9359203643004834, 'q_x2_minus_y2': -2.7890943312740055, 'q_3z2_minus_1': 0.3602277419911921}"
-45.0,70.0,85.0,32.9275338165448,-52.940977177578574,True,0.04768883664935464,32.77329208360878,18.4362180235374,0.3890468448940049,-0.1602694302589738,20.16986775818639,"{'rotation_anomaly': -2.573402993689259, 'q_xy': 0.45876313001770896, 'q_xz': 0.8339848748912829, 'q_yz': 5.82873221411445, 'q_x2_minus_y2': -2.9741167445618926, 'q_3z2_minus_1': -0.7547425066420362}"
35.0,-150.0,51.0,48.700530901623864,135.30068675332612,True,0.04768883664935464,32.77329208360878,18.4362180235374,0.3890468448940049,0.39123995735861383,20.16986775818639,"{'rotation_anomaly': 2.0365987775520176, 'q_xy': 2.2801873912415966, 'q_xz': 0.8489511750309796, 'q_yz': 6.199199111777797, 'q_x2_minus_y2': -2.634739381077008, 'q_3z2_minus_1': 1.189981646338162}"
20.0,-30.0,67.0,27.51637161171539,-107.24447896285902,True,0.04768883664935464,32.77329208360878,18.436218023537403,0.3890468448940049,-0.016756170330368778,20.169867758186392,"{'rotation_anomaly': -1.5764134029131074, 'q_xy': 2.0670866673709254, 'q_xz': -0.41265168790421825, 'q_yz': 6.528504362217296, 'q_x2_minus_y2': -3.2162541882390725, 'q_3z2_minus_1': -0.18605146147348575}"
-45.0,70.0,101.0,23.865781720443643,-60.6226333885943,True,0.04768883664935464,32.77329208360878,18.436218023537403,0.3890468448940049,0.023455863876930605,20.16986775818639,"{'rotation_anomaly': -2.0917027485514725, 'q_xy': 0.7326143494092278, 'q_xz': 0.307857956611229, 'q_yz': 6.36685446662782, 'q_x2_minus_y2': -3.198466391258143, 'q_3z2_minus_1': -0.58473493206701}"
-55.0,-40.0,1.0,89.42642844867764,-130.4095794426518,True,0.04768883664935464,32.77329208360878,18.436218023537403,0.3890468448940049,-0.10059882020874539,20.169867758186392,"{'rotation_anomaly': -2.883713477480772, 'q_xy': 1.6791430592750878, 'q_xz': -1.9868316949444071, 'q_yz': 4.9577116541186825, 'q_x2_minus_y2': -2.6303957936937854, 'q_3z2_minus_1': 0.5370231743691753}"
-55.0,-45.0,119.0,30.764635185384037,170.71957906600835,True,0.04768883664935464,32.77329208360878,18.436218023537403,0.3890468448940049,0.24497370635493484,20.169867758186392,"{'rotation_anomaly': -0.43481988583297077, 'q_xy': 1.5716323492732, 'q_xz': -0.5471596858684585, 'q_yz': 7.428436914465286, 'q_x2_minus_y2': -2.3454154917923513, 'q_3z2_minus_1': 0.24272157217631735}"
-50.0,110.0,109.0,26.891806210739176,-27.042232459773196,True,0.04768883664935464,32.77329208360878,18.4362180235374,0.3890468448940049,-0.23277956958102555,20.169867758186392,"{'rotation_anomaly': -2.10934974195619, 'q_xy': 0.6275171361892384, 'q_xz': 1.0198489527401424, 'q_yz': 6.662739492532168, 'q_x2_minus_y2': -1.8708528029141884, 'q_3z2_minus_1': -0.7829376521723812}"
10.0,-40.0,1.0,89.01519262390694,-129.91317377355261,True,0.04768883664935464,32.77329208360878,18.436218023537403,0.3890468448940049,-0.10003772983346114,20.16986775818639,"{'rotation_anomaly': -2.9004314252276315, 'q_xy': 1.6885946730924846, 'q_xz': -1.9723985117517449, 'q_yz': 4.934683400161509, 'q_x2_minus_y2': -2.6323409122803447, 'q_3z2_minus_1': 0.5269923109382044}"
-45.0,75.0,1.0,89.29289770631173,-15.353557878065775,True,0.04768883664935464,32.77329208360878,18.436218023537403,0.3890468448940049,-0.31994896132371037,20.169867758186392,"{'rotation_anomaly': -1.1944602147207375, 'q_xy': 1.6624464608154, 'q_xz': 0.9267928231086637, 'q_yz': 7.014532303223121, 'q_x2_minus_y2': -2.6223245571473717, 'q_3z2_minus_1': 0.5438215372298}"
60.0,30.0,95.0,46.7366301728688,-16.616704177651695,True,0.04768883664935464,32.77329208360878,18.4362180235374,0.3890468448940049,-0.29796508389151977,20.16986775818639,"{'rotation_anomaly': -1.7601917897294361, 'q_xy': 1.3051372833300408, 'q_xz': 1.209423994025392, 'q_yz': 6.888618600179816, 'q_x2_minus_y2': -2.0737242573519445, 'q_3z2_minus_1': -0.13393756101454407}"
60.0,30.0,93.0,47.469365437710834,-17.616411365250357,True,0.04768883664935464,32.77329208360878,18.4362180235374,0.3890468448940049,-0.2996892111572097,20.16986775818639,"{'rotation_anomaly': -1.8110190270710935, 'q_xy': 1.2824502412552856, 'q_xz': 1.251826304797131, 'q_yz': 6.843073590520079, 'q_x2_minus_y2': -2.0814706496020263, 'q_3z2_minus_1': -0.1405997526238032}"
-30.0,130.0,105.0,3.2036847816686516,6.91122415163314,True,0.04768883664935464,32.77329208360878,18.436218023537403,0.3890468448940049,-0.17112456971687642,20.169867758186392,"{'rotation_anomaly': -0.8959445049795757, 'q_xy': 1.844157306698802, 'q_xz': -0.09881886883571343, 'q_yz': 7.373108446708502, 'q_x2_minus_y2': -1.8988207332205111, 'q_3z2_minus_1': -0.2250831714651883}"
-15.0,115.0,9.0,81.30726762961504,23.83307495867547,True,0.04768883664935464,32.77329208360878,18.4362180235374,0.3890468448940049,0.05961080439957097,20.16986775818639,"{'rotation_anomaly': 1.5176295844725747, 'q_xy': 1.5820496680733647, 'q_xz': -1.597523944850711, 'q_yz': 6.652628694137375, 'q_x2_minus_y2': -2.7052069740914337, 'q_3z2_minus_1': 0.6689939813877931}"
-50.0,-155.0,65.0,49.59129013014685,88.98650732316683,True,0.04768883664935464,32.77329208360878,18.4362180235374,0.3890468448940049,0.4129950000280415,20.169867758186392,"{'rotation_anomaly': 3.6008608936499256, 'q_xy': 1.6242608191171377, 'q_xz': -0.2359838405396298, 'q_yz': 4.091498378426996, 'q_x2_minus_y2': -1.4423766363392874, 'q_3z2_minus_1': 1.7767902904923905}"
-40.0,-5.0,1.0,89.2339595742298,-95.32139859251039,True,0.04768883664935464,32.77329208360878,18.4362180235374,0.3890468448940049,-0.3184141388798157,20.169867758186385,"{'rotation_anomaly': -3.653949358518394, 'q_xy': 1.6697822198876817, 'q_xz': -0.48530657636511615, 'q_yz': 3.700282385636813, 'q_x2_minus_y2': -2.6488398416649317, 'q_3z2_minus_1': 0.5292910057977096}"
-30.0,130.0,117.0,-5.1919624422842725,0.7881055084054509,True,0.04768883664935464,32.77329208360878,18.4362180235374,0.3890468448940049,-0.09664410885206368,20.16986775818639,"{'rotation_anomaly': -1.038598967451655, 'q_xy': 1.692036789385321, 'q_xz': -0.3643860151470327, 'q_yz': 7.358436224880732, 'q_x2_minus_y2': -1.6731875877678248, 'q_3z2_minus_1': -0.43607829633904566}"
40.0,-70.0,49.0,52.955433086928096,-143.67283528937728,True,0.04768883664935464,32.77329208360878,18.4362180235374,0.3890468448940049,-0.03800002972982984,20.16986775818639,"{'rotation_anomaly': -2.008904580784393, 'q_xy': 2.2259642549641643, 'q_xz': -1.4879008980550117, 'q_yz': 6.273263878675386, 'q_x2_minus_y2': -2.452102464810955, 'q_3z2_minus_1': -0.05941969014322768}"
-30.0,-140.0,27.0,66.6722780145771,123.15500234551911,True,0.04768883664935464,32.77329208360878,18.4362180235374,0.3890468448940049,0.42538017405412915,20.169867758186392,"{'rotation_anomaly': 3.011730003191937, 'q_xy': 2.119040444236964, 'q_xz': 1.1204100666321914, 'q_yz': 5.091712419980118, 'q_x2_minus_y2': -2.4280500673099494, 'q_3z2_minus_1': 1.065679366478925}"
15.0,-45.0,31.0,60.08144580545891,-130.89452876418838,True,0.04768883664935464,32.77329208360878,18.4362180235374,0.3890468448940049,-0.054892265236133296,20.16986775818639,"{'rotation_anomaly': -2.5086109246251374, 'q_xy': 2.213681298163999, 'q_xz': -1.494853040100489, 'q_yz': 5.6436644249736485, 'q_x2_minus_y2': -2.70783850487324, 'q_3z2_minus_1': -0.024786424732968874}"
-5.0,-135.0,7.0,83.02667010599568,134.69457779441362,True,0.04768883664935464,32.77329208360878,18.4362180235374,0.3890468448940049,0.4252952770991861,20.16986775818639,"{'rotation_anomaly': 2.7620371904496133, 'q_xy': 1.8086815513693573, 'q_xz': 1.5226466016786633, 'q_yz': 5.401045156148643, 'q_x2_minus_y2': -2.626714295914688, 'q_3z2_minus_1': 0.6994421084727024}"
-40.0,-10.0,1.0,89.2339595742298,-100.3213985925104,True,0.04768883664935464,32.77329208360878,18.436218023537403,0.3890468448940049,-0.3019715437865491,20.169867758186392,"{'rotation_anomaly': -3.6121116602085572, 'q_xy': 1.6732540795361244, 'q_xz': -0.7634713892841973, 'q_yz': 3.75419192933027, 'q_x2_minus_y2': -2.6477993945611007, 'q_3z2_minus_1': 0.5293523954802776}"
55.0,155.0,19.0,79.13564405094539,72.80540349642314,True,0.04768883664935464,32.77329208360878,18.4362180235374,0.3890468448940049,0.3326339591163884,20.16986775818639,"{'rotation_anomaly': 3.5967368403173867, 'q_xy': 1.4879789749821801, 'q_xz': -1.1946894254751705, 'q_yz': 3.655835774953947, 'q_x2_minus_y2': -2.36641433307667, 'q_3z2_minus_1': 0.8787179103402775}"
10.0,-40.0,73.0,18.282913515272718,-122.67802001024201,True,0.04768883664935464,32.77329208360878,18.4362180235374,0.3890468448940049,0.024213304540621122,20.169867758186392,"{'rotation_anomaly': -0.8309563372404164, 'q_xy': 2.082060189464542, 'q_xz': -0.3549504700974476, 'q_yz': 7.060430026164521, 'q_x2_minus_y2': -2.820486405527373, 'q_3z2_minus_1': 0.07466132845945239}"
60.0,25.0,51.0,65.1389596103187,-42.555805204376995,True,0.04768883664935464,32.77329208360878,18.4362180235374,0.3890468448940049,-0.3716921192107559,20.169867758186392,"{'rotation_anomaly': -2.850447777051822, 'q_xy': 1.091689700186923, 'q_xz': 1.7210899796574493, 'q_yz': 5.3737054167441745, 'q_x2_minus_y2': -2.578789194248586, 'q_3z2_minus_1': -0.0486418597501125}"
-50.0,-150.0,69.0,47.2981833690023,92.23374414683659,True,0.04768883664935464,32.77329208360878,18.4362180235374,0.3890468448940049,0.41490394352887133,20.16986775818639,"{'rotation_anomaly': 3.533299734462088, 'q_xy': 1.7581983430785437, 'q_xz': -0.08097939324957935, 'q_yz': 4.331126943581204, 'q_x2_minus_y2': -1.439141376234457, 'q_3z2_minus_1': 1.783109211345303}"
40.0,175.0,87.0,26.352209563523243,116.38246720209614,True,0.04768883664935464,32.77329208360878,18.4362180235374,0.3890468448940049,0.3858848352462275,20.16986775818639,"{'rotation_anomaly': 1.9794936844989817, 'q_xy': 2.33956162877129, 'q_xz': 0.20240596553562107, 'q_yz': 6.474124352785834, 'q_x2_minus_y2': -2.112700686324791, 'q_3z2_minus_1': 1.4311335337077737}"
-60.0,15.0,3.0,88.50012851597833,-76.2991122986899,True,0.04768883664935464,32.77329208360878,18.4362180235374,0.3890468448940049,-0.3776988748781001,20.16986775818639,"{'rotation_anomaly': -3.6114700487520675, 'q_xy': 1.6477067401582792, 'q_xz': 0.5604892411233613, 'q_yz': 3.8881760295571572, 'q_x2_minus_y2': -2.6636650123107897, 'q_3z2_minus_1': 0.5097238348645714}"
0.0,5.0,45.0,45.00000000000001,-85.0,True,0.04768883664935464,32.77329208360878,18.4362180235374,0.3890468448940049,-0.1649817545859355,20.169867758186392,"{'rotation_anomaly': -2.8083688476727042, 'q_xy': 1.5048207797415274, 'q_xz': -0.016815592872915924, 'q_yz': 5.177387066205499, 'q_x2_minus_y2': -3.5484012681756747, 'q_3z2_minus_1': -0.41431002936012873}"
45.0,20.0,13.0,80.81749297535161,-65.39393435904562,True,0.04768883664935464,32.77329208360878,18.436218023537403,0.3890468448940049,-0.37124721610519046,20.169867758186392,"{'rotation_anomaly': -3.434134925498527, 'q_xy': 1.48759414969667, 'q_xz': 1.0771898848771004, 'q_yz': 4.231062508622997, 'q_x2_minus_y2': -2.783203116262285, 'q_3z2_minus_1': 0.30588873475079686}"
-20.0,-10.0,5.0,85.30171140995621,-100.85552981524239,True,0.04768883664935464,32.77329208360878,18.4362180235374,0.3890468448940049,-0.28650719332163893,20.16986775818639,"{'rotation_anomaly': -3.565592927479466, 'q_xy': 1.711875076070851, 'q_xz': -0.7770434180120319, 'q_yz': 3.8552946796954553, 'q_x2_minus_y2': -2.744422108104185, 'q_3z2_minus_1': 0.42175633629392284}"
-25.0,-120.0,113.0,-8.183155029830704,117.44150238486682,True,0.04768883664935464,32.77329208360878,18.4362180235374,0.3890468448940049,0.1493959467044362,20.169867758186392,"{'rotation_anomaly': -0.8806475839611567, 'q_xy': 1.2645810440770222, 'q_xz': -0.11740307503052456, 'q_yz': 7.213286796068278, 'q_x2_minus_y2': -2.912482755204171, 'q_3z2_minus_1': 0.040487274158352515}"
-45.0,80.0,111.0,18.712281803169176,-55.814593666747285,True,0.04768883664935464,32.77329208360878,18.4362180235374,0.3890468448940049,0.07454206824306867,20.16986775818639,"{'rotation_anomaly': -1.8548680733228724, 'q_xy': 0.6957159459144111, 'q_xz': 0.22819227018835392, 'q_yz': 6.670285121798131, 'q_x2_minus_y2': -3.0156541942061303, 'q_3z2_minus_1': -0.5348482793226489}"
15.0,100.0,67.0,25.565611891716525,19.72090018467863,True,0.04768883664935464,32.77329208360878,18.4362180235374,0.3890468448940049,-0.1789109018468463,20.16986775818639,"{'rotation_anomaly': 0.30317665142738115, 'q_xy': 1.5451866122557265, 'q_xz': -0.36312169264925775, 'q_yz': 7.28874501076903, 'q_x2_minus_y2': -2.7760641787841767, 'q_3z2_minus_1': 0.7486732416722301}"
15.0,100.0,69.0,23.662547300560746,20.086353186294346,True,0.04768883664935464,32.77329208360878,18.436218023537403,0.3890468448940049,-0.17291820414972436,20.169867758186392,"{'rotation_anomaly': 0.27155101030953893, 'q_xy': 1.5524345614241446, 'q_xz': -0.3356930345687577, 'q_yz': 7.29867697469507, 'q_x2_minus_y2': -2.763633962228507, 'q_3z2_minus_1': 0.7339810064419139}"
40.0,-65.0,93.0,22.486386742476288,-120.88798355554003,True,0.04768883664935464,32.77329208360878,18.4362180235374,0.3890468448940049,0.012632284618364058,20.16986775818639,"{'rotation_anomaly': -1.1330528886176858, 'q_xy': 2.1718173868121595, 'q_xz': -0.43886706745841886, 'q_yz': 6.879369467710129, 'q_x2_minus_y2': -2.901672939677118, 'q_3z2_minus_1': -0.04634722774364049}"
-35.0,-100.0,1.0,89.18085137628492,169.7132068967574,True,0.04768883664935464,32.77329208360878,18.4362180235374,0.3890468448940049,0.30700665922473686,20.16986775818639,"{'rotation_anomaly': 0.8210668472509659, 'q_xy': 1.6678827872116961, 'q_xz': 0.6067078189929613, 'q_yz': 7.198041823292157, 'q_x2_minus_y2': -2.6334607810882877, 'q_3z2_minus_1': 0.5566906825918497}"
55.0,-50.0,1.0,89.42642844867764,-139.59042055734824,True,0.04768883664935464,32.77329208360878,18.4362180235374,0.3890468448940049,-0.09695391179224025,20.16986775818639,"{'rotation_anomaly': -2.48800455502362, 'q_xy': 1.677592862245946, 'q_xz': -2.052944285802279, 'q_yz': 5.555226748954009, 'q_x2_minus_y2': -2.626350171535582, 'q_3z2_minus_1': 0.5386567887435753}"
-5.0,20.0,3.0,87.01141849967459,-70.13076326307997,True,0.04768883664935464,32.77329208360878,18.4362180235374,0.3890468448940049,-0.380555464728215,20.16986775818639,"{'rotation_anomaly': -3.5283868622806067, 'q_xy': 1.6164604796089033, 'q_xz': 0.8631721570049824, 'q_yz': 4.067129704767334, 'q_x2_minus_y2': -2.6881802892830016, 'q_3z2_minus_1': 0.4704201036338402}"
40.0,175.0,101.0,17.52996833603199,122.94581307296895,True,0.04768883664935464,32.77329208360878,18.4362180235374,0.3890468448940049,0.32420817532004526,20.169867758186392,"{'rotation_anomaly': 1.1032132809931856, 'q_xy': 2.1568899949701743, 'q_xz': 0.007173934219056792, 'q_yz': 7.024377964022972, 'q_x2_minus_y2': -2.4070077486954693, 'q_3z2_minus_1': 1.110485677995618}"
-20.0,-10.0,1.0,89.06030877443887,-100.17101390500615,True,0.04768883664935464,32.77329208360878,18.4362180235374,0.3890468448940049,-0.30160096400460673,20.16986775818639,"{'rotation_anomaly': -3.612048074178466, 'q_xy': 1.674779419661379, 'q_xz': -0.7546228352602439, 'q_yz': 3.755710110039687, 'q_x2_minus_y2': -2.65225800568744, 'q_3z2_minus_1': 0.5244822808062986}"
30.0,-80.0,1.0,89.13397734425962,-169.74999524026222,True,0.04768883664935464,32.77329208360878,18.436218023537403,0.3890468448940049,0.17758174791934184,20.169867758186385,"{'rotation_anomaly': -0.6585603891557305, 'q_xy': 1.6676391152772385, 'q_xz': -0.8423759819880166, 'q_yz': 7.226246117451376, 'q_x2_minus_y2': -2.623668760045536, 'q_3z2_minus_1': 0.5458881552239828}"
55.0,150.0,101.0,37.46205129679239,104.81926255247883,True,0.04768883664935464,32.77329208360878,18.436218023537403,0.3890468448940049,0.40573503737184186,20.169867758186392,"{'rotation_anomaly': 2.9677542133939028, 'q_xy': 2.2096227504068904, 'q_xz': 0.2632174096376641, 'q_yz': 5.437024355228011, 'q_x2_minus_y2': -1.6659889051672203, 'q_3z2_minus_1': 1.6946577006962906}"
-25.0,70.0,3.0,87.28113212376832,-20.634046378130858,True,0.04768883664935464,32.77329208360878,18.4362180235374,0.3890468448940049,-0.34944145798779297,20.16986775818639,"{'rotation_anomaly': -1.571698612467421, 'q_xy': 1.6434427991895342, 'q_xz': 1.213270534032496, 'q_yz': 6.763251261859201, 'q_x2_minus_y2': -2.6024310423724306, 'q_3z2_minus_1': 0.5154552383159189}"
25.0,75.0,5.0,85.46871803934847,-13.942903290118922,True,0.04768883664935464,32.77329208360878,18.4362180235374,0.3890468448940049,-0.31422655254542786,20.16986775818639,"{'rotation_anomaly': -1.155420640856679, 'q_xy': 1.6461265741928428, 'q_xz': 0.8941948906189942, 'q_yz': 7.056937928387662, 'q_x2_minus_y2': -2.5905420887677977, 'q_3z2_minus_1': 0.5068685675749308}"
-60.0,10.0,5.0,87.50059502667351,-82.16540697467852,True,0.04768883664935464,32.77329208360878,18.4362180235374,0.3890468448940049,-0.35007156108523935,20.169867758186392,"{'rotation_anomaly': -3.64938924198496, 'q_xy': 1.6478920346666621, 'q_xz': 0.2490711315688339, 'q_yz': 3.7781538387360403, 'q_x2_minus_y2': -2.6930360618003393, 'q_3z2_minus_1': 0.4814222424047556}"
35.0,-10.0,55.0,45.55029927207826,-83.37516441543139,True,0.04768883664935464,32.77329208360878,18.4362180235374,0.3890468448940049,-0.1756253794645313,20.169867758186385,"{'rotation_anomaly': -2.846816468479818, 'q_xy': 1.4517161230127176, 'q_xz': 0.043632582303085025, 'q_yz': 5.125100477843045, 'q_x2_minus_y2': -3.5444216548439935, 'q_3z2_minus_1': -0.42141808101913525}"
55.0,150.0,87.0,43.49000873914124,97.85957555436887,True,0.04768883664935464,32.77329208360878,18.4362180235374,0.3890468448940049,0.4050427935885162,20.16986775818639,"{'rotation_anomaly': 3.3519193742932183, 'q_xy': 1.9806376830094314, 'q_xz': 0.12842737885382938, 'q_yz': 4.782230853199008, 'q_x2_minus_y2': -1.5022683017424323, 'q_3z2_minus_1': 1.7593439198653085}"
0.0,0.0,109.0,-18.999999999999996,-90.0,True,0.04768883664935464,32.77329208360878,18.4362180235374,0.3890468448940049,0.3761023556250838,20.16986775818639,"{'rotation_anomaly': 2.4180100031261755, 'q_xy': 1.665939359146547, 'q_xz': -0.1850508925517884, 'q_yz': 6.275786490923705, 'q_x2_minus_y2': -1.2846497634038947, 'q_3z2_minus_1': 1.9389660096200698}"
-60.0,10.0,35.0,72.70524367495517,-95.27268855946463,True,0.04768883664935464,32.77329208360878,18.4362180235374,0.3890468448940049,-0.27326081354350307,20.16986775818639,"{'rotation_anomaly': -3.442340034236539, 'q_xy': 1.7445029188101728, 'q_xz': -0.4486286533187876, 'q_yz': 4.117628898548526, 'q_x2_minus_y2': -3.0532307558108736, 'q_3z2_minus_1': 0.10435698912281036}"
50.0,120.0,85.0,38.52343917052998,65.06695143782589,True,0.04768883664935464,32.77329208360878,18.4362180235374,0.3890468448940049,0.35013357123014816,20.169867758186392,"{'rotation_anomaly': 2.96886040936854, 'q_xy': 0.2723913907759951, 'q_xz': -1.4576613792297772, 'q_yz': 4.252337412569659, 'q_x2_minus_y2': -1.4451242872462509, 'q_3z2_minus_1': 2.4471406252550683}"
0.0,0.0,113.0,-23.000000000000004,-90.0,True,0.04768883664935464,32.77329208360878,18.4362180235374,0.3890468448940049,0.4056701652519402,20.169867758186392,"{'rotation_anomaly': 2.6782619536435304, 'q_xy': 1.6659393591465417, 'q_xz': -0.1850508925517874, 'q_yz': 5.936238467828842, 'q_x2_minus_y2': -1.1973995628369705, 'q_3z2_minus_1': 2.029101497040721}"
50.0,-135.0,115.0,24.343638951975898,-174.74813519424822,True,0.04768883664935464,32.77329208360878,18.4362180235374,0.3890468448940049,0.13702357337233714,20.16986775818639,"{'rotation_anomaly': -0.9580310248725674, 'q_xy': 1.7964980098447905, 'q_xz': -0.8563167543161819, 'q_yz': 7.29116307607365, 'q_x2_minus_y2': -1.9191347909917726, 'q_3z2_minus_1': -0.19410908321735315}"
-40.0,-10.0,47.0,54.42837767272339,-115.61525305689213,True,0.04768883664935464,32.77329208360878,18.4362180235374,0.3890468448940049,-0.09238888206766682,20.16986775818639,"{'rotation_anomaly': -2.706849835251204, 'q_xy': 2.1941981845324228, 'q_xz': -1.0371226254818668, 'q_yz': 5.342903612220015, 'q_x2_minus_y2': -3.055489152759073, 'q_3z2_minus_1': -0.15391531612354528}"
55.0,150.0,107.0,35.08721849811326,107.90768669311059,True,0.04768883664935464,32.77329208360878,18.4362180235374,0.3890468448940049,0.4066866559498832,20.16986775818639,"{'rotation_anomaly': 2.7651391077551204, 'q_xy': 2.2808864927661534, 'q_xz': 0.28717905394017385, 'q_yz': 5.701569619849891, 'q_x2_minus_y2': -1.770109795148824, 'q_3z2_minus_1': 1.6441762402273012}"
-25.0,-30.0,73.0,24.75623132586479,-137.36556303539734,True,0.04768883664935464,32.77329208360878,18.4362180235374,0.3890468448940049,-0.021432821012750687,20.16986775818639,"{'rotation_anomaly': -1.2488469162557163, 'q_xy': 2.310139596881796, 'q_xz': -0.6412715130969356, 'q_yz': 6.884224666651841, 'q_x2_minus_y2': -2.5745578359710044, 'q_3z2_minus_1': -0.12152256229268013}"
-55.0,-45.0,1.0,89.42642844867764,-135.4095794426518,True,0.04768883664935464,32.77329208360878,18.4362180235374,0.3890468448940049,-0.09893616406800287,20.169867758186392,"{'rotation_anomaly': -2.6785210720724346, 'q_xy': 1.6785214368719623, 'q_xz': -2.047268675292325, 'q_yz': 5.27636891516768, 'q_x2_minus_y2': -2.628065672233714, 'q_3z2_minus_1': 0.5378467627019098}"
0.0,5.0,1.0,89.0000000000001,-85.0,True,0.04768883664935464,32.77329208360878,18.436218023537396,0.3890468448940049,-0.3465642900486528,20.169867758186385,"{'rotation_anomaly': -3.6700981150369474, 'q_xy': 1.6612613169984076, 'q_xz': 0.09479192441035059, 'q_yz': 3.7286175983594676, 'q_x2_minus_y2': -2.6549633114049307, 'q_3z2_minus_1': 0.5229116322734337}"
-30.0,-145.0,69.0,31.250181220840656,106.0352043242117,True,0.04768883664935464,32.77329208360878,18.436218023537403,0.3890468448940049,0.40448428369169886,20.169867758186392,"{'rotation_anomaly': 2.66234095066486, 'q_xy': 2.2426183022888684, 'q_xz': 0.19369167647336522, 'q_yz': 5.864660476798338, 'q_x2_minus_y2': -1.7014343250881134, 'q_3z2_minus_1': 1.6808236206089995}"
-25.0,65.0,91.0,9.454882000269768,-48.27058029848328,True,0.04768883664935464,32.77329208360878,18.436218023537403,0.3890468448940049,0.10732318094190596,20.169867758186392,"{'rotation_anomaly': -1.381883092425558, 'q_xy': 0.8107794926094, 'q_xz': 0.013445433741693628, 'q_yz': 7.1084831360890215, 'q_x2_minus_y2': -2.726989743132516, 'q_3z2_minus_1': -0.3445241671805083}"
55.0,-40.0,3.0,88.2794025945868,-128.77117958001557,True,0.04768883664935464,32.77329208360878,18.4362180235374,0.3890468448940049,-0.09997724085607364,20.16986775818639,"{'rotation_anomaly': -2.938575526483323, 'q_xy': 1.705447646406697, 'q_xz': -1.9398012410513372, 'q_yz': 4.880087106370885, 'q_x2_minus_y2': -2.637036154971477, 'q_3z2_minus_1': 0.5088454420560368}"
25.0,75.0,87.0,12.802710293031554,6.853241199238949,True,0.04768883664935464,32.77329208360878,18.4362180235374,0.3890468448940049,-0.22544112913949932,20.16986775818639,"{'rotation_anomaly': -0.7700792595475475, 'q_xy': 1.8020217537263774, 'q_xz': 0.08452006697779431, 'q_yz': 7.398032302967055, 'q_x2_minus_y2': -2.066377368248246, 'q_3z2_minus_1': -0.04652701373559601}"
40.0,-50.0,83.0,28.99228048942466,-110.37352420792134,True,0.04768883664935464,32.77329208360878,18.4362180235374,0.3890468448940049,-0.017478787270460993,20.169867758186385,"{'rotation_anomaly': -1.6398494412095985, 'q_xy': 2.135619378472136, 'q_xz': -0.4738440675585094, 'q_yz': 6.478083044962207, 'q_x2_minus_y2': -3.1772157081178656, 'q_3z2_minus_1': -0.1976421264070767}"
-50.0,-140.0,113.0,25.174933717207313,80.82800744478037,True,0.04768883664935464,32.77329208360878,18.4362180235374,0.3890468448940049,0.38770693660055133,20.16986775818639,"{'rotation_anomaly': 2.871135650254937, 'q_xy': 1.1247625927562523, 'q_xz': -0.45307202501471633, 'q_yz': 5.476054933082875, 'q_x2_minus_y2': -0.9846418000236409, 'q_3z2_minus_1': 2.3397974128475143}"
-55.0,-65.0,105.0,35.86385405545594,158.12900050952936,True,0.04768883664935464,32.77329208360878,18.4362180235374,0.3890468448940049,0.32526726601288447,20.16986775818639,"{'rotation_anomaly': 0.3078820726513215, 'q_xy': 1.7780125487373197, 'q_xz': 0.0411838382973382, 'q_yz': 7.258103202865103, 'q_x2_minus_y2': -2.746173682477806, 'q_3z2_minus_1': 0.7195647041208042}"
25.0,110.0,1.0,89.0936942675587,20.211313536955203,True,0.04768883664935464,32.77329208360878,18.4362180235374,0.3890468448940049,0.004972565430513705,20.16986775818639,"{'rotation_anomaly': 1.3280075918453758, 'q_xy': 1.659290138661026, 'q_xz': -1.450576176420394, 'q_yz': 6.83211530542009, 'q_x2_minus_y2': -2.636108116708664, 'q_3z2_minus_1': 0.561605233127038}"
-45.0,115.0,39.0,62.694472442704566,10.942207582109246,True,0.04768883664935464,32.77329208360878,18.436218023537403,0.3890468448940049,-0.19744840700985714,20.169867758186392,"{'rotation_anomaly': 0.3782973175329241, 'q_xy': 1.6331809998049862, 'q_xz': -0.5327709106019225, 'q_yz': 7.284890339930633, 'q_x2_minus_y2': -2.7103716064578562, 'q_3z2_minus_1': 0.6423665427118969}"
35.0,0.0,11.0,80.99389079823422,-86.8388155261256,True,0.04768883664935464,32.77329208360878,18.4362180235374,0.3890468448940049,-0.3245590838700342,20.16986775818639,"{'rotation_anomaly': -3.6005710271434253, 'q_xy': 1.6398313738660975, 'q_xz': -0.013442583050001053, 'q_yz': 3.8324322321263042, 'q_x2_minus_y2': -2.8655383995362396, 'q_3z2_minus_1': 0.3042987397303601}"
55.0,-60.0,3.0,88.2794025945868,-148.77117958001557,True,0.04768883664935464,32.77329208360878,18.436218023537403,0.3890468448940049,-0.07989068840375976,20.169867758186392,"{'rotation_anomaly': -2.011525483811959, 'q_xy': 1.6917082322524468, 'q_xz': -1.9061704317893835, 'q_yz': 6.176116457938479, 'q_x2_minus_y2': -2.614713974793931, 'q_3z2_minus_1': 0.5207032762129578}"
-60.0,50.0,49.0,66.06619473612463,-61.53768787251643,True,0.04768883664935464,32.77329208360878,18.4362180235374,0.3890468448940049,-0.3229204794817024,20.16986775818639,"{'rotation_anomaly': -3.2868182655457443, 'q_xy': 1.1501925298279512, 'q_xz': 1.1898373927705617, 'q_yz': 4.4809083856224765, 'q_x2_minus_y2': -2.966496893851145, 'q_3z2_minus_1': -0.08935743057585216}"
55.0,175.0,39.0,67.92356153022159,101.17622595514663,True,0.04768883664935464,32.77329208360878,18.4362180235374,0.3890468448940049,0.43172282399966844,20.16986775818639,"{'rotation_anomaly': 3.634479303646162, 'q_xy': 1.8878939889241106, 'q_xz': 0.3952052442287577, 'q_yz': 4.025843357897696, 'q_x2_minus_y2': -2.0846896321355786, 'q_3z2_minus_1': 1.1580897757453854}"
55.0,-60.0,1.0,89.42642844867764,-149.59042055734824,True,0.04768883664935464,32.77329208360878,18.4362180235374,0.3890468448940049,-0.08170731733826034,20.16986775818639,"{'rotation_anomaly': -1.9636894543534977, 'q_xy': 1.674230596540626, 'q_xz': -1.8870227171457645, 'q_yz': 6.226776153779589, 'q_x2_minus_y2': -2.6235841951462167, 'q_3z2_minus_1': 0.5410580803302212}"
-40.0,-35.0,17.0,76.99707466018145,-130.48729494038162,True,0.04768883664935464,32.77329208360878,18.4362180235374,0.3890468448940049,-0.08116347784921693,20.16986775818639,"{'rotation_anomaly': -2.7791586155284853, 'q_xy': 1.9392801127002766, 'q_xz': -1.8039773277850808, 'q_yz': 5.207559490580312, 'q_x2_minus_y2': -2.671968391181701, 'q_3z2_minus_1': 0.26301311657565296}"
45.0,35.0,91.0,29.42433897371176,-19.262829229663254,True,0.04768883664935464,32.77329208360878,18.4362180235374,0.3890468448940049,-0.2617744912626233,20.16986775818639,"{'rotation_anomaly': -1.8951271663613007, 'q_xy': 0.9864178087083233, 'q_xz': 1.0234217629843119, 'q_yz': 6.881614356402989, 'q_x2_minus_y2': -1.7687728325490146, 'q_3z2_minus_1': -0.5840016348200778}"
-40.0,-35.0,3.0,87.70197515320663,-125.96431069352191,True,0.04768883664935464,32.77329208360878,18.4362180235374,0.3890468448940049,-0.1135325210249789,20.16986775818639,"{'rotation_anomaly': -3.0333736523361035, 'q_xy': 1.7184044273118126, 'q_xz': -1.8652736272148827, 'q_yz': 4.731379042419375, 'q_x2_minus_y2': -2.6454860652453926, 'q_3z2_minus_1': 0.4935252894545975}"
-40.0,-35.0,1.0,89.2339595742298,-125.32139859251039,True,0.04768883664935464,32.77329208360878,18.4362180235374,0.3890468448940049,-0.1252113996653708,20.16986775818639,"{'rotation_anomaly': -3.0659699055474072, 'q_xy': 1.683596657136568, 'q_xz': -1.8686417028942788, 'q_yz': 4.662921787002812, 'q_x2_minus_y2': -2.634493613504024, 'q_3z2_minus_1': 0.5314676802795311}"
-60.0,50.0,75.0,54.558179807422675,-73.60501819156288,True,0.04768883664935464,32.77329208360878,18.4362180235374,0.3890468448940049,-0.26043606087275395,20.169867758186392,"{'rotation_anomaly': -3.1776282738169797, 'q_xy': 1.1985703841821065, 'q_xz': 0.5269307212533394, 'q_yz': 4.613008524849791, 'q_x2_minus_y2': -3.358826443962768, 'q_3z2_minus_1': -0.3468547200612907}"
-45.0,115.0,77.0,37.768715742822074,-4.355931173349352,True,0.04768883664935464,32.77329208360878,18.4362180235374,0.3890468448940049,-0.28224604668215564,20.169867758186392,"{'rotation_anomaly': -1.0985599532382226, 'q_xy': 1.588953160776137, 'q_xz': 0.6318723892279589, 'q_yz': 7.290567858806701, 'q_x2_minus_y2': -2.1223134643284967, 'q_3z2_minus_1': 0.022172643161298116}"
-25.0,55.0,9.0,81.84473063858499,-36.904999953056404,True,0.04768883664935464,32.77329208360878,18.4362180235374,0.3890468448940049,-0.40904894895037763,20.16986775818639,"{'rotation_anomaly': -2.5417742682811655, 'q_xy': 1.5111695181120772, 'q_xz': 1.68577674497569, 'q_yz': 5.765700878336473, 'q_x2_minus_y2': -2.5829963200126573, 'q_3z2_minus_1': 0.38327967847396816}"
45.0,35.0,97.0,26.044260605578057,-16.36679436305647,True,0.04768883664935464,32.77329208360878,18.436218023537403,0.3890468448940049,-0.24575965664216898,20.169867758186392,"{'rotation_anomaly': -1.7608639286729202, 'q_xy': 1.0784061615457903, 'q_xz': 0.8748428641912439, 'q_yz': 7.0077262094045905, 'q_x2_minus_y2': -1.7078415627543198, 'q_3z2_minus_1': -0.5794110749527096}"
-35.0,170.0,63.0,39.31786488989239,60.63403234342473,True,0.04768883664935464,32.77329208360878,18.4362180235374,0.3890468448940049,0.3229414319629802,20.16986775818639,"{'rotation_anomaly': 2.8222089766121883, 'q_xy': 0.14690073301976694, 'q_xz': -1.6699756675297002, 'q_yz': 4.364188826512484, 'q_x2_minus_y2': -1.6993497219755147, 'q_3z2_minus_1': 2.399754003283839}"
-40.0,-40.0,109.0,12.833856129758209,-172.02375295882518,True,0.04768883664935464,32.77329208360878,18.4362180235374,0.3890468448940049,-0.00845298978943467,20.169867758186392,"{'rotation_anomaly': -0.9959411230483259, 'q_xy': 1.894485568322112, 'q_xz': -0.5753535526122313, 'q_yz': 7.29912902857566, 'q_x2_minus_y2': -1.8231051794614197, 'q_3z2_minus_1': -0.31414396112349724}"
40.0,-30.0,5.0,86.1702801495273,-118.39243235102694,True,0.04768883664935464,32.77329208360878,18.4362180235374,0.3890468448940049,-0.19151015332546908,20.16986775818639,"{'rotation_anomaly': -3.2474114555565885, 'q_xy': 1.7460385946807973, 'q_xz': -1.5999063194338632, 'q_yz': 4.388531238789731, 'q_x2_minus_y2': -2.681060182813331, 'q_3z2_minus_1': 0.4513364069178258}"
-35.0,170.0,49.0,50.28319273049908,65.35100476879258,True,0.04768883664935464,32.77329208360878,18.436218023537396,0.3890468448940049,0.3687980449985539,20.16986775818639,"{'rotation_anomaly': 3.2478370423103504, 'q_xy': 0.6199502170769458, 'q_xz': -1.6261244592542814, 'q_yz': 3.7946444037147304, 'q_x2_minus_y2': -1.722182928839626, 'q_3z2_minus_1': 1.986285880017526}"
-25.0,-20.0,19.0,72.7943690088521,-114.04533913021176,True,0.04768883664935464,32.77329208360878,18.436218023537403,0.3890468448940049,-0.17545534207794286,20.169867758186392,"{'rotation_anomaly': -3.1666501422644275, 'q_xy': 1.95968667482741, 'q_xz': -1.2655598294715438, 'q_yz': 4.61094709613287, 'q_x2_minus_y2': -2.893745747752495, 'q_3z2_minus_1': 0.1403119787191274}"
-35.0,175.0,1.0,89.18085137628492,84.71320689675743,True,0.04768883664935464,32.77329208360878,18.436218023537403,0.3890468448940049,0.3247724780894842,20.169867758186392,"{'rotation_anomaly': 3.6677232906945214, 'q_xy': 1.661825369913875, 'q_xz': -0.48563129351212625, 'q_yz': 3.6721958742365706, 'q_x2_minus_y2': -2.6060532391385234, 'q_3z2_minus_1': 0.5742609240636332}"
-35.0,175.0,3.0,87.54263623680062,84.13950343237974,True,0.04768883664935464,32.77329208360878,18.4362180235374,0.3890468448940049,0.3276910537368375,20.169867758186385,"{'rotation_anomaly': 3.6771370214784613, 'q_xy': 1.652166475202882, 'q_xz': -0.5206364071520887, 'q_yz': 3.6481880639469924, 'q_x2_minus_y2': -2.5613972221469608, 'q_3z2_minus_1': 0.6214683232628707}"
55.0,170.0,113.0,32.851495609581015,131.06133559512702,True,0.04768883664935464,32.77329208360878,18.4362180235374,0.3890468448940049,0.3688856304981616,20.16986775818639,"{'rotation_anomaly': 1.628612963946337, 'q_xy': 2.324979272991975, 'q_xz': 0.40203592293414364, 'q_yz': 6.595891427188865, 'q_x2_minus_y2': -2.5364240512849157, 'q_3z2_minus_1': 1.243075110450109}"
10.0,-25.0,13.0,77.19833141670132,-113.86656744784193,True,0.04768883664935464,32.77329208360878,18.4362180235374,0.3890468448940049,-0.1964050662630327,20.16986775818639,"{'rotation_anomaly': -3.242443988280456, 'q_xy': 1.891522019021285, 'q_xz': -1.314290685132597, 'q_yz': 4.462637524084432, 'q_x2_minus_y2': -2.834710186411039, 'q_3z2_minus_1': 0.23381608770196133}"
-5.0,30.0,1.0,89.00380539795744,-60.04357896921884,True,0.04768883664935464,32.77329208360878,18.4362180235374,0.3890468448940049,-0.39842242756097274,20.16986775818639,"{'rotation_anomaly': -3.3247709457852537, 'q_xy': 1.6448295689503758, 'q_xz': 1.2724645039659288, 'q_yz': 4.489170765454069, 'q_x2_minus_y2': -2.6405631676185, 'q_3z2_minus_1': 0.5255569664732549}"
30.0,120.0,37.0,58.10053615412392,39.49749473066635,True,0.04768883664935464,32.77329208360878,18.4362180235374,0.3890468448940049,0.06995225259018156,20.169867758186392,"{'rotation_anomaly': 2.2916579538693793, 'q_xy': 0.9439197386424262, 'q_xz': -2.0821289033294725, 'q_yz': 5.5853784186918, 'q_x2_minus_y2': -2.769643072843677, 'q_3z2_minus_1': 1.3161340192382023}"
-50.0,75.0,75.0,43.928637267550975,-45.447292313158236,True,0.04768883664935464,32.77329208360878,18.4362180235374,0.3890468448940049,-0.28080919551754824,20.16986775818639,"{'rotation_anomaly': -2.7808395169453193, 'q_xy': 0.5462079585617503, 'q_xz': 1.389421800699421, 'q_yz': 5.544995245237819, 'q_x2_minus_y2': -2.6458536881157464, 'q_3z2_minus_1': -0.614073673493033}"
5.0,95.0,41.0,49.16299117824743,6.8663911266388595,True,0.04768883664935464,32.77329208360878,18.4362180235374,0.3890468448940049,-0.23930635215404025,20.16986775818639,"{'rotation_anomaly': -0.1395450825386227, 'q_xy': 1.677596065377228, 'q_xz': -0.06770743926788331, 'q_yz': 7.377285403990822, 'q_x2_minus_y2': -2.5802133441506045, 'q_3z2_minus_1': 0.4998552005565178}"
-50.0,75.0,61.0,51.91864234220176,-39.28654631827755,True,0.04768883664935464,32.77329208360878,18.4362180235374,0.3890468448940049,-0.3388372203353592,20.16986775818639,"{'rotation_anomaly': -2.719435051873598, 'q_xy': 0.7943227535804369, 'q_xz': 1.642293464348375, 'q_yz': 5.663449319022586, 'q_x2_minus_y2': -2.450837061796797, 'q_3z2_minus_1': -0.3741519853461899}"
25.0,20.0,1.0,89.0936942675587,-69.7886864630448,True,0.04768883664935464,32.77329208360878,18.4362180235374,0.3890468448940049,-0.3852728470027363,20.16986775818639,"{'rotation_anomaly': -3.5274079085295664, 'q_xy': 1.6507772758026207, 'q_xz': 0.8773460266002473, 'q_yz': 4.083934893794538, 'q_x2_minus_y2': -2.6461727611612935, 'q_3z2_minus_1': 0.5266116772091506}"
-50.0,75.0,51.0,57.87005916511753,-35.071517824596135,True,0.04768883664935464,32.77329208360878,18.4362180235374,0.3890468448940049,-0.3574891438162002,20.16986775818639,"{'rotation_anomaly': -2.5894712812430782, 'q_xy': 1.0091448491200599, 'q_xz': 1.708174339615842, 'q_yz': 5.851714165168456, 'q_x2_minus_y2': -2.389385550228186, 'q_3z2_minus_1': -0.1755262342180825}"
60.0,0.0,31.0,74.64243639043515,-76.49505184583494,True,0.04768883664935464,32.77329208360878,18.4362180235374,0.3890468448940049,-0.32462270414510547,20.16986775818639,"{'rotation_anomaly': -3.50981244788926, 'q_xy': 1.4843650511455246, 'q_xz': 0.522193105311265, 'q_yz': 4.016916901915281, 'q_x2_minus_y2': -2.9869514515030238, 'q_3z2_minus_1': 0.13500407550310403}"
5.0,95.0,3.0,87.01141849967459,5.130763263079971,True,0.04768883664935464,32.77329208360878,18.436218023537403,0.3890468448940049,-0.22413083791400618,20.16986775818639,"{'rotation_anomaly': 0.24506800903585063, 'q_xy': 1.6648420932990273, 'q_xz': -0.4295133913315353, 'q_yz': 7.336309586903737, 'q_x2_minus_y2': -2.634350316572175, 'q_3z2_minus_1': 0.5573451915445473}"
-50.0,-125.0,3.0,88.07176644850048,143.8508248651138,True,0.04768883664935464,32.77329208360878,18.4362180235374,0.3890468448940049,0.40160335291376653,20.16986775818639,"{'rotation_anomaly': 2.395545043547663, 'q_xy': 1.6996166268413786, 'q_xz': 1.578876980244865, 'q_yz': 5.897796519501616, 'q_x2_minus_y2': -2.63907103905235, 'q_3z2_minus_1': 0.5877134602273997}"
-45.0,115.0,1.0,89.29289770631173,24.646442121934214,True,0.04768883664935464,32.77329208360878,18.436218023537403,0.3890468448940049,0.08553339189955551,20.16986775818639,"{'rotation_anomaly': 1.6145328182639886, 'q_xy': 1.6585801342010573, 'q_xz': -1.6723958426359025, 'q_yz': 6.586225857328834, 'q_x2_minus_y2': -2.634622739473469, 'q_3z2_minus_1': 0.5610367758567192}"
45.0,35.0,55.0,51.886370384531176,-34.79151582835285,True,0.04768883664935464,32.77329208360878,18.4362180235374,0.3890468448940049,-0.3425966519519664,20.16986775818639,"{'rotation_anomaly': -2.575011140674848, 'q_xy': 0.874653750143383, 'q_xz': 1.653768389989107, 'q_yz': 5.910277477148336, 'q_x2_minus_y2': -2.331638760767256, 'q_3z2_minus_1': -0.3274257559574163}"
60.0,0.0,17.0,81.52341621163147,-82.62529824860779,True,0.04768883664935464,32.77329208360878,18.4362180235374,0.3890468448940049,-0.3317240801240348,20.16986775818639,"{'rotation_anomaly': -3.602711317320803, 'q_xy': 1.6089654267589728, 'q_xz': 0.21592321221318847, 'q_yz': 3.842843750591395, 'q_x2_minus_y2': -2.846175223738017, 'q_3z2_minus_1': 0.31813098646360105}"
-60.0,50.0,1.0,89.50000475967025,-40.43301544986525,True,0.04768883664935464,32.77329208360878,18.436218023537403,0.3890468448940049,-0.4218859887665629,20.169867758186392,"{'rotation_anomaly': -2.628943267480163, 'q_xy': 1.6560733871521625, 'q_xz': 1.6281758380082199, 'q_yz': 5.606629012337208, 'q_x2_minus_y2': -2.6266494391518704, 'q_3z2_minus_1': 0.5405418793225428}"
55.0,-60.0,27.0,74.61010932237753,-138.87413724782232,True,0.04768883664935464,32.77329208360878,18.4362180235374,0.3890468448940049,-0.07592212359728583,20.16986775818639,"{'rotation_anomaly': -2.441431649252444, 'q_xy': 1.9582117095708662, 'q_xz': -1.8643520488299148, 'q_yz': 5.696003094546911, 'q_x2_minus_y2': -2.588200496951379, 'q_3z2_minus_1': 0.2440815879980587}"
-20.0,-5.0,107.0,-8.116882056583268,-119.80702644936528,True,0.04768883664935464,32.77329208360878,18.4362180235374,0.3890468448940049,0.17871125769323482,20.16986775818639,"{'rotation_anomaly': 1.4288991929248045, 'q_xy': 0.6368691611647052, 'q_xz': -0.36099490828097264, 'q_yz': 7.012437159824918, 'q_x2_minus_y2': -2.0206041163180726, 'q_3z2_minus_1': 1.791960251426299}"
60.0,0.0,3.0,88.50012851597833,-88.7008877013101,True,0.04768883664935464,32.77329208360878,18.4362180235374,0.3890468448940049,-0.32648925011128155,20.169867758186392,"{'rotation_anomaly': -3.6701790196654964, 'q_xy': 1.6641023648930828, 'q_xz': -0.11205397257087593, 'q_yz': 3.70559583815852, 'q_x2_minus_y2': -2.6690120502761356, 'q_3z2_minus_1': 0.5087807500071088}"
-10.0,60.0,105.0,-12.759609061523223,-42.75140692176277,True,0.04768883664935464,32.77329208360878,18.436218023537403,0.3890468448940049,0.2620114551506132,20.169867758186392,"{'rotation_anomaly': 0.09632011629824691, 'q_xy': 1.7222617563130789, 'q_xz': -0.16550653148947228, 'q_yz': 7.340718874253255, 'q_x2_minus_y2': -2.6327077718590317, 'q_3z2_minus_1': 0.6097111469023225}"
-45.0,115.0,97.0,26.04426060557805,-13.633205636943538,True,0.04768883664935464,32.77329208360878,18.4362180235374,0.3890468448940049,-0.25491256937648105,20.16986775818639,"{'rotation_anomaly': -1.6508819699785775, 'q_xy': 1.2016540243173197, 'q_xz': 0.8162485187390361, 'q_yz': 7.085432193970182, 'q_x2_minus_y2': -1.721100109404352, 'q_3z2_minus_1': -0.5033545213236447}"
30.0,65.0,117.0,-5.191962442284273,14.211894491594554,True,0.04768883664935464,32.77329208360878,18.4362180235374,0.3890468448940049,-0.1106449013801599,20.16986775818639,"{'rotation_anomaly': -0.831819045577216, 'q_xy': 1.986762010983468, 'q_xz': -0.30856424109725056, 'q_yz': 7.325712561234088, 'q_x2_minus_y2': -2.031330755072694, 'q_3z2_minus_1': -0.15024500790166243}"
50.0,-165.0,59.0,53.09434696788471,128.43225070688155,True,0.04768883664935464,32.77329208360878,18.4362180235374,0.3890468448940049,0.4151826106683333,20.16986775818639,"{'rotation_anomaly': 2.5032964207916426, 'q_xy': 2.2998731523290434, 'q_xz': 0.9358868384368974, 'q_yz': 5.756927913625993, 'q_x2_minus_y2': -2.479274668138799, 'q_3z2_minus_1': 1.2281446512771261}"
30.0,115.0,115.0,-3.839610389376757,63.12634004575822,True,0.04768883664935464,32.77329208360878,18.436218023537403,0.3890468448940049,0.0924753318421024,20.169867758186392,"{'rotation_anomaly': 0.4493566640718238, 'q_xy': 1.4142318088791614, 'q_xz': -0.16535118408420577, 'q_yz': 7.405387055949839, 'q_x2_minus_y2': -2.4423751880199807, 'q_3z2_minus_1': 0.8756505043452725}"
-45.0,120.0,71.0,41.51254958158067,3.2347937241345783,True,0.04768883664935464,32.77329208360878,18.4362180235374,0.3890468448940049,-0.26247007254967086,20.16986775818639,"{'rotation_anomaly': -0.5306609619482459, 'q_xy': 1.6912947298242553, 'q_xz': 0.2286558282340761, 'q_yz': 7.387792229222484, 'q_x2_minus_y2': -2.403083001713553, 'q_3z2_minus_1': 0.31683677912940555}"
40.0,-30.0,111.0,11.70524679503667,-76.91593944832601,True,0.04768883664935464,32.77329208360878,18.4362180235374,0.3890468448940049,0.1260486707211152,20.169867758186385,"{'rotation_anomaly': -0.7889229752708462, 'q_xy': 1.4805938857972882, 'q_xz': -0.14404173663589417, 'q_yz': 7.160847849212197, 'q_x2_minus_y2': -3.00809246967238, 'q_3z2_minus_1': 0.1137172092692393}"
0.0,135.0,55.0,35.00000000000001,45.0,True,0.04768883664935464,32.77329208360878,18.4362180235374,0.3890468448940049,0.11500045386355712,20.16986775818639,"{'rotation_anomaly': 2.085804170616549, 'q_xy': 0.227870997871119, 'q_xz': -1.6663304842975832, 'q_yz': 5.678971895629587, 'q_x2_minus_y2': -2.6282468318286565, 'q_3z2_minus_1': 2.046975912108228}"
35.0,-135.0,15.0,77.7243135581212,139.31836745325765,True,0.04768883664935464,32.77329208360878,18.436218023537403,0.3890468448940049,0.40566901997498966,20.16986775818639,"{'rotation_anomaly': 2.477933708572502, 'q_xy': 1.8903995459293808, 'q_xz': 1.461076125031948, 'q_yz': 5.754273270817263, 'q_x2_minus_y2': -2.6625794641867864, 'q_3z2_minus_1': 0.787124094513279}"
55.0,-65.0,23.0,76.8674119179605,-145.53814047680436,True,0.04768883664935464,32.77329208360878,18.4362180235374,0.3890468448940049,-0.06504386396629415,20.16986775818639,"{'rotation_anomaly': -2.1622847353013035, 'q_xy': 1.8809214934630143, 'q_xz': -1.8789336965796721, 'q_yz': 6.04098901706643, 'q_x2_minus_y2': -2.5448135495980333, 'q_3z2_minus_1': 0.3112549052573772}"
50.0,-165.0,63.0,50.75084971517848,130.14689292569503,True,0.04768883664935464,32.77329208360878,18.4362180235374,0.3890468448940049,0.40682757726864904,20.16986775818639,"{'rotation_anomaly': 2.356791937533412, 'q_xy': 2.312581017840595, 'q_xz': 0.8919970298564405, 'q_yz': 5.911067859794863, 'q_x2_minus_y2': -2.516866804060231, 'q_3z2_minus_1': 1.2334154413944751}"
-35.0,-70.0,61.0,40.86675009457323,-178.66817439012019,True,0.04768883664935464,32.77329208360878,18.4362180235374,0.3890468448940049,0.20852454109341265,20.16986775818639,"{'rotation_anomaly': -0.669680628821563, 'q_xy': 1.6823965184584775, 'q_xz': -0.8222974180763836, 'q_yz': 7.344412360450215, 'q_x2_minus_y2': -2.2720246284647794, 'q_3z2_minus_1': 0.18253718523911974}"
-50.0,65.0,61.0,51.91864234220176,-49.28654631827756,True,0.04768883664935464,32.77329208360878,18.4362180235374,0.3890468448940049,-0.31103437632150166,20.16986775818639,"{'rotation_anomaly': -2.953277109323555, 'q_xy': 0.7270371472401691, 'q_xz': 1.459310054979474, 'q_yz': 5.191128919233567, 'q_x2_minus_y2': -2.7707837155419974, 'q_3z2_minus_1': -0.4368501001879192}"
-45.0,120.0,65.0,45.341529877482955,5.749545233725513,True,0.04768883664935464,32.77329208360878,18.4362180235374,0.3890468448940049,-0.24903214721491776,20.16986775818639,"{'rotation_anomaly': -0.28521683496938155, 'q_xy': 1.6879842494876511, 'q_xz': 0.046592308012, 'q_yz': 7.387725867171709, 'q_x2_minus_y2': -2.5191242830454534, 'q_3z2_minus_1': 0.43589713869066593}"
-60.0,60.0,1.0,89.50000475967025,-30.43301544986526,True,0.04768883664935464,32.77329208360878,18.4362180235374,0.3890468448940049,-0.38786923479921637,20.16986775818639,"{'rotation_anomaly': -2.1247949644084407, 'q_xy': 1.6587124571294316, 'q_xz': 1.5155714210742073, 'q_yz': 6.226613290011476, 'q_x2_minus_y2': -2.6241905384270887, 'q_3z2_minus_1': 0.5423302019782034}"
-60.0,60.0,9.0,85.50347111933702,-33.89911697724905,True,0.04768883664935464,32.77329208360878,18.4362180235374,0.3890468448940049,-0.3914202904385018,20.16986775818639,"{'rotation_anomaly': -2.358137556479854, 'q_xy': 1.5897356083511647, 'q_xz': 1.6222007282897906, 'q_yz': 5.982083002174552, 'q_x2_minus_y2': -2.5969278933430004, 'q_3z2_minus_1': 0.46531352186183483}"
-45.0,120.0,105.0,21.75203816001061,-12.661171962365142,True,0.04768883664935464,32.77329208360878,18.436218023537407,0.3890468448940049,-0.241624168890711,20.169867758186392,"{'rotation_anomaly': -1.5901784993921717, 'q_xy': 1.209858335097718, 'q_xz': 0.6785648205713681, 'q_yz': 7.140904520582982, 'q_x2_minus_y2': -1.6576160685920942, 'q_3z2_minus_1': -0.558379042943325}"
10.0,75.0,75.0,16.329949983204976,-7.410333176290323,True,0.04768883664935464,32.77329208360878,18.436218023537403,0.3890468448940049,-0.22101233942586193,20.169867758186392,"{'rotation_anomaly': -1.3624799472404352, 'q_xy': 1.4093563857982934, 'q_xz': 0.4212520912612477, 'q_yz': 7.27168211387151, 'q_x2_minus_y2': -1.6517377601545509, 'q_3z2_minus_1': -0.49258058912614766}"
30.0,-15.0,3.0,87.4019979988261,-104.24987146750333,True,0.04768883664935464,32.77329208360878,18.4362180235374,0.3890468448940049,-0.28300178319621844,20.16986775818639,"{'rotation_anomaly': -3.5455575051015544, 'q_xy': 1.6989264630650422, 'q_xz': -0.9652721489182488, 'q_yz': 3.872236917961316, 'q_x2_minus_y2': -2.689428076806607, 'q_3z2_minus_1': 0.47901763352444915}"
-45.0,125.0,1.0,89.29289770631173,34.64644212193423,True,0.04768883664935464,32.77329208360878,18.4362180235374,0.3890468448940049,0.08702341800140756,20.16986775818639,"{'rotation_anomaly': 2.1972299015911916, 'q_xy': 1.6537219977713553, 'q_xz': -1.9962775077795725, 'q_yz': 5.939759115905083, 'q_x2_minus_y2': -2.6328974971927215, 'q_3z2_minus_1': 0.5645249915911519}"
