axis_lat,axis_lon,angle_deg,rotated_pole_lat,rotated_pole_lon,lambda_q,r2,rmse,mae,spearman_pred_obs,rotation_only_spearman,intercept,rotation_coeff,quadrupole_coeff_norm
5.0,170.0,29.0,61.11275728550538,81.29122866786604,0.1,0.047688836637780896,32.77329208380793,18.436218738534507,0.38904623058355553,0.3991233668337933,20.169867758186427,6.771448920823684,3.002337325490799
60.0,145.0,59.0,61.49308506320571,81.10363418813961,0.1,0.047688836637779564,32.77329208380795,18.436218898261124,0.38904623058355553,0.3984527020160299,20.169867758186427,6.768006411739993,2.999204010826938
55.0,150.0,51.0,61.408040365118794,81.34135709805304,0.1,0.04768883663777845,32.77329208380797,18.436218832178835,0.38904623058355553,0.39956770563527827,20.169867758186427,6.7817818562728895,2.994407214835164
-50.0,-170.0,47.0,60.29744074016553,81.57782660571486,0.1,0.047688836637775345,32.77329208380802,18.436218415061155,0.38904623058355553,0.39889496583414025,20.169867758186427,6.771291377105056,3.0144558985071543
-30.0,-180.0,33.0,61.52231990576111,81.57535213186821,0.1,0.04768883663777257,32.77329208380807,18.43621883541735,0.38904623058355553,0.4008439106842918,20.169867758186427,6.799898939684823,2.9857090612265145
-15.0,175.0,29.0,62.008666457989726,81.1706101879654,0.1,0.047688836637772236,32.77329208380808,18.436219064809347,0.38904623058355553,0.39794669393701965,20.169867758186427,6.784632258557008,2.9866412658413504
-15.0,175.0,31.0,60.08144580545891,80.89452876418838,0.1,0.04768883663777157,32.773292083808094,18.43621844465093,0.38904623058355553,0.3982291810386539,20.169867758186427,6.7192110638168785,3.038120187250934
-30.0,-180.0,35.0,59.81016531093494,81.0410890583692,0.1,0.047688836637768905,32.77329208380814,18.43621832860629,0.38904623058355553,0.39833311450051584,20.169867758186427,6.722554283031806,3.0410151414455138
20.0,165.0,31.0,60.9121757043289,80.41832783450893,0.1,0.04768883663776868,32.773292083808144,18.436218806175383,0.38904623058355553,0.39646631906436464,20.169867758186427,6.707409185299069,3.032720624421662
35.0,160.0,37.0,59.86927948813262,80.86388303686704,0.1,0.04768883663776691,32.77329208380817,18.436218376163314,0.38904623058355553,0.398259747665754,20.169867758186427,6.711730061519776,3.044427215655218
35.0,160.0,35.0,61.47984411844275,80.25102630871459,0.1,0.04768883663776391,32.77329208380822,18.436219029145345,0.38904623058355553,0.3964017983000736,20.16986775818643,6.710386578920593,3.0259866964326845
60.0,145.0,61.0,60.59866877052624,82.02739899599666,0.1,0.04768883663776291,32.773292083808236,18.43621845141467,0.38904623058355553,0.3992979431879855,20.169867758186427,6.808522538049279,2.9963147410989515
25.0,165.0,31.0,61.96712867160135,81.68470719525807,0.1,0.047688836637761245,32.773292083808265,18.436218970890828,0.38904623058355553,0.40119460385104394,20.169867758186427,6.81721042130843,2.9734962712687656
-45.0,-175.0,41.0,61.32490123734657,80.19116368364675,0.1,0.047688836637761245,32.773292083808265,18.43621898528846,0.38904623058355553,0.39646680339571283,20.169867758186427,6.702382139293264,3.0312252491791547
45.0,155.0,43.0,59.96008285188907,80.5644749420203,0.1,0.047688836637760135,32.773292083808286,18.436218453999047,0.38904623058355553,0.3970372039455207,20.169867758186424,6.693172225993438,3.0509058612447064
55.0,150.0,49.0,62.479663478225234,80.47106058180542,0.1,0.04768883663775936,32.7732920838083,18.436219338230757,0.38904623058355553,0.39867586695555085,20.169867758186427,6.74987578684229,2.9993778344773574
-45.0,-175.0,39.0,62.694472442704566,80.94220758210926,0.1,0.0476888366377578,32.77329208380833,18.43621933620383,0.38904623058355553,0.3985386135196632,20.169867758186427,6.785788156293174,2.9805150421449174
25.0,165.0,33.0,60.16768309775288,82.13546586474895,0.1,0.04768883663775714,32.773292083808336,18.436218288247183,0.38904623058355553,0.4000960000733164,20.169867758186427,6.8058188695234705,3.0049756860086356
-40.0,-175.0,39.0,60.36857445610839,82.17665026867691,0.1,0.04768883663775603,32.77329208380836,18.436218350896024,0.38904623058355553,0.39956125855948604,20.169867758186427,6.81318356009468,2.9988817305501505
-60.0,-160.0,63.0,59.71159389643603,82.04506080133821,0.1,0.047688836637755916,32.77329208380836,18.436218145381424,0.38904623058355553,0.40105721050969717,20.169867758186427,6.789101008277541,3.019167599168024
5.0,170.0,31.0,59.120911218673044,81.38459384536172,0.1,0.04768883663775403,32.77329208380839,18.436218039477033,0.38904623058355553,0.40018378185260434,20.169867758186427,6.729247064356048,3.0509743854480416
55.0,150.0,53.0,60.34277369978176,82.21579897838247,0.1,0.04768883663775403,32.77329208380839,18.436218336383902,0.38904623058355553,0.3999553962107125,20.169867758186427,6.815201294223062,2.998720471114718
60.0,145.0,57.0,62.3945812155835,80.18353974043679,0.1,0.04768883663775292,32.773292083808414,18.43621935579683,0.38904623058355553,0.39857535284304074,20.169867758186427,6.728767504418992,3.01065800193171
-55.0,-165.0,55.0,59.2841429932345,81.90545780779837,0.1,0.04768883663775214,32.77329208380843,18.436218019204027,0.38904623058355553,0.4037074866301602,20.169867758186427,6.769400422691089,3.034187384631625
0.0,170.0,29.0,61.00000000000001,80.00000000000001,0.1,0.047688836637750365,32.77329208380846,18.436218903871122,0.38904623058355553,0.3956000712843873,20.169867758186427,6.680907740667216,3.0447000489305553
-40.0,-175.0,41.0,58.87677908421237,81.48647474702027,0.1,0.04768883663774637,32.77329208380853,18.43621794043425,0.38904623058355553,0.40173189643884705,20.169867758186424,6.730294029062162,3.055589740948048
-10.0,175.0,31.0,59.48251490502291,82.24294274720069,0.1,0.04768883663774426,32.77329208380856,18.436218038566842,0.38904623058355553,0.4034460169993543,20.169867758186427,6.797174837224221,3.021484515952065
40.0,160.0,37.0,61.86445201659584,82.13791764223343,0.1,0.04768883663774215,32.7732920838086,18.43621886711199,0.38904623058355553,0.4019590336071244,20.169867758186427,6.844178616562149,2.964631908672059
45.0,155.0,41.0,61.32490123734657,79.80883631635326,0.1,0.04768883663774148,32.773292083808606,18.43621904761972,0.38904623058355553,0.3955430492279535,20.169867758186427,6.67622003794528,3.0445265573552196
-60.0,-160.0,65.0,58.832123751119504,81.1136426059388,0.1,0.04768883663774137,32.77329208380861,18.43621798033718,0.38904623058355553,0.4001850636637981,20.169867758186427,6.702859558749286,3.0662027912637697
-50.0,-170.0,49.0,59.080700501070346,80.75557005869244,0.1,0.04768883663774126,32.77329208380861,18.436218120368864,0.38904623058355553,0.3987173872249165,20.169867758186427,6.6838640148733806,3.068813648535809
-35.0,-180.0,33.0,63.09351639084352,80.35746322994987,0.1,0.04768883663774115,32.77329208380861,18.436219567891555,0.38904623058355553,0.4003381084367401,20.169867758186427,6.757277115994739,2.99277243615185
5.0,170.0,27.0,63.104676194642664,81.19869586969051,0.1,0.04768883663774115,32.77329208380861,18.436219435844002,0.38904623058355553,0.39927040859499047,20.169867758186427,6.811729937325492,2.965719176081747
20.0,165.0,33.0,59.04176760364946,80.78495347913133,0.1,0.04768883663774082,32.77329208380862,18.436218102418906,0.38904623058355553,0.39891215791139295,20.169867758186427,6.684938879771269,3.0690813285504532
20.0,165.0,29.0,62.78371467473015,80.05479531071609,0.1,0.047688836637740595,32.77329208380862,18.43621951111297,0.38904623058355553,0.3989489326325374,20.169867758186427,6.7298884297903045,3.008454503982485
-35.0,-180.0,35.0,61.47984411844275,79.74897369128541,0.1,0.04768883663773826,32.77329208380866,18.436219111140215,0.38904623058355553,0.3956329655487633,20.169867758186427,6.676160094586151,3.043521920699052
-60.0,-165.0,55.0,63.30289742722824,80.73299166707828,0.1,0.04768883663773826,32.77329208380866,18.43621957851033,0.38904623058355553,0.4020831537223899,20.169867758186427,6.7864974779466145,2.97691148342985
-60.0,-165.0,57.0,62.3945812155835,79.81646025956326,0.1,0.04768883663773704,32.773292083808684,18.436219416359013,0.38904623058355553,0.39680210752383904,20.169867758186427,6.704292625895942,3.023771101584478
-20.0,175.0,29.0,62.78371467473015,79.9452046892839,0.1,0.047688836637736154,32.7732920838087,18.436219529268985,0.38904623058355553,0.3998080783843927,20.169867758186427,6.722651058488473,3.012405519403639
45.0,155.0,45.0,58.60028519008097,81.32494993689524,0.1,0.04768883663773538,32.77329208380871,18.436217869028226,0.38904623058355553,0.40353811356039,20.169867758186427,6.711931215795223,3.0677372330124295
50.0,155.0,43.0,62.74808292802568,81.79134242216274,0.1,0.047688836637734155,32.773292083808734,18.436219221164244,0.38904623058355553,0.39999545655631213,20.169867758186427,6.841461565587978,2.955583375609709
-50.0,-170.0,45.0,61.51999501310061,82.39545487460344,0.1,0.04768883663773338,32.77329208380875,18.436218711487353,0.38904623058355553,0.4016189558373111,20.169867758186427,6.853208598341721,2.9665095315723042
0.0,170.0,27.0,63.000000000000014,80.00000000000001,0.1,0.047688836637733156,32.773292083808755,18.43621959471182,0.38904623058355553,0.3996159203902238,20.169867758186427,6.731630762063962,3.006884821373987
-10.0,175.0,29.0,61.4500008461595,82.42866174786077,0.1,0.04768883663773227,32.77329208380876,18.43621868277686,0.38904623058355553,0.40139908682318276,20.169867758186427,6.853823288083266,2.9673991097897594
-55.0,-170.0,47.0,63.557366725614244,80.39524768996546,0.1,0.04768883663772583,32.773292083808876,18.436219721000928,0.38904623058355553,0.3993515762360103,20.16986775818643,6.770797084103276,2.9843133759758493
40.0,160.0,35.0,63.364171016670795,81.45696107918491,0.1,0.047688836637723164,32.77329208380892,18.436219483580317,0.38904623058355553,0.3999948819512943,20.169867758186427,6.833908161689682,2.9539677608962696
-20.0,175.0,31.0,60.9121757043289,79.58167216549107,0.1,0.047688836637722276,32.77329208380894,18.436218941921453,0.38904623058355553,0.39467129325580674,20.169867758186427,6.649593148518963,3.0615143125344018
35.0,160.0,39.0,58.26203042091065,81.48138986363207,0.1,0.047688836637722165,32.77329208380894,18.43621772966643,0.38904623058355553,0.40491431392924765,20.169867758186427,6.7144621887796285,3.074379779418423
10.0,170.0,29.0,61.4500008461595,82.57133825213924,0.1,0.0476888366377215,32.773292083808954,18.436218661883014,0.38904623058355553,0.40168864711031416,20.169867758186427,6.862995988442993,2.964498086480107
-55.0,-170.0,49.0,62.479663478225234,79.52893941819458,0.1,0.04768883663771917,32.77329208380899,18.436219493803524,0.38904623058355553,0.3974709803530721,20.169867758186427,6.687196068807447,3.033095060247614
50.0,155.0,45.0,61.51999501310061,82.60454512539656,0.1,0.04768883663771761,32.77329208380902,18.436218680827675,0.38904623058355553,0.40226414905890867,20.169867758186427,6.866627482911762,2.9622440333013955
-55.0,-165.0,53.0,60.34277369978176,82.78420102161756,0.1,0.0476888366377165,32.77329208380904,18.436218254905224,0.38904623058355553,0.40264063539836364,20.169867758186427,6.852755667051963,2.987776732135369
35.0,160.0,33.0,63.09351639084352,79.64253677005013,0.1,0.047688836637714505,32.773292083809075,18.436219686716438,0.38904623058355553,0.39805616874134053,20.169867758186427,6.710426512602784,3.0187282777260513
10.0,170.0,31.0,59.482514905022924,82.75705725279933,0.1,0.047688836637713616,32.77329208380909,18.436217966147257,0.38904623058355553,0.404063682932258,20.169867758186427,6.8318548050402175,3.0120222195289634
-55.0,-165.0,57.0,58.2324310376524,81.02225858138556,0.1,0.047688836637713616,32.77329208380909,18.43621778699842,0.38904623058355553,0.40475329791635584,20.169867758186427,6.680813089154573,3.086609780260541
40.0,160.0,39.0,60.36857445610839,82.82334973132309,0.1,0.04768883663771317,32.773292083809096,18.43621825814644,0.38904623058355553,0.40277127169934696,20.169867758186427,6.8558837277934614,2.986414391658678
25.0,165.0,29.0,63.76822786259093,81.23747055086066,0.1,0.04768883663771106,32.77329208380913,18.436219656391017,0.38904623058355553,0.4029714528127323,20.169867758186427,6.829075323144203,2.954058954381618
-25.0,-180.0,33.0,60.16768309775288,82.86453413525105,0.1,0.04768883663770995,32.77329208380915,18.436218184102607,0.38904623058355553,0.40415270232235373,20.169867758186427,6.854192905484552,2.9910646399218925
-25.0,-180.0,35.0,58.37001644657798,82.40999016624913,0.1,0.047688836637707066,32.7732920838092,18.436217635016714,0.38904623058355553,0.4042077462242246,20.169867758186427,6.782429071803519,3.0518639958279055
50.0,155.0,41.0,63.981428387230494,80.98236299048783,0.1,0.04768883663770607,32.77329208380922,18.43621977029296,0.38904623058355553,0.4015853815237761,20.169867758186427,6.817850363999751,2.9588064383271786
60.0,145.0,63.0,59.71159389643603,82.95493919866182,0.1,0.047688836637700294,32.77329208380932,18.43621801660732,0.38904623058355553,0.40458783789177416,20.169867758186427,6.85013805154021,3.0022170183218577
55.0,150.0,47.0,63.557366725614244,79.60475231003456,0.1,0.047688836637699294,32.77329208380934,18.436219853009927,0.38904623058355553,0.3969216307989616,20.169867758186427,6.719590513646904,3.0133111237423393
-60.0,-160.0,61.0,60.59866877052624,82.97260100400338,0.1,0.04768883663769874,32.773292083809345,18.436218315239632,0.38904623058355553,0.40240478007852926,20.169867758186427,6.87057871025422,2.97788174925008
0.0,170.0,31.0,59.00000000000001,80.00000000000001,0.1,0.04768883663769852,32.77329208380935,18.436218210051276,0.38904623058355553,0.3978414872792934,20.169867758186427,6.627564136155464,3.094114119324647
25.0,165.0,35.0,58.37001644657798,82.59000983375087,0.1,0.04768883663769774,32.77329208380936,18.436217610255994,0.38904623058355553,0.4039711501733453,20.169867758186427,6.794894831824156,3.048750142301434
-30.0,-180.0,31.0,63.23683194302978,82.10557615325399,0.1,0.04768883663769541,32.7732920838094,18.436219339152938,0.38904623058355553,0.40059287234457974,20.169867758186427,6.871715338148728,2.9390204303710856
-15.0,175.0,27.0,63.936506259206574,81.4443860912028,0.1,0.04768883663769541,32.7732920838094,18.436219680734016,0.38904623058355553,0.40294233412285296,20.169867758186427,6.845675730294693,2.9454984514937217
-15.0,175.0,33.0,58.15489465665058,80.61595514663172,0.1,0.04768883663769463,32.773292083809416,18.43621782127775,0.38904623058355553,0.40207996623777476,20.169867758186427,6.649340371173591,3.1000183346844374
-45.0,-175.0,43.0,59.96008285188907,79.4355250579797,0.1,0.04768883663768897,32.77329208380951,18.436218635073068,0.38904623058355553,0.3948255409909489,20.169867758186427,6.613389115857442,3.0887644832225067
60.0,145.0,55.0,63.30289742722824,79.26700833292176,0.1,0.04768883663768608,32.77329208380956,18.436219822676104,0.38904623058355553,0.3967931116215513,20.169867758186427,6.690943359034358,3.030365758854272
-40.0,-175.0,37.0,61.86445201659584,82.86208235776657,0.1,0.04768883663768575,32.773292083809565,18.436218760248313,0.38904623058355553,0.40365011546559304,20.169867758186427,6.890250349983985,2.9496207413049356
-30.0,-180.0,37.0,58.10053615412392,80.50250526933365,0.1,0.04768883663768575,32.773292083809565,18.436217819716617,0.38904623058355553,0.4014225752079619,20.169867758186427,6.639602566103711,3.1049313394106934
55.0,150.0,55.0,59.2841429932345,83.09454219220166,0.1,0.047688836637682974,32.773292083809615,18.436217852405218,0.38904623058355553,0.4050518569151216,20.169867758186427,6.849980077092923,3.0125419049111786
45.0,155.0,39.0,62.694472442704566,79.05779241789074,0.1,0.04768883663768153,32.77329208380964,18.43621964806061,0.38904623058355553,0.39641805186828305,20.169867758186427,6.661111884128142,3.0482540228739947
-10.0,175.0,33.0,57.51533753267176,82.05547579693045,0.1,0.04768883663768064,32.77329208380965,18.43621739178012,0.38904623058355553,0.4059418562220064,20.169867758186427,6.736633925450864,3.0866122375150375
-45.0,-175.0,37.0,64.06853358517971,81.68889621835456,0.1,0.047688836637676646,32.77329208380972,18.436219686872725,0.38904623058355553,0.4031664991897519,20.169867758186424,6.8636167360193765,2.9366858352501866
-20.0,175.0,27.0,64.65630023601709,80.30587294309335,0.1,0.04768883663767154,32.77329208380981,18.436220112399898,0.38904623058355553,0.39897424147389204,20.169867758186427,6.79086111189281,2.9729464227902302
-60.0,-165.0,53.0,64.21777565591093,81.64606949468988,0.1,0.047688836637669874,32.77329208380984,18.436219744401907,0.38904623058355553,0.4035863037803756,20.169867758186427,6.864163126416325,2.935754102757105
-60.0,-165.0,59.0,61.49308506320571,78.89636581186043,0.1,0.04768883663766876,32.773292083809864,18.436219258741826,0.38904623058355553,0.392701030522034,20.169867758186427,6.617650837431944,3.0762375674324396
10.0,170.0,27.0,63.41777199083015,82.38723508780777,0.1,0.0476888366376651,32.77329208380993,18.43621935747519,0.38904623058355553,0.4011931392450335,20.169867758186427,6.892872978204873,2.9292793847287246
45.0,155.0,47.0,57.24578144910071,82.09050515926586,0.1,0.04768883663766499,32.77329208380993,18.43621729463442,0.38904623058355553,0.4072924389086767,20.169867758186427,6.732403499159667,3.0952539684839606
15.0,165.0,29.0,62.008666457989726,78.8293898120346,0.1,0.047688836637664656,32.773292083809935,18.43621944937154,0.38904623058355553,0.393786326986942,20.169867758186427,6.62714069947641,3.0693932622645854
-35.0,-180.0,31.0,64.71009338742441,80.96186312795271,0.1,0.047688836637664433,32.773292083809935,18.436220022288225,0.38904623058355553,0.40021751611160383,20.169867758186427,6.83279588995836,2.9499601541232496
15.0,165.0,31.0,60.08144580545891,79.10547123581159,0.1,0.04768883663766099,32.77329208380999,18.43621873201027,0.38904623058355553,0.3940299267388133,20.169867758186427,6.593162901318597,3.0982900233616144
5.0,170.0,33.0,57.12914398842407,81.47885986533727,0.1,0.04768883663766055,32.77329208381,18.436217340144292,0.38904623058355553,0.40777594224878594,20.169867758186427,6.685104287055897,3.1117912171224353
-55.0,-170.0,45.0,64.64087690167466,81.25772585799345,0.1,0.047688836637660215,32.773292083810006,18.436219950571925,0.38904623058355553,0.4013836511494039,20.169867758186427,6.849446205171872,2.9415186973849368
-60.0,-160.0,67.0,57.960523381062465,80.17824641446094,0.1,0.04768883663765766,32.77329208381005,18.436217820984186,0.38904623058355553,0.40113035484421083,20.169867758186427,6.611968576201734,3.118889684927463
-40.0,-175.0,43.0,57.389312118239516,80.79128385292017,0.1,0.04768883663765755,32.773292083810055,18.436217529919745,0.38904623058355553,0.406579401653089,20.169867758186427,6.641536616485725,3.1196900208074285
40.0,160.0,33.0,64.86749584260858,80.78021598225679,0.1,0.04768883663765744,32.773292083810055,18.436220105790635,0.38904623058355553,0.39899946004157705,20.169867758186427,6.825097902708031,2.9540810868148335
-35.0,-180.0,37.0,59.86927948813262,79.13611696313296,0.1,0.047688836637657106,32.77329208381006,18.43621865295211,0.38904623058355553,0.3940685258496185,20.169867758186427,6.589391967803282,3.102196163707606
20.0,165.0,35.0,57.17257725665359,81.15490779602432,0.1,0.04768883663765677,32.77329208381007,18.43621740164622,0.38904623058355553,0.40708999664588436,20.169867758186427,6.662500291949208,3.1177933330615835
20.0,165.0,27.0,64.65630023601709,79.69412705690665,0.1,0.04768883663765666,32.77329208381007,18.436220215662207,0.38904623058355553,0.3979405470867306,20.169867758186427,6.75231797645228,2.9959154772118315
50.0,155.0,47.0,60.29744074016553,83.42217339428514,0.1,0.04768883663765322,32.77329208381013,18.436218150942363,0.38904623058355553,0.4053689720225433,20.169867758186427,6.893240085477236,2.979052814744752
-5.0,170.0,27.0,63.104676194642664,78.8013041303095,0.1,0.047688836637653,32.773292083810134,18.43621983427095,0.38904623058355553,0.3963451950235682,20.169867758186427,6.654750330325676,3.0526702711894416
-50.0,-175.0,41.0,63.981428387230494,79.01763700951217,0.1,0.04768883663764778,32.77329208381022,18.436220099741565,0.38904623058355553,0.39669645886225285,20.169867758186427,6.6919687244769985,3.031486680288742
0.0,170.0,25.0,65.0,80.00000000000001,0.1,0.04768883663764634,32.77329208381024,18.43622028146211,0.38904623058355553,0.39775576737309604,20.169867758186427,6.779732333732124,2.980423515005742
-10.0,175.0,27.0,63.41777199083015,82.61276491219223,0.1,0.04768883663764467,32.773292083810276,18.436219323271818,0.38904623058355553,0.40264290890889565,20.169867758186427,6.906660758543592,2.9242735219202713
50.0,150.0,51.0,57.87005916511753,80.07151782459614,0.1,0.04768883663764445,32.773292083810276,18.436217806109187,0.38904623058355553,0.40143256206042877,20.169867758186424,6.60156442013017,3.124983820872612
-5.0,170.0,29.0,61.11275728550538,78.70877133213398,0.1,0.04768883663764378,32.77329208381029,18.43621915842213,0.38904623058355553,0.39193122367662386,20.169867758186427,6.593956175003404,3.0915519616172937
-55.0,-170.0,51.0,61.408040365118794,78.65864290194696,0.1,0.04768883663764256,32.77329208381031,18.43621926984436,0.38904623058355553,0.3921053677660243,20.169867758186427,6.598709765326221,3.0877796583201964
10.0,170.0,33.0,57.51533753267176,82.94452420306956,0.1,0.04768883663764045,32.77329208381035,18.436217271839425,0.38904623058355553,0.4064290171440563,20.169867758186427,6.799410295639077,3.071998966088881
60.0,140.0,69.0,57.09705954582479,80.7612250175796,0.1,0.047688836637636345,32.77329208381042,18.436217433256406,0.38904623058355553,0.4071203875951792,20.169867758186427,6.631360578201317,3.1303063443462213
30.0,160.0,35.0,59.81016531093494,78.9589109416308,0.1,0.04768883663763601,32.773292083810425,18.436218661909173,0.38904623058355553,0.39389346797342456,20.169867758186427,6.574939606088277,3.110496139284875
50.0,150.0,49.0,59.080700501070346,79.24442994130756,0.1,0.04768883663763579,32.773292083810425,18.436218360041202,0.38904623058355553,0.3971023886520505,20.169867758186427,6.574886019282437,3.118216458151629
50.0,155.0,39.0,65.21975940157732,80.17740501445527,0.1,0.047688836637635346,32.77329208381043,18.43622032661132,0.38904623058355553,0.39750637062822813,20.169867758186427,6.795853740590914,2.971544056501568
5.0,170.0,25.0,65.09666214533082,81.10692919170425,0.1,0.047688836637634124,32.77329208381045,18.43622013018576,0.38904623058355553,0.39859182104532803,20.169867758186427,6.850091350912305,2.940864772146799
-25.0,175.0,29.0,63.76822786259093,78.76252944913932,0.1,0.0476888366376339,32.77329208381046,18.436220070482392,0.38904623058355553,0.3961702858554526,20.169867758186427,6.669686576255652,3.0451452931343175
40.0,160.0,41.0,58.87677908421239,83.51352525297972,0.1,0.04768883663763357,32.77329208381047,18.43621765856281,0.38904623058355553,0.4058276233210496,20.169867758186427,6.8689446422192875,3.0195333625771865
-50.0,-170.0,51.0,57.87005916511753,79.92848217540387,0.1,0.047688836637633125,32.773292083810475,18.436217828430127,0.38904623058355553,0.40133653147775017,20.169867758186427,6.590959900203226,3.1294931645419473
30.0,165.0,33.0,61.52231990576111,83.42464786813177,0.1,0.04768883663763257,32.77329208381048,18.436218564264717,0.38904623058355553,0.4032033915288725,20.169867758186427,6.918531258373684,2.9480087159433315
-25.0,-180.0,31.0,61.96712867160135,83.31529280474193,0.1,0.04768883663763246,32.77329208381048,18.43621872983245,0.38904623058355553,0.40384501631846037,20.16986775818643,6.920656211418713,2.939552912215856
-20.0,175.0,33.0,59.04176760364946,79.21504652086867,0.1,0.047688836637630794,32.77329208381052,18.436218351283877,0.38904623058355553,0.3973649602958697,20.169867758186427,6.571623964061269,3.1203443885442277
60.0,140.0,67.0,57.96052338106245,79.82175358553907,0.1,0.04768883663762957,32.77329208381053,18.4362178766852,0.38904623058355553,0.4011425745653294,20.169867758186427,6.585592265029961,3.130160204767847
-45.0,-170.0,47.0,57.24578144910071,82.90949484073414,0.1,0.04768883663762946,32.77329208381053,18.43621718483722,0.38904623058355553,0.4073758227495587,20.169867758186427,6.790586797760417,3.082013985568753
-50.0,-175.0,39.0,65.21975940157732,79.82259498554473,0.1,0.04768883663762824,32.77329208381055,18.436220386818164,0.38904623058355553,0.39719010525449805,20.169867758186427,6.773818827496321,2.9850165252212504
35.0,160.0,41.0,56.658310202802134,82.10383539528948,0.1,0.047688836637627796,32.77329208381057,18.436217091718273,0.38904623058355553,0.4076242613199574,20.169867758186427,6.718532301596188,3.116051948201449
-5.0,175.0,31.0,59.120911218673044,83.61540615463828,0.1,0.0476888366376258,32.773292083810595,18.436217727658843,0.38904623058355553,0.40578804262455387,20.169867758186427,6.880944590274835,3.0107595750970355
30.0,165.0,31.0,63.23683194302978,82.89442384674601,0.1,0.04768883663762524,32.77329208381061,18.436219219886745,0.38904623058355553,0.4036749452197131,20.169867758186427,6.920166702176325,2.921646118784827
-25.0,-180.0,37.0,56.57425777884592,81.9513904364366,0.1,0.04768883663762391,32.77329208381063,18.43621708368618,0.38904623058355553,0.4077164316731629,20.169867758186427,6.7052622810507865,3.1219416875900508
-40.0,-180.0,35.0,63.364171016670795,78.54303892081509,0.1,0.047688836637623244,32.773292083810645,18.436219969093234,0.38904623058355553,0.3958318403159949,20.169867758186427,6.644386437714707,3.060201698515055
-40.0,-180.0,33.0,64.86749584260855,79.21978401774321,0.1,0.04768883663762258,32.77329208381065,18.43622036969293,0.38904623058355553,0.39712515653308,20.16986775818643,6.727331211430607,3.012890426237528
35.0,160.0,31.0,64.71009338742441,79.03813687204729,0.1,0.047688836637619025,32.773292083810716,18.43622034713562,0.38904623058355553,0.3972962923741763,20.169867758186427,6.711796479636781,3.0222107319712572
-35.0,-175.0,39.0,58.26203042091065,83.51861013636793,0.1,0.04768883663761814,32.77329208381073,18.436217450160377,0.38904623058355553,0.40599212311097455,20.169867758186427,6.855818572663073,3.0393928927386757
30.0,160.0,33.0,61.52231990576111,78.42464786813177,0.1,0.047688836637616805,32.77329208381075,18.436219350047885,0.38904623058355553,0.3911292305221728,20.169867758186424,6.585542596096146,3.095616277788526
-50.0,-170.0,43.0,62.74808292802568,83.20865757783726,0.1,0.047688836637613474,32.773292083810816,18.43621900868942,0.38904623058355553,0.40473943510207505,20.169867758186427,6.929608871148981,2.925025529322743
50.0,150.0,53.0,56.66580625965906,80.90364036133093,0.1,0.0476888366376117,32.773292083810844,18.436217263181025,0.38904623058355553,0.4079750870878675,20.169867758186427,6.630179731062794,3.141626617739964
15.0,165.0,27.0,63.936506259206574,78.55561390879718,0.1,0.04768883663761003,32.773292083810865,18.436220164831063,0.38904623058355553,0.39561828727481885,20.169867758186427,6.660462073652283,3.0521441256163
-45.0,-170.0,45.0,58.60028519008095,83.67505006310476,0.1,0.047688836637609255,32.77329208381088,18.436217544198435,0.38904623058355553,0.40580075772711705,20.169867758186427,6.873695892039661,3.026595077168828
30.0,160.0,37.0,58.10053615412392,79.49749473066635,0.1,0.04768883663760792,32.77329208381091,18.436217977045345,0.38904623058355553,0.39951469757321967,20.169867758186424,6.565483855994448,3.136837341277993
-25.0,175.0,31.0,61.96712867160135,78.31529280474192,0.1,0.0476888366376077,32.77329208381091,18.436219523964148,0.38904623058355553,0.39413373040886385,20.169867758186427,6.590462087768037,3.092301504562608
25.0,165.0,27.0,65.57085882385451,80.79349929779191,0.1,0.047688836637606924,32.77329208381092,18.436220343150353,0.38904623058355553,0.39776661276187386,20.169867758186427,6.841376746274185,2.946291509830368
-5.0,175.0,29.0,61.11275728550538,83.70877133213398,0.1,0.04768883663760515,32.77329208381096,18.436218386815572,0.38904623058355553,0.40490628481675855,20.169867758186427,6.928084005710962,2.954036459697387
-55.0,-165.0,51.0,61.408040365118794,83.65864290194699,0.1,0.04768883663760459,32.773292083810965,18.43621849315317,0.38904623058355553,0.40295021134333764,20.169867758186427,6.930829391851476,2.947442965186965
-55.0,-165.0,59.0,57.18792398340578,80.13445010520736,0.1,0.04768883663760315,32.773292083810986,18.43621755927911,0.38904623058355553,0.4063762340170129,20.169867758186427,6.587071210011401,3.144942444901174
55.0,150.0,45.0,64.64087690167466,78.74227414200656,0.1,0.047688836637600374,32.773292083811036,18.43622037502006,0.38904623058355553,0.3968580168917424,20.169867758186427,6.690988968423457,3.0358014384804983
15.0,165.0,33.0,58.15489465665058,79.38404485336828,0.1,0.04768883663759971,32.77329208381105,18.436218014266693,0.38904623058355553,0.3990967688769437,20.169867758186427,6.558604023541048,3.1391890996409084
60.0,140.0,71.0,56.242000686163394,81.70486600515756,0.1,0.047688836637599374,32.77329208381105,18.436217003554873,0.38904623058355553,0.40801497138108217,20.169867758186427,6.678453569747924,3.13906255239025
-35.0,-175.0,41.0,56.65831020280214,82.8961646047105,0.1,0.0476888366375966,32.7732920838111,18.43621698697483,0.38904623058355553,0.4094830102256709,20.169867758186427,6.7755643336499265,3.103711675230578
-50.0,-175.0,43.0,62.74808292802568,78.20865757783726,0.1,0.0476888366375946,32.773292083811135,18.436219814199422,0.38904623058355553,0.394581872129152,20.16986775818643,6.604961224619458,3.0842435281673866
-5.0,170.0,25.0,65.09666214533082,78.89307080829575,0.1,0.04768883663758949,32.77329208381122,18.436220505357415,0.38904623058355553,0.3957120091364886,20.169867758186424,6.712230317823323,3.024629754635843
50.0,150.0,47.0,60.29744074016553,78.42217339428514,0.1,0.047688836637588494,32.77329208381124,18.436218923135637,0.38904623058355553,0.3912592096233492,20.169867758186427,6.550245179703263,3.1210470936425714
60.0,145.0,65.0,58.832123751119504,83.88635739406122,0.1,0.04768883663758694,32.77329208381126,18.43621759518763,0.38904623058355553,0.4061174645428377,20.169867758186427,6.892634607743605,3.017044889607566
30.0,165.0,35.0,59.81016531093494,83.9589109416308,0.1,0.04768883663758472,32.773292083811306,18.436217914909886,0.38904623058355553,0.40615211858190337,20.169867758186427,6.917656823779055,2.9864682956441895
60.0,140.0,65.0,58.832123751119504,78.88635739406119,0.1,0.0476888366375825,32.77329208381134,18.436218332408156,0.38904623058355553,0.39703576949316355,20.169867758186427,6.541367507402946,3.1384382239284245
45.0,155.0,37.0,64.06853358517971,78.31110378164544,0.1,0.0476888366375815,32.77329208381136,18.436220253587837,0.38904623058355553,0.39464784083066373,20.169867758186427,6.647834177942529,3.06164398877797
25.0,165.0,37.0,56.57425777884592,83.0486095635634,0.1,0.04768883663758128,32.77329208381137,18.436216938935797,0.38904623058355553,0.41064991446256094,20.169867758186427,6.784381718093947,3.1049477901519356
60.0,145.0,53.0,64.21777565591093,78.35393050531016,0.1,0.04768883663758128,32.77329208381137,18.436220297562407,0.38904623058355553,0.3961807218287907,20.169867758186427,6.654631966365697,3.0579439332876643
-25.0,175.0,27.0,65.57085882385451,79.20650070220807,0.1,0.047688836637580945,32.77329208381137,18.436220613276028,0.38904623058355553,0.39422643622352505,20.169867758186424,6.743730186643232,3.006922893774039
55.0,145.0,59.0,57.18792398340578,79.86554989479266,0.1,0.0476888366375805,32.77329208381138,18.436217600836972,0.38904623058355553,0.403666809726634,20.169867758186427,6.5668318117747555,3.1532359774843925
0.0,170.0,33.0,57.00000000000001,80.00000000000001,0.1,0.04768883663757795,32.77329208381142,18.436217514613492,0.38904623058355553,0.4064831893993323,20.169867758186427,6.571592680191608,3.155289062944743
-5.0,175.0,33.0,57.12914398842407,83.52114013466274,0.1,0.04768883663757251,32.77329208381152,18.43621706712563,0.38904623058355553,0.41002502270299673,20.169867758186427,6.830513930082841,3.0790388307550396
-45.0,-170.0,49.0,55.896850394729825,82.13861328941242,0.1,0.047688836637570065,32.773292083811555,18.43621682660476,0.38904623058355553,0.40900868445892746,20.169867758186427,6.701534255069159,3.1442718509217147
-60.0,-160.0,59.0,61.49308506320571,83.89636581186042,0.1,0.0476888366375674,32.773292083811604,18.43621848905594,0.38904623058355553,0.4040818496654797,20.169867758186427,6.947205250711586,2.9424074652621908
30.0,165.0,29.0,64.95353782437894,82.36796357438881,0.1,0.047688836637564624,32.773292083811654,18.43621988001549,0.38904623058355553,0.4037671017134755,20.169867758186427,6.922597819902549,2.9071347259411393
-5.0,170.0,31.0,59.120911218673044,78.6154061546383,0.1,0.047688836637563514,32.77329208381167,18.436218478821417,0.38904623058355553,0.3949456772654924,20.169867758186427,6.529845765936644,3.1414968423794347
55.0,145.0,61.0,56.15091140893839,80.75811925235698,0.1,0.04768883663756229,32.7732920838117,18.436217106355272,0.38904623058355553,0.4086614267484475,20.169867758186424,6.60497178329143,3.1639134817357117
15.0,170.0,31.0,60.08144580545891,84.10547123581162,0.1,0.04768883663756174,32.773292083811704,18.436217986908215,0.38904623058355553,0.4058388771888182,20.169867758186427,6.932469794149194,2.977261705674022
55.0,150.0,57.0,58.2324310376524,83.97774141861447,0.1,0.047688836637561516,32.773292083811704,18.43621738182685,0.38904623058355553,0.4077393576267592,20.169867758186427,6.885916000977289,3.0359904463793934
15.0,170.0,29.0,62.008666457989726,83.82938981203462,0.1,0.04768883663755963,32.77329208381174,18.436218671504097,0.38904623058355553,0.40473456687905357,20.169867758186427,6.953049627116859,2.9312467063834697
55.0,145.0,57.0,58.2324310376524,78.97774141861447,0.1,0.047688836637558185,32.77329208381176,18.436218107597032,0.38904623058355553,0.3989006792958989,20.169867758186427,6.53053149196876,3.1517340333451656
-35.0,-175.0,37.0,59.86927948813262,84.13611696313295,0.1,0.04768883663755796,32.77329208381177,18.4362179116881,0.38904623058355553,0.4062856207909647,20.169867758186427,6.930165542304,2.9830947784208868
30.0,160.0,31.0,63.23683194302978,77.89442384674602,0.1,0.04768883663755086,32.77329208381189,18.436220039647168,0.38904623058355553,0.3940186829846923,20.169867758186427,6.597206815248046,3.091771688026562
-40.0,-180.0,37.0,61.86445201659584,77.86208235776657,0.1,0.047688836637547416,32.773292083811945,18.43621956798683,0.38904623058355553,0.39323478651708854,20.169867758186427,6.555921052194753,3.1147671486734887
40.0,160.0,31.0,66.37419569101857,80.10742194638634,0.1,0.04768883663754642,32.77329208381197,18.436220732094277,0.38904623058355553,0.3959192591277063,20.169867758186427,6.817725974156195,2.9645209672774384
45.0,155.0,49.0,55.896850394729825,82.8613867105876,0.1,0.04768883663754531,32.77329208381199,18.436216732843146,0.38904623058355553,0.412463209639135,20.169867758186427,6.754434075982542,3.1335694685058564
-40.0,-180.0,31.0,66.37419569101857,79.89257805361365,0.1,0.04768883663754442,32.773292083811995,18.436220768924144,0.38904623058355553,0.3954120226150871,20.169867758186427,6.804777629004571,2.972855347396985
10.0,170.0,25.0,65.38580570900656,82.20461975525107,0.1,0.047688836637543974,32.77329208381201,18.436220051597992,0.38904623058355553,0.40194598868727416,20.169867758186427,6.9214955622825505,2.9061134981583385
-20.0,-180.0,33.0,59.04176760364946,84.21504652086867,0.1,0.04768883663754264,32.77329208381203,18.43621762386827,0.38904623058355553,0.40697803931564697,20.169867758186427,6.918443407630985,3.007609251184378
-45.0,-175.0,45.0,58.60028519008097,78.67505006310478,0.1,0.04768883663754231,32.77329208381203,18.436218286582235,0.38904623058355553,0.39694213022628294,20.169867758186427,6.518825068902705,3.1530412367718395
60.0,150.0,51.0,65.1389596103187,82.444194795623,0.1,0.047688836637541976,32.77329208381204,18.436219930663768,0.38904623058355553,0.40364904173333505,20.169867758186427,6.930693357280209,2.9030115710219286
-10.0,175.0,35.0,55.54849290003495,81.8661242832698,0.1,0.047688836637541976,32.77329208381204,18.436216743811237,0.38904623058355553,0.40852234049485936,20.169867758186427,6.672115337690847,3.162794761504686
-15.0,175.0,35.0,56.22906502655191,80.33469668178554,0.1,0.04768883663754142,32.77329208381205,18.436217195933928,0.38904623058355553,0.4078933008287335,20.169867758186427,6.5749542582228555,3.17235543027468
-60.0,-155.0,71.0,56.24200068616341,83.29513399484244,0.1,0.047688836637540755,32.77329208381206,18.436216795475108,0.38904623058355553,0.4136941222155023,20.169867758186427,6.793947606363075,3.114971156235284
-15.0,175.0,25.0,65.86491637122283,81.71603767588888,0.1,0.04768883663754053,32.773292083812066,18.4362202915986,0.38904623058355553,0.3987137421913905,20.169867758186427,6.902416781687172,2.9145431218531006
-20.0,-180.0,35.0,57.17257725665359,83.84509220397567,0.1,0.04768883663753898,32.773292083812095,18.436217041675203,0.38904623058355553,0.4105836271811485,20.169867758186427,6.853784768662619,3.074560461395034
50.0,155.0,49.0,59.080700501070346,84.24442994130756,0.1,0.04768883663753831,32.7732920838121,18.43621763322198,0.38904623058355553,0.40704285150282177,20.169867758186427,6.921140039470821,3.006159322247406
-30.0,-180.0,29.0,64.95353782437897,82.63203642561119,0.1,0.047688836637537535,32.773292083812116,18.436219838956575,0.38904623058355553,0.4041605924658326,20.169867758186427,6.9380970161519775,2.900904959463206
40.0,155.0,41.0,58.87677908421237,78.51352525297972,0.1,0.047688836637536536,32.77329208381214,18.436218410582267,0.38904623058355553,0.3951536584359767,20.169867758186427,6.515048690185419,3.1520482372120346
-60.0,-165.0,61.0,60.59866877052624,77.97260100400338,0.1,0.04768883663753598,32.773292083812144,18.436219106470496,0.38904623058355553,0.3894223226780422,20.169867758186427,6.526699918289019,3.1341842091285583
-40.0,-175.0,35.0,63.364171016670795,83.54303892081509,0.1,0.04768883663753465,32.773292083812166,18.436219167539914,0.38904623058355553,0.40522581914615424,20.169867758186427,6.961561212333336,2.907816757192396
-50.0,-175.0,37.0,66.46280790308923,80.62373279590808,0.1,0.04768883663753454,32.773292083812166,18.436220674577616,0.38904623058355553,0.3966795887361168,20.169867758186427,6.850484853390518,2.944886151789933
50.0,150.0,55.0,55.468236147461184,81.74100102627867,0.1,0.04768883663753387,32.77329208381218,18.43621673316356,0.38904623058355553,0.40838025086250107,20.169867758186427,6.660572316357289,3.168316310902309
60.0,150.0,49.0,66.06619473612463,81.53768787251643,0.1,0.04768883663753365,32.77329208381219,18.43622038862644,0.38904623058355553,0.3992332628528095,20.169867758186427,6.8960398564191685,2.9179874517606197
30.0,160.0,39.0,56.393605176752494,80.04068772644999,0.1,0.04768883663753187,32.773292083812215,18.436217297473515,0.38904623058355553,0.4075007390336413,20.169867758186427,6.55721549781906,3.174957540896045
-60.0,-165.0,51.0,65.1389596103187,82.55580520437702,0.1,0.04768883663753054,32.77329208381224,18.436219913260228,0.38904623058355553,0.4041369776604579,20.169867758186427,6.9372114014149675,2.900360174241257
-20.0,175.0,25.0,66.52985049539745,80.66389962946428,0.1,0.04768883663752743,32.773292083812294,18.436220690552176,0.38904623058355553,0.3963878300416517,20.169867758186427,6.854295934444195,2.943006979979316
40.0,155.0,43.0,57.389312118239516,79.20871614707984,0.1,0.04768883663752688,32.7732920838123,18.4362177751891,0.38904623058355553,0.4006541331431142,20.169867758186427,6.522981029805193,3.1687932595929906
-30.0,-180.0,39.0,56.393605176752494,79.95931227355003,0.1,0.047688836637524434,32.77329208381234,18.436217309903043,0.38904623058355553,0.4073018483467792,20.169867758186427,6.550983769969097,3.177401603352863
-60.0,-155.0,73.0,55.39561688308697,82.34723224319042,0.1,0.047688836637523546,32.77329208381236,18.436216628134883,0.38904623058355553,0.4112539745427498,20.169867758186427,6.704002569553415,3.1608958550186874
50.0,155.0,37.0,66.46280790308923,79.37626720409192,0.1,0.04768883663752321,32.773292083812365,18.43622088857456,0.38904623058355553,0.3948896628280274,20.169867758186427,6.775486880193773,2.9933369214265912
45.0,160.0,37.0,64.06853358517971,83.31110378164544,0.1,0.047688836637521326,32.7732920838124,18.43621943820114,0.38904623058355553,0.40359268979970236,20.169867758186427,6.9610812888282245,2.8997320277008884
-55.0,-170.0,43.0,65.7299238134892,82.11653296562143,0.1,0.047688836637521215,32.7732920838124,18.436220181688533,0.38904623058355553,0.40007554016413666,20.169867758186427,6.923101266043743,2.9047591221952493
-45.0,-175.0,35.0,65.44682653335255,82.43146693083916,0.1,0.047688836637516774,32.77329208381247,18.436220036422988,0.38904623058355553,0.40312587847315695,20.169867758186427,6.935899752086757,2.8997474635602662
20.0,165.0,25.0,66.52985049539745,79.3361003705357,0.1,0.04768883663751622,32.773292083812485,18.436220918457337,0.38904623058355553,0.39496519173590733,20.169867758186427,6.774610248537359,2.9946358346312407
20.0,165.0,37.0,55.30469438374001,81.52843361783691,0.1,0.04768883663751511,32.77329208381251,18.436216705925236,0.38904623058355553,0.4075541151201002,20.169867758186427,6.64007209832979,3.1789976434216594
60.0,140.0,73.0,55.39561688308699,82.65276775680958,0.1,0.047688836637514,32.77329208381252,18.436216589006044,0.38904623058355553,0.4126601970873428,20.169867758186427,6.726607746386387,3.1565256443812393
-10.0,170.0,27.0,63.41777199083015,77.61276491219223,0.1,0.04768883663751078,32.77329208381258,18.43622015299009,0.38904623058355553,0.3930910343134318,20.169867758186427,6.583199329564749,3.10295553633914
-5.0,175.0,27.0,63.104676194642664,83.8013041303095,0.1,0.04768883663751067,32.773292083812585,18.436219043319344,0.38904623058355553,0.40590083058492643,20.169867758186427,6.97202829109714,2.9088017178481627
-45.0,-170.0,43.0,59.96008285188907,84.4355250579797,0.1,0.047688836637508225,32.77329208381262,18.43621790358115,0.38904623058355553,0.4068222116039954,20.169867758186427,6.9508919942558425,2.978074503727926
-60.0,-160.0,69.0,57.09705954582479,79.2387749824204,0.1,0.04768883663750734,32.773292083812635,18.43621766821789,0.38904623058355553,0.4022735581224316,20.169867758186427,6.516570664425291,3.1770981003873717
-35.0,-180.0,29.0,66.32937684383651,81.56244590702546,0.1,0.047688836637507115,32.77329208381264,18.43622047352053,0.38904623058355553,0.3985419635717997,20.169867758186427,6.902786757986878,2.915049816474707
40.0,155.0,39.0,60.36857445610839,77.82334973132309,0.1,0.04768883663750545,32.77329208381267,18.436219052164578,0.38904623058355553,0.3889066826606814,20.169867758186427,6.50904877053691,3.145896440774437
60.0,150.0,53.0,64.21777565591093,83.35393050531016,0.1,0.04768883663750412,32.77329208381269,18.436219481966987,0.38904623058355553,0.40361415938803835,20.169867758186427,6.9663655797654584,2.8966201163260035
50.0,150.0,45.0,61.51999501310061,77.60454512539657,0.1,0.047688836637504006,32.7732920838127,18.436219493619426,0.38904623058355553,0.39198853902883934,20.169867758186427,6.527687476752308,3.1331025890736113
-25.0,175.0,33.0,60.16768309775288,77.86453413525105,0.1,0.047688836637504006,32.7732920838127,18.43621897458434,0.38904623058355553,0.38964129476145654,20.169867758186427,6.506004530577881,3.148442729795867
45.0,160.0,35.0,65.44682653335255,82.56853306916084,0.1,0.0476888366375019,32.773292083812734,18.436220014949168,0.38904623058355553,0.40407454292963796,20.169867758186427,6.943837785266399,2.8964542190807436
10.0,170.0,35.0,55.548492900034965,83.13387571673022,0.1,0.04768883663750112,32.77329208381274,18.436216580816055,0.38904623058355553,0.4147708129027158,20.169867758186427,6.76558777998572,3.14447162925107
40.0,160.0,43.0,57.389312118239516,84.20871614707983,0.1,0.047688836637500676,32.77329208381275,18.436217070364254,0.38904623058355553,0.41198288872681726,20.169867758186427,6.8832232135605445,3.0640778423662782
5.0,170.0,35.0,55.13746180130842,81.57409760822986,0.1,0.0476888366374999,32.77329208381276,18.436216642304714,0.38904623058355553,0.4083070598928343,20.169867758186427,6.638977353507088,3.184855115777105
55.0,145.0,63.0,55.12168638286944,81.65559934131278,0.1,0.0476888366374999,32.77329208381276,18.436216625871026,0.38904623058355553,0.40867373580678684,20.169867758186427,6.644746908598507,3.183924188883301
15.0,170.0,33.0,58.15489465665058,84.38404485336828,0.1,0.047688836637499565,32.77329208381277,18.43621730567727,0.38904623058355553,0.41029861148031394,20.169867758186427,6.9111379183106845,3.035848523282274
-35.0,-180.0,39.0,58.26203042091065,78.51861013636794,0.1,0.04768883663749934,32.77329208381278,18.436218194364763,0.38904623058355553,0.39836588402990425,20.169867758186424,6.496941223729651,3.168737433880552
-55.0,-170.0,53.0,60.34277369978176,77.78420102161755,0.1,0.047688836637498566,32.77329208381279,18.43621905002363,0.38904623058355553,0.3888790330717669,20.169867758186427,6.5054312900128,3.1482498705285384
60.0,140.0,63.0,59.71159389643603,77.95493919866179,0.1,0.047688836637498344,32.77329208381279,18.436218798991312,0.38904623058355553,0.3918375469517891,20.169867758186427,6.498860235178812,3.1548722274521217
-60.0,-170.0,49.0,66.06619473612463,78.46231212748357,0.1,0.047688836637498344,32.77329208381279,18.436220914242114,0.38904623058355553,0.39354962867584764,20.169867758186427,6.709355896582969,3.036368755688338
55.0,145.0,55.0,59.2841429932345,78.09454219220167,0.1,0.04768883663749812,32.7732920838128,18.43621862494503,0.38904623058355553,0.39310330479007827,20.169867758186427,6.496220895596249,3.159154325538617
10.0,165.0,29.0,61.45000084615948,77.57133825213921,0.1,0.04768883663749757,32.773292083812805,18.436219475101332,0.38904623058355553,0.39181084242705977,20.16986775818643,6.523255822331557,3.135976644189932
15.0,165.0,25.0,65.86491637122283,78.2839623241111,0.1,0.0476888366374959,32.773292083812834,18.436220877095643,0.38904623058355553,0.393322840428414,20.169867758186424,6.693031386192109,3.0460969080792757
15.0,170.0,27.0,63.936506259206574,83.5556139087972,0.1,0.0476888366374949,32.773292083812855,18.43621935781715,0.38904623058355553,0.40410573547915324,20.169867758186427,6.972940590528356,2.8976803035471295
-35.0,-175.0,43.0,55.058337860052866,82.26848572447706,0.1,0.0476888366374939,32.77329208381287,18.436216523336338,0.38904623058355553,0.4114797150912036,20.169867758186427,6.689323207373963,3.1759894247448432
-40.0,-175.0,45.0,55.90642558533983,80.09080143231981,0.1,0.047688836637491794,32.773292083812905,18.436217120522862,0.38904623058355553,0.408141800081018,20.169867758186427,6.546891822433176,3.191085989548124
45.0,160.0,39.0,62.694472442704566,84.05779241789074,0.1,0.04768883663749102,32.77329208381292,18.436218869686424,0.38904623058355553,0.4063895465739461,20.16986775818643,6.979663692180676,2.913622171779888
0.0,170.0,23.0,67.0,80.00000000000001,0.1,0.047688836637488685,32.77329208381296,18.43622096322204,0.38904623058355553,0.393092763372599,20.169867758186427,6.8252046466977765,2.9649916959493834
-50.0,-165.0,55.0,55.468236147461184,83.25899897372136,0.1,0.04768883663748569,32.77329208381301,18.436216538402775,0.38904623058355553,0.4150268372707154,20.169867758186427,6.77267829816925,3.146501929273341
-60.0,-155.0,69.0,57.09705954582479,84.2387749824204,0.1,0.04768883663748347,32.77329208381305,18.43621696882079,0.38904623058355553,0.4127484025160931,20.169867758186427,6.8789070736021145,3.0747396291381572
60.0,150.0,47.0,66.99922819578929,80.63429466141966,0.1,0.047688836637482024,32.773292083813075,18.436220854596264,0.38904623058355553,0.39297257615523784,20.169867758186427,6.862512509555578,2.941197401280923
-10.0,175.0,25.0,65.38580570900653,82.79538024474894,0.1,0.04768883663748136,32.77329208381308,18.436219959131805,0.38904623058355553,0.4041225975518292,20.169867758186427,6.955764516067468,2.8919522277557985
-50.0,-165.0,53.0,56.66580625965906,84.0963596386691,0.1,0.04768883663748125,32.77329208381308,18.436216841146816,0.38904623058355553,0.41443159329463397,20.169867758186427,6.859692977601386,3.0919736334292405
35.0,160.0,43.0,55.058337860052866,82.73151427552293,0.1,0.04768883663748036,32.773292083813104,18.436216464561987,0.38904623058355553,0.412916841197195,20.169867758186427,6.723825695807482,3.1695239294377124
15.0,165.0,35.0,56.22906502655189,79.66530331821444,0.1,0.04768883663748036,32.773292083813104,18.43621729792225,0.38904623058355553,0.4071700450432319,20.169867758186427,6.523513167446468,3.1923450442392016
30.0,165.0,37.0,58.10053615412394,84.49749473066635,0.1,0.04768883663747969,32.77329208381311,18.43621727376042,0.38904623058355553,0.41081190044917754,20.16986775818643,6.917455086670482,3.0371396881699764
10.0,165.0,27.0,63.41777199083015,77.38723508780775,0.1,0.04768883663747858,32.77329208381313,18.436220193791783,0.38904623058355553,0.39273586417199013,20.169867758186427,6.567884108875305,3.1141528804973055
35.0,160.0,29.0,66.32937684383651,78.43755409297454,0.1,0.04768883663747803,32.773292083813146,18.43622100880461,0.38904623058355553,0.3933499324556798,20.169867758186427,6.7144021271664664,3.0358978712207567
-60.0,-170.0,47.0,66.99922819578929,79.36570533858036,0.1,0.04768883663747647,32.77329208381317,18.436221073191373,0.38904623058355553,0.3929925725222339,20.169867758186427,6.787315826660471,2.990923249220541
-10.0,170.0,29.0,61.45000084615948,77.42866174786077,0.1,0.04768883663747492,32.773292083813196,18.43621950066341,0.38904623058355553,0.39171787403213937,20.169867758186427,6.513113320943614,3.142857613027956
40.0,155.0,45.0,55.90642558533983,79.90919856768019,0.1,0.04768883663747481,32.773292083813196,18.4362171480551,0.38904623058355553,0.4081130252551585,20.169867758186427,6.532838938747591,3.196449111246286
-25.0,-180.0,29.0,63.76822786259093,83.76252944913932,0.1,0.04768883663747436,32.7732920838132,18.436219271272275,0.38904623058355553,0.4050448938560099,20.169867758186427,6.98193165626492,2.8972831429665242
-10.0,170.0,25.0,65.38580570900653,77.79538024474894,0.1,0.047688836637472254,32.77329208381324,18.43622080036796,0.38904623058355553,0.39302557429093843,20.169867758186427,6.649336621400277,3.073301869000587
-30.0,175.0,29.0,64.95353782437894,77.63203642561118,0.1,0.04768883663747203,32.773292083813246,18.4362206809908,0.38904623058355553,0.39337818867616303,20.169867758186427,6.627096756200598,3.085076229017341
-50.0,-175.0,45.0,61.51999501310061,77.39545487460344,0.1,0.04768883663747081,32.77329208381327,18.43621953109429,0.38904623058355553,0.3920214128786302,20.169867758186424,6.512847657504474,3.1431977776875706
-20.0,-180.0,31.0,60.9121757043289,84.58167216549109,0.1,0.04768883663746626,32.773292083813345,18.43621820300101,0.38904623058355553,0.4058754458912143,20.169867758186427,6.978153987486563,2.9505684908475796
55.0,150.0,43.0,65.7299238134892,77.88346703437857,0.1,0.04768883663746393,32.77329208381338,18.43622090280157,0.38904623058355553,0.3923264071539325,20.169867758186427,6.66409211642281,3.0663740244064486
-20.0,175.0,35.0,57.17257725665358,78.84509220397567,0.1,0.04768883663746315,32.773292083813395,18.43621775847365,0.38904623058355553,0.4002499811078244,20.169867758186427,6.48869279956804,3.1889104759031506
-25.0,-180.0,39.0,54.780540222435256,81.4884567277126,0.1,0.047688836637461374,32.77329208381343,18.43621653142458,0.38904623058355553,0.40937575761448464,20.169867758186427,6.622603988522142,3.2012370597625814
5.0,170.0,23.0,67.08870951271555,81.01586437827947,0.1,0.047688836637459375,32.773292083813466,18.4362208205549,0.38904623058355553,0.3937699282691599,20.169867758186427,6.886518832267998,2.927428367892078
10.0,165.0,31.0,59.48251490502291,77.7570572527993,0.1,0.04768883663745538,32.77329208381353,18.436218753255833,0.38904623058355553,0.3915839882536267,20.169867758186427,6.477275096387922,3.1692331122912276
-20.0,-180.0,37.0,55.30469438374001,83.47156638216309,0.1,0.04768883663745482,32.77329208381354,18.436216457689298,0.38904623058355553,0.41452187314488953,20.169867758186427,6.784049506601909,3.151401500129749
-60.0,-170.0,51.0,65.1389596103187,77.555805204377,0.1,0.0476888366374546,32.773292083813544,18.436220758795045,0.38904623058355553,0.39308444677031124,20.169867758186427,6.6271671923140785,3.087289252173592
-50.0,-170.0,53.0,56.66580625965906,79.09635963866907,0.1,0.04768883663745305,32.77329208381357,18.43621754032684,0.38904623058355553,0.4023713235702603,20.169867758186427,6.49264200010803,3.1963691900047038
-5.0,170.0,23.0,67.08870951271555,78.98413562172054,0.1,0.04768883663745238,32.77329208381359,18.436221170871484,0.38904623058355553,0.3917106182391154,20.169867758186427,6.766398945148822,3.007139235371408
